[2026-10-05 09:19:19] [INFO] [telegram_bot:84] - Telegram Notifier siap dalam mode Live.
[2026-10-05 09:19:19] [INFO] [main:291] - Git Auto-Puller aktif: memeriksa commit origin/main tiap 5 menit.
[2026-10-05 09:19:19] [INFO] [main:294] - BackgroundScheduler aktif (interval: 15m, news: 1m, MT5 watcher: 15s LIVE, git auto-pull: 5m).
[2026-10-05 09:19:19] [INFO] [economic_calendar:123] - Berhasil mengunduh 79 event dari Forex Factory.
[2026-10-05 09:19:19] [INFO] [economic_calendar:305] - Kalender ekonomi berhasil disinkronisasi: 10 event tersimpan.
[2026-10-05 09:19:19] [INFO] [scheduler:174] - === Memulai Siklus Pipeline Analisis Saham & Komoditas ===
[2026-10-05 09:19:19] [INFO] [telegram_bot:84] - Telegram Notifier siap dalam mode Live.
[2026-10-05 09:19:19] [INFO] [mt5_bridge:91] - MT5Bridge diinisialisasi. Enabled: True, Hours: all, Platform: win32, Lib Available: True
[2026-10-05 09:19:19] [INFO] [main:318] - Telegram Bot Polling listener berjalan di main thread...
[2026-10-05 09:19:19] [INFO] [mt5_bridge:106] - Ditemukan instalasi terminal MT5 di: C:\Program Files\MetaTrader 5\terminal64.exe
[2026-10-05 09:19:26] [INFO] [mt5_bridge:508] - Koneksi MT5 aktif! Akun #114202389 (HFMarketsGlobal-Live7 - Real | Cent (USC)) | Saldo: 58.87 USC (~ $0.59 USD)
[2026-10-05 09:19:26] [INFO] [scheduler:182] - Status Pasar: IDX=BUKA | GOLD=BUKA
[2026-10-05 09:19:26] [INFO] [scheduler:203] - Mode Trading: INTRADAY (Interval: 15m, Watchlist: 28)
[2026-10-05 09:19:26] [INFO] [scheduler:238] - Memproses XAUUSD...
[2026-10-05 09:19:26] [INFO] [telegram_bot:84] - Telegram Notifier siap dalam mode Live.
[2026-10-05 09:19:27] [INFO] [fetcher:179] - Sukses mengambil 100 bar Spot Gold langsung dari terminal MT5 (XAUUSDc).
[2026-10-05 09:19:27] [INFO] [storage:329] - Berhasil menyimpan 100 baris data OHLCV untuk XAUUSD (15m).
[2026-10-05 09:19:27] [INFO] [storage:608] - 🎯 Sinyal #621 SELL XAUUSD terselesaikan: WIN @ 4135.25 (PnL: +0.29%) pada 2026-10-05 05:00:00
[2026-10-05 09:19:27] [INFO] [storage:608] - 🎯 Sinyal #622 SELL XAUUSD terselesaikan: LOSE @ 4155.67 (PnL: -0.25%) pada 2026-10-05 07:15:00
[2026-10-05 09:19:27] [INFO] [storage:608] - 🎯 Sinyal #623 SELL XAUUSD terselesaikan: LOSE @ 4158.46 (PnL: -0.25%) pada 2026-10-05 08:00:00
[2026-10-05 09:19:27] [INFO] [storage:608] - 🎯 Sinyal #624 SELL XAUUSD terselesaikan: LOSE @ 4153.0 (PnL: -0.25%) pada 2026-10-05 07:00:00
[2026-10-05 09:19:27] [INFO] [storage:608] - 🎯 Sinyal #625 SELL XAUUSD terselesaikan: WIN @ 4133.91 (PnL: +0.29%) pada 2026-10-05 05:00:00
[2026-10-05 09:19:27] [INFO] [storage:608] - 🎯 Sinyal #626 SELL XAUUSD terselesaikan: LOSE @ 4152.89 (PnL: -0.25%) pada 2026-10-05 07:00:00
[2026-10-05 09:19:27] [INFO] [storage:608] - 🎯 Sinyal #627 SELL XAUUSD terselesaikan: LOSE @ 4152.12 (PnL: -0.25%) pada 2026-10-05 07:00:00
[2026-10-05 09:19:27] [INFO] [storage:608] - 🎯 Sinyal #628 SELL XAUUSD terselesaikan: LOSE @ 4147.38 (PnL: -0.24%) pada 2026-10-05 05:45:00
[2026-10-05 09:19:27] [INFO] [scheduler:262] - 🎯 Laporan TP/SL: XAUUSD SELL -> WIN (+0.29%)
[2026-10-05 09:19:27] [INFO] [scheduler:262] - 🎯 Laporan TP/SL: XAUUSD SELL -> LOSE (-0.25%)
[2026-10-05 09:19:27] [INFO] [scheduler:262] - 🎯 Laporan TP/SL: XAUUSD SELL -> LOSE (-0.25%)
[2026-10-05 09:19:27] [INFO] [scheduler:262] - 🎯 Laporan TP/SL: XAUUSD SELL -> LOSE (-0.25%)
[2026-10-05 09:19:27] [INFO] [scheduler:262] - 🎯 Laporan TP/SL: XAUUSD SELL -> WIN (+0.29%)
[2026-10-05 09:19:27] [INFO] [scheduler:262] - 🎯 Laporan TP/SL: XAUUSD SELL -> LOSE (-0.25%)
[2026-10-05 09:19:27] [INFO] [scheduler:262] - 🎯 Laporan TP/SL: XAUUSD SELL -> LOSE (-0.25%)
[2026-10-05 09:19:27] [INFO] [scheduler:262] - 🎯 Laporan TP/SL: XAUUSD SELL -> LOSE (-0.24%)
[2026-10-05 09:19:27] [INFO] [scheduler:238] - Memproses BBCA.JK...
[2026-10-05 09:19:27] [INFO] [fetcher:249] - Mengambil data BBCA.JK (interval=15m, period=60d, start=None, end=None) - Percobaan 1/3
[2026-10-05 09:19:28] [INFO] [fetcher:268] - Sukses mengambil 1264 bar data untuk BBCA.JK (2026-07-14 s/d 2026-10-05 09:00)
[2026-10-05 09:19:28] [INFO] [storage:329] - Berhasil menyimpan 1264 baris data OHLCV untuk BBCA.JK (15m).
[2026-10-05 09:19:29] [INFO] [scheduler:238] - Memproses BBRI.JK...
[2026-10-05 09:19:29] [INFO] [fetcher:249] - Mengambil data BBRI.JK (interval=15m, period=60d, start=None, end=None) - Percobaan 1/3
[2026-10-05 09:19:29] [INFO] [fetcher:268] - Sukses mengambil 1264 bar data untuk BBRI.JK (2026-07-14 s/d 2026-10-05 09:00)
[2026-10-05 09:19:29] [INFO] [storage:329] - Berhasil menyimpan 1264 baris data OHLCV untuk BBRI.JK (15m).
[2026-10-05 09:19:31] [INFO] [scheduler:238] - Memproses BMRI.JK...
[2026-10-05 09:19:31] [INFO] [fetcher:249] - Mengambil data BMRI.JK (interval=15m, period=60d, start=None, end=None) - Percobaan 1/3
[2026-10-05 09:19:31] [INFO] [fetcher:268] - Sukses mengambil 1264 bar data untuk BMRI.JK (2026-07-14 s/d 2026-10-05 09:00)
[2026-10-05 09:19:31] [INFO] [storage:329] - Berhasil menyimpan 1264 baris data OHLCV untuk BMRI.JK (15m).
[2026-10-05 09:19:33] [INFO] [scheduler:238] - Memproses BBNI.JK...
[2026-10-05 09:19:33] [INFO] [fetcher:249] - Mengambil data BBNI.JK (interval=15m, period=60d, start=None, end=None) - Percobaan 1/3
[2026-10-05 09:19:33] [INFO] [fetcher:268] - Sukses mengambil 1264 bar data untuk BBNI.JK (2026-07-14 s/d 2026-10-05 09:00)
[2026-10-05 09:19:33] [INFO] [storage:329] - Berhasil menyimpan 1264 baris data OHLCV untuk BBNI.JK (15m).
[2026-10-05 09:19:34] [INFO] [scheduler:238] - Memproses BRIS.JK...
[2026-10-05 09:19:34] [INFO] [fetcher:249] - Mengambil data BRIS.JK (interval=15m, period=60d, start=None, end=None) - Percobaan 1/3
[2026-10-05 09:19:34] [INFO] [fetcher:268] - Sukses mengambil 1264 bar data untuk BRIS.JK (2026-07-14 s/d 2026-10-05 09:00)
[2026-10-05 09:19:34] [INFO] [storage:329] - Berhasil menyimpan 1264 baris data OHLCV untuk BRIS.JK (15m).
[2026-10-05 09:19:35] [INFO] [scheduler:238] - Memproses ASII.JK...
[2026-10-05 09:19:35] [INFO] [fetcher:249] - Mengambil data ASII.JK (interval=15m, period=60d, start=None, end=None) - Percobaan 1/3
[2026-10-05 09:19:36] [INFO] [fetcher:268] - Sukses mengambil 1264 bar data untuk ASII.JK (2026-07-14 s/d 2026-10-05 09:00)
[2026-10-05 09:19:36] [INFO] [storage:329] - Berhasil menyimpan 1264 baris data OHLCV untuk ASII.JK (15m).
[2026-10-05 09:19:37] [INFO] [scheduler:238] - Memproses TLKM.JK...
[2026-10-05 09:19:37] [INFO] [fetcher:249] - Mengambil data TLKM.JK (interval=15m, period=60d, start=None, end=None) - Percobaan 1/3
[2026-10-05 09:19:37] [INFO] [fetcher:268] - Sukses mengambil 1264 bar data untuk TLKM.JK (2026-07-14 s/d 2026-10-05 09:00)
[2026-10-05 09:19:37] [INFO] [storage:329] - Berhasil menyimpan 1264 baris data OHLCV untuk TLKM.JK (15m).
[2026-10-05 09:19:38] [INFO] [scheduler:238] - Memproses ADRO.JK...
[2026-10-05 09:19:38] [INFO] [fetcher:249] - Mengambil data ADRO.JK (interval=15m, period=60d, start=None, end=None) - Percobaan 1/3
[2026-10-05 09:19:38] [INFO] [fetcher:268] - Sukses mengambil 1264 bar data untuk ADRO.JK (2026-07-14 s/d 2026-10-05 09:00)
[2026-10-05 09:19:38] [INFO] [storage:329] - Berhasil menyimpan 1264 baris data OHLCV untuk ADRO.JK (15m).
[2026-10-05 09:19:39] [INFO] [scheduler:238] - Memproses MEDC.JK...
[2026-10-05 09:19:39] [INFO] [fetcher:249] - Mengambil data MEDC.JK (interval=15m, period=60d, start=None, end=None) - Percobaan 1/3
[2026-10-05 09:19:39] [INFO] [fetcher:268] - Sukses mengambil 1264 bar data untuk MEDC.JK (2026-07-14 s/d 2026-10-05 09:00)
[2026-10-05 09:19:39] [INFO] [storage:329] - Berhasil menyimpan 1264 baris data OHLCV untuk MEDC.JK (15m).
[2026-10-05 09:19:42] [INFO] [scheduler:238] - Memproses PTBA.JK...
[2026-10-05 09:19:42] [INFO] [fetcher:249] - Mengambil data PTBA.JK (interval=15m, period=60d, start=None, end=None) - Percobaan 1/3
[2026-10-05 09:19:43] [INFO] [fetcher:268] - Sukses mengambil 1264 bar data untuk PTBA.JK (2026-07-14 s/d 2026-10-05 09:00)
[2026-10-05 09:19:43] [INFO] [storage:329] - Berhasil menyimpan 1264 baris data OHLCV untuk PTBA.JK (15m).
[2026-10-05 09:19:44] [INFO] [scheduler:238] - Memproses AKRA.JK...
[2026-10-05 09:19:44] [INFO] [fetcher:249] - Mengambil data AKRA.JK (interval=15m, period=60d, start=None, end=None) - Percobaan 1/3
[2026-10-05 09:19:44] [INFO] [fetcher:268] - Sukses mengambil 1264 bar data untuk AKRA.JK (2026-07-14 s/d 2026-10-05 09:00)
[2026-10-05 09:19:44] [INFO] [storage:329] - Berhasil menyimpan 1264 baris data OHLCV untuk AKRA.JK (15m).
[2026-10-05 09:19:46] [INFO] [scheduler:238] - Memproses PGAS.JK...
[2026-10-05 09:19:46] [INFO] [fetcher:249] - Mengambil data PGAS.JK (interval=15m, period=60d, start=None, end=None) - Percobaan 1/3
[2026-10-05 09:19:46] [INFO] [fetcher:268] - Sukses mengambil 1264 bar data untuk PGAS.JK (2026-07-14 s/d 2026-10-05 09:00)
[2026-10-05 09:19:46] [INFO] [storage:329] - Berhasil menyimpan 1264 baris data OHLCV untuk PGAS.JK (15m).
[2026-10-05 09:19:49] [INFO] [scheduler:238] - Memproses ANTM.JK...
[2026-10-05 09:19:49] [INFO] [fetcher:249] - Mengambil data ANTM.JK (interval=15m, period=60d, start=None, end=None) - Percobaan 1/3
[2026-10-05 09:19:49] [INFO] [fetcher:268] - Sukses mengambil 1264 bar data untuk ANTM.JK (2026-07-14 s/d 2026-10-05 09:00)
[2026-10-05 09:19:49] [INFO] [storage:329] - Berhasil menyimpan 1264 baris data OHLCV untuk ANTM.JK (15m).
[2026-10-05 09:19:55] [INFO] [scheduler:238] - Memproses MDKA.JK...
[2026-10-05 09:19:55] [INFO] [fetcher:249] - Mengambil data MDKA.JK (interval=15m, period=60d, start=None, end=None) - Percobaan 1/3
[2026-10-05 09:19:55] [INFO] [fetcher:268] - Sukses mengambil 1264 bar data untuk MDKA.JK (2026-07-14 s/d 2026-10-05 09:00)
[2026-10-05 09:19:56] [INFO] [storage:329] - Berhasil menyimpan 1264 baris data OHLCV untuk MDKA.JK (15m).
[2026-10-05 09:19:58] [INFO] [scheduler:442] - Sinyal BUY untuk MDKA.JK tidak dinotifikasikan (Candle kedaluwarsa/telat (19m lalu > batas 16m)).
[2026-10-05 09:19:58] [INFO] [scheduler:238] - Memproses INCO.JK...
[2026-10-05 09:19:58] [INFO] [fetcher:249] - Mengambil data INCO.JK (interval=15m, period=60d, start=None, end=None) - Percobaan 1/3
[2026-10-05 09:19:58] [INFO] [fetcher:268] - Sukses mengambil 1264 bar data untuk INCO.JK (2026-07-14 s/d 2026-10-05 09:00)
[2026-10-05 09:19:58] [INFO] [storage:329] - Berhasil menyimpan 1264 baris data OHLCV untuk INCO.JK (15m).
[2026-10-05 09:20:00] [INFO] [scheduler:442] - Sinyal BUY untuk INCO.JK tidak dinotifikasikan (Candle kedaluwarsa/telat (20m lalu > batas 16m)).
[2026-10-05 09:20:00] [INFO] [scheduler:238] - Memproses TINS.JK...
[2026-10-05 09:20:00] [INFO] [fetcher:249] - Mengambil data TINS.JK (interval=15m, period=60d, start=None, end=None) - Percobaan 1/3
[2026-10-05 09:20:00] [INFO] [fetcher:268] - Sukses mengambil 1264 bar data untuk TINS.JK (2026-07-14 s/d 2026-10-05 09:00)
[2026-10-05 09:20:00] [INFO] [storage:329] - Berhasil menyimpan 1264 baris data OHLCV untuk TINS.JK (15m).
[2026-10-05 09:20:03] [INFO] [scheduler:238] - Memproses BRMS.JK...
[2026-10-05 09:20:03] [INFO] [fetcher:249] - Mengambil data BRMS.JK (interval=15m, period=60d, start=None, end=None) - Percobaan 1/3
[2026-10-05 09:20:04] [INFO] [fetcher:268] - Sukses mengambil 1264 bar data untuk BRMS.JK (2026-07-14 s/d 2026-10-05 09:00)
[2026-10-05 09:20:04] [INFO] [storage:329] - Berhasil menyimpan 1264 baris data OHLCV untuk BRMS.JK (15m).
[2026-10-05 09:20:07] [INFO] [scheduler:238] - Memproses BREN.JK...
[2026-10-05 09:20:07] [INFO] [fetcher:249] - Mengambil data BREN.JK (interval=15m, period=60d, start=None, end=None) - Percobaan 1/3
[2026-10-05 09:20:08] [INFO] [fetcher:268] - Sukses mengambil 1264 bar data untuk BREN.JK (2026-07-14 s/d 2026-10-05 09:00)
[2026-10-05 09:20:08] [INFO] [storage:329] - Berhasil menyimpan 1264 baris data OHLCV untuk BREN.JK (15m).
[2026-10-05 09:20:10] [INFO] [scheduler:238] - Memproses BRPT.JK...
[2026-10-05 09:20:10] [INFO] [fetcher:249] - Mengambil data BRPT.JK (interval=15m, period=60d, start=None, end=None) - Percobaan 1/3
[2026-10-05 09:20:10] [INFO] [fetcher:268] - Sukses mengambil 1264 bar data untuk BRPT.JK (2026-07-14 s/d 2026-10-05 09:00)
[2026-10-05 09:20:10] [INFO] [storage:329] - Berhasil menyimpan 1264 baris data OHLCV untuk BRPT.JK (15m).
[2026-10-05 09:20:14] [INFO] [scheduler:238] - Memproses AMMN.JK...
[2026-10-05 09:20:14] [INFO] [fetcher:249] - Mengambil data AMMN.JK (interval=15m, period=60d, start=None, end=None) - Percobaan 1/3
[2026-10-05 09:20:14] [INFO] [fetcher:268] - Sukses mengambil 1265 bar data untuk AMMN.JK (2026-07-14 s/d 2026-10-05 09:00)
[2026-10-05 09:20:14] [INFO] [storage:329] - Berhasil menyimpan 1265 baris data OHLCV untuk AMMN.JK (15m).
[2026-10-05 09:20:18] [INFO] [scheduler:238] - Memproses CUAN.JK...
[2026-10-05 09:20:18] [INFO] [fetcher:249] - Mengambil data CUAN.JK (interval=15m, period=60d, start=None, end=None) - Percobaan 1/3
[2026-10-05 09:20:18] [INFO] [fetcher:268] - Sukses mengambil 1264 bar data untuk CUAN.JK (2026-07-14 s/d 2026-10-05 09:00)
[2026-10-05 09:20:18] [INFO] [storage:329] - Berhasil menyimpan 1264 baris data OHLCV untuk CUAN.JK (15m).
[2026-10-05 09:20:20] [INFO] [fetcher:179] - Sukses mengambil 100 bar Spot Gold langsung dari terminal MT5 (XAUUSDc).
[2026-10-05 09:20:20] [INFO] [storage:329] - Berhasil menyimpan 100 baris data OHLCV untuk XAUUSD (15m).
[2026-10-05 09:20:23] [INFO] [scheduler:238] - Memproses ICBP.JK...
[2026-10-05 09:20:23] [INFO] [fetcher:249] - Mengambil data ICBP.JK (interval=15m, period=60d, start=None, end=None) - Percobaan 1/3
[2026-10-05 09:20:24] [INFO] [fetcher:268] - Sukses mengambil 1264 bar data untuk ICBP.JK (2026-07-14 s/d 2026-10-05 09:00)
[2026-10-05 09:20:24] [INFO] [storage:329] - Berhasil menyimpan 1264 baris data OHLCV untuk ICBP.JK (15m).
[2026-10-05 09:20:29] [INFO] [scheduler:442] - Sinyal BUY untuk ICBP.JK tidak dinotifikasikan (Candle kedaluwarsa/telat (20m lalu > batas 16m)).
[2026-10-05 09:20:29] [INFO] [scheduler:238] - Memproses AMRT.JK...
[2026-10-05 09:20:29] [INFO] [fetcher:249] - Mengambil data AMRT.JK (interval=15m, period=60d, start=None, end=None) - Percobaan 1/3
[2026-10-05 09:20:29] [INFO] [fetcher:268] - Sukses mengambil 1264 bar data untuk AMRT.JK (2026-07-14 s/d 2026-10-05 09:00)
[2026-10-05 09:20:29] [INFO] [storage:329] - Berhasil menyimpan 1264 baris data OHLCV untuk AMRT.JK (15m).
[2026-10-05 09:20:33] [INFO] [scheduler:238] - Memproses MYOR.JK...
[2026-10-05 09:20:33] [INFO] [fetcher:249] - Mengambil data MYOR.JK (interval=15m, period=60d, start=None, end=None) - Percobaan 1/3
[2026-10-05 09:20:33] [INFO] [fetcher:268] - Sukses mengambil 1264 bar data untuk MYOR.JK (2026-07-14 s/d 2026-10-05 09:00)
[2026-10-05 09:20:33] [INFO] [storage:329] - Berhasil menyimpan 1264 baris data OHLCV untuk MYOR.JK (15m).
[2026-10-05 09:20:37] [INFO] [scheduler:238] - Memproses ACES.JK...
[2026-10-05 09:20:37] [INFO] [fetcher:249] - Mengambil data ACES.JK (interval=15m, period=60d, start=None, end=None) - Percobaan 1/3
[2026-10-05 09:20:38] [INFO] [fetcher:268] - Sukses mengambil 1263 bar data untuk ACES.JK (2026-07-14 s/d 2026-10-05 09:00)
[2026-10-05 09:20:38] [INFO] [storage:329] - Berhasil menyimpan 1263 baris data OHLCV untuk ACES.JK (15m).
[2026-10-05 09:20:41] [INFO] [scheduler:238] - Memproses GOTO.JK...
[2026-10-05 09:20:41] [INFO] [fetcher:249] - Mengambil data GOTO.JK (interval=15m, period=60d, start=None, end=None) - Percobaan 1/3
[2026-10-05 09:20:41] [INFO] [fetcher:268] - Sukses mengambil 1263 bar data untuk GOTO.JK (2026-07-14 s/d 2026-10-05 09:00)
[2026-10-05 09:20:42] [INFO] [storage:329] - Berhasil menyimpan 1263 baris data OHLCV untuk GOTO.JK (15m).
[2026-10-05 09:20:45] [INFO] [scheduler:238] - Memproses ARTO.JK...
[2026-10-05 09:20:45] [INFO] [fetcher:249] - Mengambil data ARTO.JK (interval=15m, period=60d, start=None, end=None) - Percobaan 1/3
[2026-10-05 09:20:45] [INFO] [fetcher:268] - Sukses mengambil 1264 bar data untuk ARTO.JK (2026-07-14 s/d 2026-10-05 09:00)
[2026-10-05 09:20:45] [INFO] [storage:329] - Berhasil menyimpan 1264 baris data OHLCV untuk ARTO.JK (15m).
[2026-10-05 09:20:49] [INFO] [fetcher:179] - Sukses mengambil 100 bar Spot Gold langsung dari terminal MT5 (XAUUSDc).
[2026-10-05 09:20:49] [INFO] [storage:329] - Berhasil menyimpan 100 baris data OHLCV untuk XAUUSD (15m).
[2026-10-05 09:20:49] [INFO] [scheduler:613] - === Pipeline Selesai: 28 saham diproses, 3 sinyal aktif, 0 notifikasi terkirim ===
[2026-10-05 09:21:19] [INFO] [fetcher:179] - Sukses mengambil 100 bar Spot Gold langsung dari terminal MT5 (XAUUSDc).
[2026-10-05 09:21:19] [INFO] [storage:329] - Berhasil menyimpan 100 baris data OHLCV untuk XAUUSD (15m).
[2026-10-05 09:22:19] [INFO] [fetcher:179] - Sukses mengambil 100 bar Spot Gold langsung dari terminal MT5 (XAUUSDc).
[2026-10-05 09:22:19] [INFO] [storage:329] - Berhasil menyimpan 100 baris data OHLCV untuk XAUUSD (15m).
[2026-10-05 09:23:19] [INFO] [fetcher:179] - Sukses mengambil 100 bar Spot Gold langsung dari terminal MT5 (XAUUSDc).
[2026-10-05 09:23:19] [INFO] [storage:329] - Berhasil menyimpan 100 baris data OHLCV untuk XAUUSD (15m).
[2026-10-05 09:24:19] [INFO] [fetcher:179] - Sukses mengambil 100 bar Spot Gold langsung dari terminal MT5 (XAUUSDc).
[2026-10-05 09:24:19] [INFO] [storage:329] - Berhasil menyimpan 100 baris data OHLCV untuk XAUUSD (15m).
[2026-10-05 09:25:19] [INFO] [fetcher:179] - Sukses mengambil 100 bar Spot Gold langsung dari terminal MT5 (XAUUSDc).
[2026-10-05 09:25:19] [INFO] [storage:329] - Berhasil menyimpan 100 baris data OHLCV untuk XAUUSD (15m).
[2026-10-05 09:26:19] [INFO] [fetcher:179] - Sukses mengambil 100 bar Spot Gold langsung dari terminal MT5 (XAUUSDc).
[2026-10-05 09:26:19] [INFO] [storage:329] - Berhasil menyimpan 100 baris data OHLCV untuk XAUUSD (15m).
[2026-10-05 09:27:19] [INFO] [fetcher:179] - Sukses mengambil 100 bar Spot Gold langsung dari terminal MT5 (XAUUSDc).
[2026-10-05 09:27:19] [INFO] [storage:329] - Berhasil menyimpan 100 baris data OHLCV untuk XAUUSD (15m).
[2026-10-05 09:28:19] [INFO] [fetcher:179] - Sukses mengambil 100 bar Spot Gold langsung dari terminal MT5 (XAUUSDc).
[2026-10-05 09:28:19] [INFO] [storage:329] - Berhasil menyimpan 100 baris data OHLCV untuk XAUUSD (15m).
[2026-10-05 09:29:19] [INFO] [fetcher:179] - Sukses mengambil 100 bar Spot Gold langsung dari terminal MT5 (XAUUSDc).
[2026-10-05 09:29:19] [INFO] [storage:329] - Berhasil menyimpan 100 baris data OHLCV untuk XAUUSD (15m).
[2026-10-05 09:30:19] [INFO] [fetcher:179] - Sukses mengambil 100 bar Spot Gold langsung dari terminal MT5 (XAUUSDc).
[2026-10-05 09:30:19] [INFO] [storage:329] - Berhasil menyimpan 100 baris data OHLCV untuk XAUUSD (15m).
[2026-10-05 09:31:19] [INFO] [fetcher:179] - Sukses mengambil 100 bar Spot Gold langsung dari terminal MT5 (XAUUSDc).
[2026-10-05 09:31:19] [INFO] [storage:329] - Berhasil menyimpan 100 baris data OHLCV untuk XAUUSD (15m).
[2026-10-05 09:32:19] [INFO] [fetcher:179] - Sukses mengambil 100 bar Spot Gold langsung dari terminal MT5 (XAUUSDc).
[2026-10-05 09:32:19] [INFO] [storage:329] - Berhasil menyimpan 100 baris data OHLCV untuk XAUUSD (15m).
[2026-10-05 09:33:19] [INFO] [fetcher:179] - Sukses mengambil 100 bar Spot Gold langsung dari terminal MT5 (XAUUSDc).
[2026-10-05 09:33:19] [INFO] [storage:329] - Berhasil menyimpan 100 baris data OHLCV untuk XAUUSD (15m).
[2026-10-05 09:34:19] [INFO] [scheduler:174] - === Memulai Siklus Pipeline Analisis Saham & Komoditas ===
[2026-10-05 09:34:19] [INFO] [scheduler:182] - Status Pasar: IDX=BUKA | GOLD=BUKA
[2026-10-05 09:34:19] [INFO] [scheduler:203] - Mode Trading: INTRADAY (Interval: 15m, Watchlist: 28)
[2026-10-05 09:34:19] [INFO] [scheduler:238] - Memproses XAUUSD...
[2026-10-05 09:34:19] [INFO] [fetcher:179] - Sukses mengambil 100 bar Spot Gold langsung dari terminal MT5 (XAUUSDc).
[2026-10-05 09:34:19] [INFO] [fetcher:179] - Sukses mengambil 100 bar Spot Gold langsung dari terminal MT5 (XAUUSDc).
[2026-10-05 09:34:19] [INFO] [storage:329] - Berhasil menyimpan 100 baris data OHLCV untuk XAUUSD (15m).
[2026-10-05 09:34:19] [INFO] [storage:329] - Berhasil menyimpan 100 baris data OHLCV untuk XAUUSD (15m).
[2026-10-05 09:34:20] [INFO] [storage:453] - Sinyal BUY untuk XAUUSD tersimpan (ID: 637).
[2026-10-05 09:34:20] [INFO] [scheduler:351] - 🚨 Sinyal Baru Terdeteksi: BUY XAUUSD @ 4155.515
[2026-10-05 09:34:21] [INFO] [auto_updater:219] - 🚀 Terdeteksi kodingan lokal berubah (66c1d2e -> 5900f6c). Me-restart proses bot...
[2026-10-05 09:34:21] [INFO] [auto_updater:160] - 🔄 Me-restart proses bot Master agar kode terbaru langsung aktif...
[2026-10-05 09:34:25] [INFO] [main:225] - 🔄 Terdeteksi instance bot lama (PID 10024). Menutup instance lama agar proses baru mengambil alih...
[2026-10-05 09:34:25] [INFO] [telegram_bot:84] - Telegram Notifier siap dalam mode Live.
[2026-10-05 09:34:26] [INFO] [main:291] - Git Auto-Puller aktif: memeriksa commit origin/main tiap 5 menit.
[2026-10-05 09:34:26] [INFO] [main:294] - BackgroundScheduler aktif (interval: 15m, news: 1m, MT5 watcher: 15s LIVE, git auto-pull: 5m).
[2026-10-05 09:34:26] [INFO] [economic_calendar:123] - Berhasil mengunduh 79 event dari Forex Factory.
[2026-10-05 09:34:26] [INFO] [economic_calendar:305] - Kalender ekonomi berhasil disinkronisasi: 10 event tersimpan.
[2026-10-05 09:34:26] [INFO] [scheduler:174] - === Memulai Siklus Pipeline Analisis Saham & Komoditas ===
[2026-10-05 09:34:26] [INFO] [mt5_bridge:91] - MT5Bridge diinisialisasi. Enabled: True, Hours: all, Platform: win32, Lib Available: True
[2026-10-05 09:34:26] [INFO] [mt5_bridge:106] - Ditemukan instalasi terminal MT5 di: C:\Program Files\MetaTrader 5\terminal64.exe
[2026-10-05 09:34:26] [INFO] [mt5_bridge:508] - Koneksi MT5 aktif! Akun #114202389 (HFMarketsGlobal-Live7 - Real | Cent (USC)) | Saldo: 58.87 USC (~ $0.59 USD)
[2026-10-05 09:34:26] [INFO] [scheduler:182] - Status Pasar: IDX=BUKA | GOLD=BUKA
[2026-10-05 09:34:26] [INFO] [scheduler:203] - Mode Trading: INTRADAY (Interval: 15m, Watchlist: 28)
[2026-10-05 09:34:26] [INFO] [scheduler:238] - Memproses XAUUSD...
[2026-10-05 09:34:26] [INFO] [telegram_bot:84] - Telegram Notifier siap dalam mode Live.
[2026-10-05 09:34:26] [INFO] [main:318] - Telegram Bot Polling listener berjalan di main thread...
[2026-10-05 09:34:26] [INFO] [telegram_bot:84] - Telegram Notifier siap dalam mode Live.
[2026-10-05 09:34:26] [INFO] [fetcher:179] - Sukses mengambil 100 bar Spot Gold langsung dari terminal MT5 (XAUUSDc).
[2026-10-05 09:34:26] [INFO] [storage:329] - Berhasil menyimpan 100 baris data OHLCV untuk XAUUSD (15m).
[2026-10-05 09:34:27] [INFO] [scheduler:238] - Memproses BBCA.JK...
[2026-10-05 09:34:27] [INFO] [fetcher:249] - Mengambil data BBCA.JK (interval=15m, period=60d, start=None, end=None) - Percobaan 1/3
[2026-10-05 09:34:27] [INFO] [fetcher:268] - Sukses mengambil 1265 bar data untuk BBCA.JK (2026-07-14 s/d 2026-10-05 09:15)
[2026-10-05 09:34:27] [INFO] [storage:329] - Berhasil menyimpan 1265 baris data OHLCV untuk BBCA.JK (15m).
[2026-10-05 09:34:28] [INFO] [scheduler:238] - Memproses BBRI.JK...
[2026-10-05 09:34:28] [INFO] [fetcher:249] - Mengambil data BBRI.JK (interval=15m, period=60d, start=None, end=None) - Percobaan 1/3
[2026-10-05 09:34:29] [INFO] [fetcher:268] - Sukses mengambil 1265 bar data untuk BBRI.JK (2026-07-14 s/d 2026-10-05 09:15)
[2026-10-05 09:34:29] [INFO] [storage:329] - Berhasil menyimpan 1265 baris data OHLCV untuk BBRI.JK (15m).
[2026-10-05 09:34:29] [INFO] [main:225] - 🔄 Terdeteksi instance bot lama (PID 6412). Menutup instance lama agar proses baru mengambil alih...
[2026-10-05 09:34:29] [INFO] [telegram_bot:84] - Telegram Notifier siap dalam mode Live.
[2026-10-05 09:34:30] [INFO] [main:291] - Git Auto-Puller aktif: memeriksa commit origin/main tiap 5 menit.
[2026-10-05 09:34:30] [INFO] [main:294] - BackgroundScheduler aktif (interval: 15m, news: 1m, MT5 watcher: 15s LIVE, git auto-pull: 5m).
[2026-10-05 09:34:30] [INFO] [economic_calendar:123] - Berhasil mengunduh 79 event dari Forex Factory.
[2026-10-05 09:34:30] [INFO] [economic_calendar:305] - Kalender ekonomi berhasil disinkronisasi: 10 event tersimpan.
[2026-10-05 09:34:30] [INFO] [scheduler:174] - === Memulai Siklus Pipeline Analisis Saham & Komoditas ===
[2026-10-05 09:34:30] [INFO] [mt5_bridge:91] - MT5Bridge diinisialisasi. Enabled: True, Hours: all, Platform: win32, Lib Available: True
[2026-10-05 09:34:30] [INFO] [mt5_bridge:106] - Ditemukan instalasi terminal MT5 di: C:\Program Files\MetaTrader 5\terminal64.exe
[2026-10-05 09:34:30] [INFO] [mt5_bridge:508] - Koneksi MT5 aktif! Akun #114202389 (HFMarketsGlobal-Live7 - Real | Cent (USC)) | Saldo: 58.87 USC (~ $0.59 USD)
[2026-10-05 09:34:30] [INFO] [scheduler:182] - Status Pasar: IDX=BUKA | GOLD=BUKA
[2026-10-05 09:34:30] [INFO] [scheduler:203] - Mode Trading: INTRADAY (Interval: 15m, Watchlist: 28)
[2026-10-05 09:34:30] [INFO] [scheduler:238] - Memproses XAUUSD...
[2026-10-05 09:34:30] [INFO] [telegram_bot:84] - Telegram Notifier siap dalam mode Live.
[2026-10-05 09:34:30] [INFO] [main:318] - Telegram Bot Polling listener berjalan di main thread...
[2026-10-05 09:34:30] [INFO] [fetcher:179] - Sukses mengambil 100 bar Spot Gold langsung dari terminal MT5 (XAUUSDc).
[2026-10-05 09:34:30] [INFO] [storage:329] - Berhasil menyimpan 100 baris data OHLCV untuk XAUUSD (15m).
[2026-10-05 09:34:31] [INFO] [scheduler:238] - Memproses BBCA.JK...
[2026-10-05 09:34:31] [INFO] [fetcher:249] - Mengambil data BBCA.JK (interval=15m, period=60d, start=None, end=None) - Percobaan 1/3
[2026-10-05 09:34:31] [INFO] [telegram_bot:84] - Telegram Notifier siap dalam mode Live.
[2026-10-05 09:34:31] [INFO] [fetcher:268] - Sukses mengambil 1265 bar data untuk BBCA.JK (2026-07-14 s/d 2026-10-05 09:15)
[2026-10-05 09:34:31] [INFO] [storage:329] - Berhasil menyimpan 1265 baris data OHLCV untuk BBCA.JK (15m).
[2026-10-05 09:34:35] [INFO] [scheduler:238] - Memproses BBRI.JK...
[2026-10-05 09:34:35] [INFO] [fetcher:249] - Mengambil data BBRI.JK (interval=15m, period=60d, start=None, end=None) - Percobaan 1/3
[2026-10-05 09:34:35] [INFO] [fetcher:268] - Sukses mengambil 1265 bar data untuk BBRI.JK (2026-07-14 s/d 2026-10-05 09:15)
[2026-10-05 09:34:35] [INFO] [storage:329] - Berhasil menyimpan 1265 baris data OHLCV untuk BBRI.JK (15m).
[2026-10-05 09:34:38] [INFO] [scheduler:238] - Memproses BMRI.JK...
[2026-10-05 09:34:38] [INFO] [fetcher:249] - Mengambil data BMRI.JK (interval=15m, period=60d, start=None, end=None) - Percobaan 1/3
[2026-10-05 09:34:38] [INFO] [fetcher:268] - Sukses mengambil 1265 bar data untuk BMRI.JK (2026-07-14 s/d 2026-10-05 09:15)
[2026-10-05 09:34:38] [INFO] [storage:329] - Berhasil menyimpan 1265 baris data OHLCV untuk BMRI.JK (15m).
[2026-10-05 09:34:41] [INFO] [scheduler:238] - Memproses BBNI.JK...
[2026-10-05 09:34:41] [INFO] [fetcher:249] - Mengambil data BBNI.JK (interval=15m, period=60d, start=None, end=None) - Percobaan 1/3
[2026-10-05 09:34:41] [INFO] [fetcher:268] - Sukses mengambil 1265 bar data untuk BBNI.JK (2026-07-14 s/d 2026-10-05 09:15)
[2026-10-05 09:34:41] [INFO] [storage:329] - Berhasil menyimpan 1265 baris data OHLCV untuk BBNI.JK (15m).
[2026-10-05 09:34:43] [INFO] [scheduler:238] - Memproses BRIS.JK...
[2026-10-05 09:34:43] [INFO] [fetcher:249] - Mengambil data BRIS.JK (interval=15m, period=60d, start=None, end=None) - Percobaan 1/3
[2026-10-05 09:34:43] [INFO] [fetcher:268] - Sukses mengambil 1265 bar data untuk BRIS.JK (2026-07-14 s/d 2026-10-05 09:15)
[2026-10-05 09:34:43] [INFO] [storage:329] - Berhasil menyimpan 1265 baris data OHLCV untuk BRIS.JK (15m).
[2026-10-05 09:34:46] [INFO] [scheduler:238] - Memproses ASII.JK...
[2026-10-05 09:34:46] [INFO] [fetcher:249] - Mengambil data ASII.JK (interval=15m, period=60d, start=None, end=None) - Percobaan 1/3
[2026-10-05 09:34:46] [INFO] [fetcher:268] - Sukses mengambil 1265 bar data untuk ASII.JK (2026-07-14 s/d 2026-10-05 09:15)
[2026-10-05 09:34:47] [INFO] [storage:329] - Berhasil menyimpan 1265 baris data OHLCV untuk ASII.JK (15m).
[2026-10-05 09:34:49] [INFO] [scheduler:238] - Memproses TLKM.JK...
[2026-10-05 09:34:49] [INFO] [fetcher:249] - Mengambil data TLKM.JK (interval=15m, period=60d, start=None, end=None) - Percobaan 1/3
[2026-10-05 09:34:49] [INFO] [fetcher:268] - Sukses mengambil 1265 bar data untuk TLKM.JK (2026-07-14 s/d 2026-10-05 09:15)
[2026-10-05 09:34:49] [INFO] [storage:329] - Berhasil menyimpan 1265 baris data OHLCV untuk TLKM.JK (15m).
[2026-10-05 09:34:53] [INFO] [scheduler:238] - Memproses ADRO.JK...
[2026-10-05 09:34:53] [INFO] [fetcher:249] - Mengambil data ADRO.JK (interval=15m, period=60d, start=None, end=None) - Percobaan 1/3
[2026-10-05 09:34:53] [INFO] [fetcher:268] - Sukses mengambil 1265 bar data untuk ADRO.JK (2026-07-14 s/d 2026-10-05 09:15)
[2026-10-05 09:34:53] [INFO] [storage:329] - Berhasil menyimpan 1265 baris data OHLCV untuk ADRO.JK (15m).
[2026-10-05 09:34:54] [INFO] [scheduler:238] - Memproses MEDC.JK...
[2026-10-05 09:34:54] [INFO] [fetcher:249] - Mengambil data MEDC.JK (interval=15m, period=60d, start=None, end=None) - Percobaan 1/3
[2026-10-05 09:34:55] [INFO] [fetcher:268] - Sukses mengambil 1265 bar data untuk MEDC.JK (2026-07-14 s/d 2026-10-05 09:15)
[2026-10-05 09:34:55] [INFO] [storage:329] - Berhasil menyimpan 1265 baris data OHLCV untuk MEDC.JK (15m).
[2026-10-05 09:34:56] [INFO] [scheduler:238] - Memproses PTBA.JK...
[2026-10-05 09:34:56] [INFO] [fetcher:249] - Mengambil data PTBA.JK (interval=15m, period=60d, start=None, end=None) - Percobaan 1/3
[2026-10-05 09:34:57] [INFO] [fetcher:268] - Sukses mengambil 1265 bar data untuk PTBA.JK (2026-07-14 s/d 2026-10-05 09:15)
[2026-10-05 09:34:57] [INFO] [storage:329] - Berhasil menyimpan 1265 baris data OHLCV untuk PTBA.JK (15m).
[2026-10-05 09:34:59] [INFO] [scheduler:238] - Memproses AKRA.JK...
[2026-10-05 09:34:59] [INFO] [fetcher:249] - Mengambil data AKRA.JK (interval=15m, period=60d, start=None, end=None) - Percobaan 1/3
[2026-10-05 09:35:00] [INFO] [fetcher:268] - Sukses mengambil 1265 bar data untuk AKRA.JK (2026-07-14 s/d 2026-10-05 09:15)
[2026-10-05 09:35:00] [INFO] [storage:329] - Berhasil menyimpan 1265 baris data OHLCV untuk AKRA.JK (15m).
[2026-10-05 09:35:02] [INFO] [scheduler:238] - Memproses PGAS.JK...
[2026-10-05 09:35:02] [INFO] [fetcher:249] - Mengambil data PGAS.JK (interval=15m, period=60d, start=None, end=None) - Percobaan 1/3
[2026-10-05 09:35:02] [INFO] [fetcher:268] - Sukses mengambil 1265 bar data untuk PGAS.JK (2026-07-14 s/d 2026-10-05 09:15)
[2026-10-05 09:35:03] [INFO] [storage:329] - Berhasil menyimpan 1265 baris data OHLCV untuk PGAS.JK (15m).
[2026-10-05 09:35:06] [INFO] [scheduler:238] - Memproses ANTM.JK...
[2026-10-05 09:35:06] [INFO] [fetcher:249] - Mengambil data ANTM.JK (interval=15m, period=60d, start=None, end=None) - Percobaan 1/3
[2026-10-05 09:35:06] [INFO] [fetcher:268] - Sukses mengambil 1265 bar data untuk ANTM.JK (2026-07-14 s/d 2026-10-05 09:15)
[2026-10-05 09:35:06] [INFO] [storage:329] - Berhasil menyimpan 1265 baris data OHLCV untuk ANTM.JK (15m).
[2026-10-05 09:35:08] [INFO] [scheduler:238] - Memproses MDKA.JK...
[2026-10-05 09:35:08] [INFO] [fetcher:249] - Mengambil data MDKA.JK (interval=15m, period=60d, start=None, end=None) - Percobaan 1/3
[2026-10-05 09:35:08] [INFO] [fetcher:268] - Sukses mengambil 1265 bar data untuk MDKA.JK (2026-07-14 s/d 2026-10-05 09:15)
[2026-10-05 09:35:08] [INFO] [storage:329] - Berhasil menyimpan 1265 baris data OHLCV untuk MDKA.JK (15m).
[2026-10-05 09:35:11] [INFO] [scheduler:442] - Sinyal BUY untuk MDKA.JK tidak dinotifikasikan (Candle kedaluwarsa/telat (20m lalu > batas 16m)).
[2026-10-05 09:35:11] [INFO] [scheduler:238] - Memproses INCO.JK...
[2026-10-05 09:35:11] [INFO] [fetcher:249] - Mengambil data INCO.JK (interval=15m, period=60d, start=None, end=None) - Percobaan 1/3
[2026-10-05 09:35:12] [INFO] [fetcher:268] - Sukses mengambil 1265 bar data untuk INCO.JK (2026-07-14 s/d 2026-10-05 09:15)
[2026-10-05 09:35:12] [INFO] [storage:329] - Berhasil menyimpan 1265 baris data OHLCV untuk INCO.JK (15m).
[2026-10-05 09:35:16] [INFO] [scheduler:238] - Memproses TINS.JK...
[2026-10-05 09:35:16] [INFO] [fetcher:249] - Mengambil data TINS.JK (interval=15m, period=60d, start=None, end=None) - Percobaan 1/3
[2026-10-05 09:35:16] [INFO] [fetcher:268] - Sukses mengambil 1265 bar data untuk TINS.JK (2026-07-14 s/d 2026-10-05 09:15)
[2026-10-05 09:35:16] [INFO] [storage:329] - Berhasil menyimpan 1265 baris data OHLCV untuk TINS.JK (15m).
[2026-10-05 09:35:19] [INFO] [scheduler:238] - Memproses BRMS.JK...
[2026-10-05 09:35:19] [INFO] [fetcher:249] - Mengambil data BRMS.JK (interval=15m, period=60d, start=None, end=None) - Percobaan 1/3
[2026-10-05 09:35:19] [INFO] [fetcher:268] - Sukses mengambil 1265 bar data untuk BRMS.JK (2026-07-14 s/d 2026-10-05 09:15)
[2026-10-05 09:35:20] [INFO] [storage:329] - Berhasil menyimpan 1265 baris data OHLCV untuk BRMS.JK (15m).
[2026-10-05 09:35:22] [INFO] [scheduler:442] - Sinyal BUY untuk BRMS.JK tidak dinotifikasikan (Candle kedaluwarsa/telat (20m lalu > batas 16m)).
[2026-10-05 09:35:22] [INFO] [scheduler:238] - Memproses BREN.JK...
[2026-10-05 09:35:22] [INFO] [fetcher:249] - Mengambil data BREN.JK (interval=15m, period=60d, start=None, end=None) - Percobaan 1/3
[2026-10-05 09:35:22] [INFO] [fetcher:268] - Sukses mengambil 1265 bar data untuk BREN.JK (2026-07-14 s/d 2026-10-05 09:15)
[2026-10-05 09:35:22] [INFO] [storage:329] - Berhasil menyimpan 1265 baris data OHLCV untuk BREN.JK (15m).
[2026-10-05 09:35:25] [INFO] [scheduler:238] - Memproses BRPT.JK...
[2026-10-05 09:35:25] [INFO] [fetcher:249] - Mengambil data BRPT.JK (interval=15m, period=60d, start=None, end=None) - Percobaan 1/3
[2026-10-05 09:35:25] [INFO] [fetcher:268] - Sukses mengambil 1265 bar data untuk BRPT.JK (2026-07-14 s/d 2026-10-05 09:15)
[2026-10-05 09:35:25] [INFO] [storage:329] - Berhasil menyimpan 1265 baris data OHLCV untuk BRPT.JK (15m).
[2026-10-05 09:35:27] [INFO] [scheduler:238] - Memproses AMMN.JK...
[2026-10-05 09:35:27] [INFO] [fetcher:249] - Mengambil data AMMN.JK (interval=15m, period=60d, start=None, end=None) - Percobaan 1/3
[2026-10-05 09:35:27] [INFO] [fetcher:268] - Sukses mengambil 1266 bar data untuk AMMN.JK (2026-07-14 s/d 2026-10-05 09:15)
[2026-10-05 09:35:27] [INFO] [storage:329] - Berhasil menyimpan 1266 baris data OHLCV untuk AMMN.JK (15m).
[2026-10-05 09:35:29] [INFO] [scheduler:238] - Memproses CUAN.JK...
[2026-10-05 09:35:29] [INFO] [fetcher:249] - Mengambil data CUAN.JK (interval=15m, period=60d, start=None, end=None) - Percobaan 1/3
[2026-10-05 09:35:30] [INFO] [fetcher:268] - Sukses mengambil 1265 bar data untuk CUAN.JK (2026-07-14 s/d 2026-10-05 09:15)
[2026-10-05 09:35:30] [INFO] [storage:329] - Berhasil menyimpan 1265 baris data OHLCV untuk CUAN.JK (15m).
[2026-10-05 09:35:30] [INFO] [fetcher:179] - Sukses mengambil 100 bar Spot Gold langsung dari terminal MT5 (XAUUSDc).
[2026-10-05 09:35:31] [INFO] [storage:329] - Berhasil menyimpan 100 baris data OHLCV untuk XAUUSD (15m).
[2026-10-05 09:35:32] [INFO] [scheduler:238] - Memproses ICBP.JK...
[2026-10-05 09:35:32] [INFO] [fetcher:249] - Mengambil data ICBP.JK (interval=15m, period=60d, start=None, end=None) - Percobaan 1/3
[2026-10-05 09:35:32] [INFO] [fetcher:268] - Sukses mengambil 1265 bar data untuk ICBP.JK (2026-07-14 s/d 2026-10-05 09:15)
[2026-10-05 09:35:32] [INFO] [storage:329] - Berhasil menyimpan 1265 baris data OHLCV untuk ICBP.JK (15m).
[2026-10-05 09:35:34] [INFO] [scheduler:238] - Memproses AMRT.JK...
[2026-10-05 09:35:34] [INFO] [fetcher:249] - Mengambil data AMRT.JK (interval=15m, period=60d, start=None, end=None) - Percobaan 1/3
[2026-10-05 09:35:34] [INFO] [fetcher:268] - Sukses mengambil 1265 bar data untuk AMRT.JK (2026-07-14 s/d 2026-10-05 09:15)
[2026-10-05 09:35:35] [INFO] [storage:329] - Berhasil menyimpan 1265 baris data OHLCV untuk AMRT.JK (15m).
[2026-10-05 09:35:36] [INFO] [scheduler:238] - Memproses MYOR.JK...
[2026-10-05 09:35:36] [INFO] [fetcher:249] - Mengambil data MYOR.JK (interval=15m, period=60d, start=None, end=None) - Percobaan 1/3
[2026-10-05 09:35:37] [INFO] [fetcher:268] - Sukses mengambil 1265 bar data untuk MYOR.JK (2026-07-14 s/d 2026-10-05 09:15)
[2026-10-05 09:35:37] [INFO] [storage:329] - Berhasil menyimpan 1265 baris data OHLCV untuk MYOR.JK (15m).
[2026-10-05 09:35:39] [INFO] [scheduler:238] - Memproses ACES.JK...
[2026-10-05 09:35:39] [INFO] [fetcher:249] - Mengambil data ACES.JK (interval=15m, period=60d, start=None, end=None) - Percobaan 1/3
[2026-10-05 09:35:39] [INFO] [fetcher:268] - Sukses mengambil 1264 bar data untuk ACES.JK (2026-07-14 s/d 2026-10-05 09:15)
[2026-10-05 09:35:39] [INFO] [storage:329] - Berhasil menyimpan 1264 baris data OHLCV untuk ACES.JK (15m).
[2026-10-05 09:35:41] [INFO] [scheduler:238] - Memproses GOTO.JK...
[2026-10-05 09:35:41] [INFO] [fetcher:249] - Mengambil data GOTO.JK (interval=15m, period=60d, start=None, end=None) - Percobaan 1/3
[2026-10-05 09:35:41] [INFO] [fetcher:268] - Sukses mengambil 1264 bar data untuk GOTO.JK (2026-07-14 s/d 2026-10-05 09:15)
[2026-10-05 09:35:41] [INFO] [storage:329] - Berhasil menyimpan 1264 baris data OHLCV untuk GOTO.JK (15m).
[2026-10-05 09:35:43] [INFO] [scheduler:238] - Memproses ARTO.JK...
[2026-10-05 09:35:43] [INFO] [fetcher:249] - Mengambil data ARTO.JK (interval=15m, period=60d, start=None, end=None) - Percobaan 1/3
[2026-10-05 09:35:43] [INFO] [fetcher:268] - Sukses mengambil 1265 bar data untuk ARTO.JK (2026-07-14 s/d 2026-10-05 09:15)
[2026-10-05 09:35:44] [INFO] [storage:329] - Berhasil menyimpan 1265 baris data OHLCV untuk ARTO.JK (15m).
[2026-10-05 09:35:46] [INFO] [fetcher:179] - Sukses mengambil 100 bar Spot Gold langsung dari terminal MT5 (XAUUSDc).
[2026-10-05 09:35:46] [INFO] [storage:329] - Berhasil menyimpan 100 baris data OHLCV untuk XAUUSD (15m).
[2026-10-05 09:35:46] [INFO] [scheduler:613] - === Pipeline Selesai: 28 saham diproses, 3 sinyal aktif, 0 notifikasi terkirim ===
[2026-10-05 09:36:30] [INFO] [fetcher:179] - Sukses mengambil 100 bar Spot Gold langsung dari terminal MT5 (XAUUSDc).
[2026-10-05 09:36:30] [INFO] [storage:329] - Berhasil menyimpan 100 baris data OHLCV untuk XAUUSD (15m).
[2026-10-05 09:36:34] [INFO] [fetcher:179] - Sukses mengambil 100 bar Spot Gold langsung dari terminal MT5 (XAUUSDc).
[2026-10-05 09:36:34] [INFO] [storage:329] - Berhasil menyimpan 100 baris data OHLCV untuk XAUUSD (15m).
[2026-10-05 09:36:36] [INFO] [chart_generator:492] - Berhasil membuat chart visual TradingView: data\charts\chart_XAUUSD_15m_20261005_093635_30.png
[2026-10-05 09:37:30] [INFO] [fetcher:179] - Sukses mengambil 100 bar Spot Gold langsung dari terminal MT5 (XAUUSDc).
[2026-10-05 09:37:30] [INFO] [storage:329] - Berhasil menyimpan 100 baris data OHLCV untuk XAUUSD (15m).
[2026-10-05 09:38:30] [INFO] [fetcher:179] - Sukses mengambil 100 bar Spot Gold langsung dari terminal MT5 (XAUUSDc).
[2026-10-05 09:38:30] [INFO] [storage:329] - Berhasil menyimpan 100 baris data OHLCV untuk XAUUSD (15m).
[2026-10-05 09:39:30] [INFO] [fetcher:179] - Sukses mengambil 100 bar Spot Gold langsung dari terminal MT5 (XAUUSDc).
[2026-10-05 09:39:31] [INFO] [storage:329] - Berhasil menyimpan 100 baris data OHLCV untuk XAUUSD (15m).
[2026-10-05 09:40:30] [INFO] [fetcher:179] - Sukses mengambil 100 bar Spot Gold langsung dari terminal MT5 (XAUUSDc).
[2026-10-05 09:40:30] [INFO] [storage:329] - Berhasil menyimpan 100 baris data OHLCV untuk XAUUSD (15m).
[2026-10-05 09:41:30] [INFO] [fetcher:179] - Sukses mengambil 100 bar Spot Gold langsung dari terminal MT5 (XAUUSDc).
[2026-10-05 09:41:30] [INFO] [storage:329] - Berhasil menyimpan 100 baris data OHLCV untuk XAUUSD (15m).
[2026-10-05 09:42:30] [INFO] [fetcher:179] - Sukses mengambil 100 bar Spot Gold langsung dari terminal MT5 (XAUUSDc).
[2026-10-05 09:42:30] [INFO] [storage:329] - Berhasil menyimpan 100 baris data OHLCV untuk XAUUSD (15m).
[2026-10-05 09:43:30] [INFO] [fetcher:179] - Sukses mengambil 100 bar Spot Gold langsung dari terminal MT5 (XAUUSDc).
[2026-10-05 09:43:30] [INFO] [storage:329] - Berhasil menyimpan 100 baris data OHLCV untuk XAUUSD (15m).
[2026-10-05 09:44:30] [INFO] [fetcher:179] - Sukses mengambil 100 bar Spot Gold langsung dari terminal MT5 (XAUUSDc).
[2026-10-05 09:44:30] [INFO] [storage:329] - Berhasil menyimpan 100 baris data OHLCV untuk XAUUSD (15m).
[2026-10-05 09:45:30] [INFO] [fetcher:179] - Sukses mengambil 100 bar Spot Gold langsung dari terminal MT5 (XAUUSDc).
[2026-10-05 09:45:30] [INFO] [storage:329] - Berhasil menyimpan 100 baris data OHLCV untuk XAUUSD (15m).
[2026-10-05 09:46:30] [INFO] [fetcher:179] - Sukses mengambil 100 bar Spot Gold langsung dari terminal MT5 (XAUUSDc).
[2026-10-05 09:46:30] [INFO] [storage:329] - Berhasil menyimpan 100 baris data OHLCV untuk XAUUSD (15m).
[2026-10-05 09:47:30] [INFO] [fetcher:179] - Sukses mengambil 100 bar Spot Gold langsung dari terminal MT5 (XAUUSDc).
[2026-10-05 09:47:30] [INFO] [storage:329] - Berhasil menyimpan 100 baris data OHLCV untuk XAUUSD (15m).
[2026-10-05 09:48:30] [INFO] [fetcher:179] - Sukses mengambil 100 bar Spot Gold langsung dari terminal MT5 (XAUUSDc).
[2026-10-05 09:48:30] [INFO] [storage:329] - Berhasil menyimpan 100 baris data OHLCV untuk XAUUSD (15m).
[2026-10-05 09:49:30] [INFO] [scheduler:174] - === Memulai Siklus Pipeline Analisis Saham & Komoditas ===
[2026-10-05 09:49:30] [INFO] [scheduler:182] - Status Pasar: IDX=BUKA | GOLD=BUKA
[2026-10-05 09:49:30] [INFO] [scheduler:203] - Mode Trading: INTRADAY (Interval: 15m, Watchlist: 28)
[2026-10-05 09:49:30] [INFO] [scheduler:238] - Memproses XAUUSD...
[2026-10-05 09:49:30] [INFO] [fetcher:179] - Sukses mengambil 100 bar Spot Gold langsung dari terminal MT5 (XAUUSDc).
[2026-10-05 09:49:30] [INFO] [storage:329] - Berhasil menyimpan 100 baris data OHLCV untuk XAUUSD (15m).
[2026-10-05 09:49:30] [INFO] [fetcher:179] - Sukses mengambil 100 bar Spot Gold langsung dari terminal MT5 (XAUUSDc).
[2026-10-05 09:49:30] [INFO] [storage:329] - Berhasil menyimpan 100 baris data OHLCV untuk XAUUSD (15m).
[2026-10-05 09:49:32] [INFO] [chart_generator:492] - Berhasil membuat chart visual TradingView: data\charts\chart_XAUUSD_15m_20261005_094931_20.png
[2026-10-05 09:49:32] [INFO] [mt5_bridge:1156] - 🛡️ [RR GUARD 1.3:1] Entry Ask/Bid $4149.15 -> TP: $4137.15 (+120 pips), SL: $4158.65 (-95 pips)
[2026-10-05 09:49:32] [INFO] [mt5_bridge:1216] - Mengirim Trade Request ke MT5: SELL 0.05 XAUUSDc @ 4149.15 (TP: 4137.15, SL: 4158.65)
[2026-10-05 09:49:32] [INFO] [mt5_bridge:1237] - ✅ Order MT5 #15252691157 berhasil dieksekusi! SELL 0.05 XAUUSDc @ 4149.07
[2026-10-05 09:49:32] [INFO] [mt5_bridge:1384] - 🛡️ Modifikasi MT5 #15252691157 berhasil: SL=4158.57, TP=4137.07
[2026-10-05 09:49:32] [INFO] [mt5_bridge:1253] - 🎯 [SLIPPAGE ADJUST] SL/TP tiket #15252691157 disinkronkan ke fill $4149.07: TP=$4137.07, SL=$4158.57
[2026-10-05 09:49:32] [INFO] [scheduler:537] - 🚀 [AUTO-EXECUTE A+] MT5 Order Sukses: #15252691157 SELL 0.05 lot @ $4,149.35
[2026-10-05 09:49:32] [INFO] [storage:453] - Sinyal SELL untuk XAUUSD tersimpan (ID: 638).
[2026-10-05 09:49:33] [INFO] [telegram_bot:256] - Pesan berhasil terkirim ke Telegram (8754997836).
[2026-10-05 09:49:34] [INFO] [telegram_bot:256] - Pesan berhasil terkirim ke Telegram (7170889507).
[2026-10-05 09:49:35] [INFO] [telegram_bot:256] - Pesan berhasil terkirim ke Telegram (8301678027).
[2026-10-05 09:49:37] [INFO] [telegram_bot:301] - Foto data\charts\chart_XAUUSD_15m_20261005_094931_20.png berhasil terkirim ke Telegram (8754997836).
[2026-10-05 09:49:39] [INFO] [telegram_bot:301] - Foto data\charts\chart_XAUUSD_15m_20261005_094931_20.png berhasil terkirim ke Telegram (7170889507).
[2026-10-05 09:49:40] [INFO] [telegram_bot:301] - Foto data\charts\chart_XAUUSD_15m_20261005_094931_20.png berhasil terkirim ke Telegram (8301678027).
[2026-10-05 09:49:40] [INFO] [scheduler:238] - Memproses BBCA.JK...
[2026-10-05 09:49:40] [INFO] [fetcher:249] - Mengambil data BBCA.JK (interval=15m, period=60d, start=None, end=None) - Percobaan 1/3
[2026-10-05 09:49:41] [INFO] [fetcher:268] - Sukses mengambil 1266 bar data untuk BBCA.JK (2026-07-14 s/d 2026-10-05 09:30)
[2026-10-05 09:49:41] [INFO] [storage:329] - Berhasil menyimpan 1266 baris data OHLCV untuk BBCA.JK (15m).
[2026-10-05 09:49:43] [INFO] [scheduler:238] - Memproses BBRI.JK...
[2026-10-05 09:49:43] [INFO] [fetcher:249] - Mengambil data BBRI.JK (interval=15m, period=60d, start=None, end=None) - Percobaan 1/3
[2026-10-05 09:49:43] [INFO] [fetcher:268] - Sukses mengambil 1266 bar data untuk BBRI.JK (2026-07-14 s/d 2026-10-05 09:30)
[2026-10-05 09:49:43] [INFO] [storage:329] - Berhasil menyimpan 1266 baris data OHLCV untuk BBRI.JK (15m).
[2026-10-05 09:49:46] [INFO] [scheduler:238] - Memproses BMRI.JK...
[2026-10-05 09:49:46] [INFO] [fetcher:249] - Mengambil data BMRI.JK (interval=15m, period=60d, start=None, end=None) - Percobaan 1/3
[2026-10-05 09:49:46] [INFO] [fetcher:268] - Sukses mengambil 1266 bar data untuk BMRI.JK (2026-07-14 s/d 2026-10-05 09:30)
[2026-10-05 09:49:46] [INFO] [storage:329] - Berhasil menyimpan 1266 baris data OHLCV untuk BMRI.JK (15m).
[2026-10-05 09:49:48] [INFO] [scheduler:238] - Memproses BBNI.JK...
[2026-10-05 09:49:48] [INFO] [fetcher:249] - Mengambil data BBNI.JK (interval=15m, period=60d, start=None, end=None) - Percobaan 1/3
[2026-10-05 09:49:49] [INFO] [fetcher:268] - Sukses mengambil 1266 bar data untuk BBNI.JK (2026-07-14 s/d 2026-10-05 09:30)
[2026-10-05 09:49:49] [INFO] [storage:329] - Berhasil menyimpan 1266 baris data OHLCV untuk BBNI.JK (15m).
[2026-10-05 09:49:51] [INFO] [scheduler:238] - Memproses BRIS.JK...
[2026-10-05 09:49:51] [INFO] [fetcher:249] - Mengambil data BRIS.JK (interval=15m, period=60d, start=None, end=None) - Percobaan 1/3
[2026-10-05 09:49:51] [INFO] [fetcher:268] - Sukses mengambil 1266 bar data untuk BRIS.JK (2026-07-14 s/d 2026-10-05 09:30)
[2026-10-05 09:49:51] [INFO] [storage:329] - Berhasil menyimpan 1266 baris data OHLCV untuk BRIS.JK (15m).
[2026-10-05 09:49:53] [INFO] [scheduler:238] - Memproses ASII.JK...
[2026-10-05 09:49:53] [INFO] [fetcher:249] - Mengambil data ASII.JK (interval=15m, period=60d, start=None, end=None) - Percobaan 1/3
[2026-10-05 09:49:54] [INFO] [fetcher:268] - Sukses mengambil 1266 bar data untuk ASII.JK (2026-07-14 s/d 2026-10-05 09:30)
[2026-10-05 09:49:54] [INFO] [storage:329] - Berhasil menyimpan 1266 baris data OHLCV untuk ASII.JK (15m).
[2026-10-05 09:49:56] [INFO] [scheduler:238] - Memproses TLKM.JK...
[2026-10-05 09:49:56] [INFO] [fetcher:249] - Mengambil data TLKM.JK (interval=15m, period=60d, start=None, end=None) - Percobaan 1/3
[2026-10-05 09:49:56] [INFO] [fetcher:268] - Sukses mengambil 1266 bar data untuk TLKM.JK (2026-07-14 s/d 2026-10-05 09:30)
[2026-10-05 09:49:56] [INFO] [storage:329] - Berhasil menyimpan 1266 baris data OHLCV untuk TLKM.JK (15m).
[2026-10-05 09:49:58] [INFO] [scheduler:238] - Memproses ADRO.JK...
[2026-10-05 09:49:58] [INFO] [fetcher:249] - Mengambil data ADRO.JK (interval=15m, period=60d, start=None, end=None) - Percobaan 1/3
[2026-10-05 09:49:58] [INFO] [fetcher:268] - Sukses mengambil 1266 bar data untuk ADRO.JK (2026-07-14 s/d 2026-10-05 09:30)
[2026-10-05 09:49:58] [INFO] [storage:329] - Berhasil menyimpan 1266 baris data OHLCV untuk ADRO.JK (15m).
[2026-10-05 09:50:00] [INFO] [scheduler:442] - Sinyal BUY untuk ADRO.JK tidak dinotifikasikan (Candle kedaluwarsa/telat (20m lalu > batas 16m)).
[2026-10-05 09:50:00] [INFO] [scheduler:238] - Memproses MEDC.JK...
[2026-10-05 09:50:00] [INFO] [fetcher:249] - Mengambil data MEDC.JK (interval=15m, period=60d, start=None, end=None) - Percobaan 1/3
[2026-10-05 09:50:01] [INFO] [fetcher:268] - Sukses mengambil 1266 bar data untuk MEDC.JK (2026-07-14 s/d 2026-10-05 09:30)
[2026-10-05 09:50:01] [INFO] [storage:329] - Berhasil menyimpan 1266 baris data OHLCV untuk MEDC.JK (15m).
[2026-10-05 09:50:03] [INFO] [scheduler:238] - Memproses PTBA.JK...
[2026-10-05 09:50:03] [INFO] [fetcher:249] - Mengambil data PTBA.JK (interval=15m, period=60d, start=None, end=None) - Percobaan 1/3
[2026-10-05 09:50:03] [INFO] [fetcher:268] - Sukses mengambil 1266 bar data untuk PTBA.JK (2026-07-14 s/d 2026-10-05 09:30)
[2026-10-05 09:50:03] [INFO] [storage:329] - Berhasil menyimpan 1266 baris data OHLCV untuk PTBA.JK (15m).
[2026-10-05 09:50:05] [INFO] [scheduler:238] - Memproses AKRA.JK...
[2026-10-05 09:50:05] [INFO] [fetcher:249] - Mengambil data AKRA.JK (interval=15m, period=60d, start=None, end=None) - Percobaan 1/3
[2026-10-05 09:50:05] [INFO] [fetcher:268] - Sukses mengambil 1266 bar data untuk AKRA.JK (2026-07-14 s/d 2026-10-05 09:30)
[2026-10-05 09:50:05] [INFO] [storage:329] - Berhasil menyimpan 1266 baris data OHLCV untuk AKRA.JK (15m).
[2026-10-05 09:50:07] [INFO] [scheduler:238] - Memproses PGAS.JK...
[2026-10-05 09:50:07] [INFO] [fetcher:249] - Mengambil data PGAS.JK (interval=15m, period=60d, start=None, end=None) - Percobaan 1/3
[2026-10-05 09:50:08] [INFO] [fetcher:268] - Sukses mengambil 1266 bar data untuk PGAS.JK (2026-07-14 s/d 2026-10-05 09:30)
[2026-10-05 09:50:08] [INFO] [storage:329] - Berhasil menyimpan 1266 baris data OHLCV untuk PGAS.JK (15m).
[2026-10-05 09:50:10] [INFO] [scheduler:238] - Memproses ANTM.JK...
[2026-10-05 09:50:10] [INFO] [fetcher:249] - Mengambil data ANTM.JK (interval=15m, period=60d, start=None, end=None) - Percobaan 1/3
[2026-10-05 09:50:10] [INFO] [fetcher:268] - Sukses mengambil 1266 bar data untuk ANTM.JK (2026-07-14 s/d 2026-10-05 09:30)
[2026-10-05 09:50:10] [INFO] [storage:329] - Berhasil menyimpan 1266 baris data OHLCV untuk ANTM.JK (15m).
[2026-10-05 09:50:12] [INFO] [scheduler:238] - Memproses MDKA.JK...
[2026-10-05 09:50:12] [INFO] [fetcher:249] - Mengambil data MDKA.JK (interval=15m, period=60d, start=None, end=None) - Percobaan 1/3
[2026-10-05 09:50:12] [INFO] [fetcher:268] - Sukses mengambil 1266 bar data untuk MDKA.JK (2026-07-14 s/d 2026-10-05 09:30)
[2026-10-05 09:50:12] [INFO] [storage:329] - Berhasil menyimpan 1266 baris data OHLCV untuk MDKA.JK (15m).
[2026-10-05 09:50:14] [INFO] [scheduler:238] - Memproses INCO.JK...
[2026-10-05 09:50:14] [INFO] [fetcher:249] - Mengambil data INCO.JK (interval=15m, period=60d, start=None, end=None) - Percobaan 1/3
[2026-10-05 09:50:14] [INFO] [fetcher:268] - Sukses mengambil 1266 bar data untuk INCO.JK (2026-07-14 s/d 2026-10-05 09:30)
[2026-10-05 09:50:14] [INFO] [storage:329] - Berhasil menyimpan 1266 baris data OHLCV untuk INCO.JK (15m).
[2026-10-05 09:50:16] [INFO] [scheduler:238] - Memproses TINS.JK...
[2026-10-05 09:50:16] [INFO] [fetcher:249] - Mengambil data TINS.JK (interval=15m, period=60d, start=None, end=None) - Percobaan 1/3
[2026-10-05 09:50:17] [INFO] [fetcher:268] - Sukses mengambil 1266 bar data untuk TINS.JK (2026-07-14 s/d 2026-10-05 09:30)
[2026-10-05 09:50:17] [INFO] [storage:329] - Berhasil menyimpan 1266 baris data OHLCV untuk TINS.JK (15m).
[2026-10-05 09:50:19] [INFO] [scheduler:238] - Memproses BRMS.JK...
[2026-10-05 09:50:19] [INFO] [fetcher:249] - Mengambil data BRMS.JK (interval=15m, period=60d, start=None, end=None) - Percobaan 1/3
[2026-10-05 09:50:19] [INFO] [fetcher:268] - Sukses mengambil 1266 bar data untuk BRMS.JK (2026-07-14 s/d 2026-10-05 09:30)
[2026-10-05 09:50:19] [INFO] [storage:329] - Berhasil menyimpan 1266 baris data OHLCV untuk BRMS.JK (15m).
[2026-10-05 09:50:21] [INFO] [scheduler:238] - Memproses BREN.JK...
[2026-10-05 09:50:21] [INFO] [fetcher:249] - Mengambil data BREN.JK (interval=15m, period=60d, start=None, end=None) - Percobaan 1/3
[2026-10-05 09:50:21] [INFO] [fetcher:268] - Sukses mengambil 1266 bar data untuk BREN.JK (2026-07-14 s/d 2026-10-05 09:30)
[2026-10-05 09:50:21] [INFO] [storage:329] - Berhasil menyimpan 1266 baris data OHLCV untuk BREN.JK (15m).
[2026-10-05 09:50:23] [INFO] [scheduler:238] - Memproses BRPT.JK...
[2026-10-05 09:50:23] [INFO] [fetcher:249] - Mengambil data BRPT.JK (interval=15m, period=60d, start=None, end=None) - Percobaan 1/3
[2026-10-05 09:50:24] [INFO] [fetcher:268] - Sukses mengambil 1266 bar data untuk BRPT.JK (2026-07-14 s/d 2026-10-05 09:30)
[2026-10-05 09:50:24] [INFO] [storage:329] - Berhasil menyimpan 1266 baris data OHLCV untuk BRPT.JK (15m).
[2026-10-05 09:50:26] [INFO] [scheduler:238] - Memproses AMMN.JK...
[2026-10-05 09:50:26] [INFO] [fetcher:249] - Mengambil data AMMN.JK (interval=15m, period=60d, start=None, end=None) - Percobaan 1/3
[2026-10-05 09:50:26] [INFO] [fetcher:268] - Sukses mengambil 1267 bar data untuk AMMN.JK (2026-07-14 s/d 2026-10-05 09:30)
[2026-10-05 09:50:26] [INFO] [storage:329] - Berhasil menyimpan 1267 baris data OHLCV untuk AMMN.JK (15m).
[2026-10-05 09:50:28] [INFO] [scheduler:238] - Memproses CUAN.JK...
[2026-10-05 09:50:28] [INFO] [fetcher:249] - Mengambil data CUAN.JK (interval=15m, period=60d, start=None, end=None) - Percobaan 1/3
[2026-10-05 09:50:28] [INFO] [fetcher:268] - Sukses mengambil 1266 bar data untuk CUAN.JK (2026-07-14 s/d 2026-10-05 09:30)
[2026-10-05 09:50:28] [INFO] [storage:329] - Berhasil menyimpan 1266 baris data OHLCV untuk CUAN.JK (15m).
[2026-10-05 09:50:30] [INFO] [fetcher:179] - Sukses mengambil 100 bar Spot Gold langsung dari terminal MT5 (XAUUSDc).
[2026-10-05 09:50:30] [INFO] [scheduler:238] - Memproses ICBP.JK...
[2026-10-05 09:50:30] [INFO] [fetcher:249] - Mengambil data ICBP.JK (interval=15m, period=60d, start=None, end=None) - Percobaan 1/3
[2026-10-05 09:50:30] [INFO] [storage:329] - Berhasil menyimpan 100 baris data OHLCV untuk XAUUSD (15m).
[2026-10-05 09:50:31] [INFO] [fetcher:268] - Sukses mengambil 1266 bar data untuk ICBP.JK (2026-07-14 s/d 2026-10-05 09:30)
[2026-10-05 09:50:31] [INFO] [storage:329] - Berhasil menyimpan 1266 baris data OHLCV untuk ICBP.JK (15m).
[2026-10-05 09:50:33] [INFO] [scheduler:238] - Memproses AMRT.JK...
[2026-10-05 09:50:33] [INFO] [fetcher:249] - Mengambil data AMRT.JK (interval=15m, period=60d, start=None, end=None) - Percobaan 1/3
[2026-10-05 09:50:33] [INFO] [fetcher:268] - Sukses mengambil 1266 bar data untuk AMRT.JK (2026-07-14 s/d 2026-10-05 09:30)
[2026-10-05 09:50:33] [INFO] [storage:329] - Berhasil menyimpan 1266 baris data OHLCV untuk AMRT.JK (15m).
[2026-10-05 09:50:36] [INFO] [scheduler:238] - Memproses MYOR.JK...
[2026-10-05 09:50:36] [INFO] [fetcher:249] - Mengambil data MYOR.JK (interval=15m, period=60d, start=None, end=None) - Percobaan 1/3
[2026-10-05 09:50:36] [INFO] [fetcher:268] - Sukses mengambil 1266 bar data untuk MYOR.JK (2026-07-14 s/d 2026-10-05 09:30)
[2026-10-05 09:50:36] [INFO] [storage:329] - Berhasil menyimpan 1266 baris data OHLCV untuk MYOR.JK (15m).
[2026-10-05 09:50:38] [INFO] [scheduler:238] - Memproses ACES.JK...
[2026-10-05 09:50:38] [INFO] [fetcher:249] - Mengambil data ACES.JK (interval=15m, period=60d, start=None, end=None) - Percobaan 1/3
[2026-10-05 09:50:38] [INFO] [fetcher:268] - Sukses mengambil 1265 bar data untuk ACES.JK (2026-07-14 s/d 2026-10-05 09:30)
[2026-10-05 09:50:38] [INFO] [storage:329] - Berhasil menyimpan 1265 baris data OHLCV untuk ACES.JK (15m).
[2026-10-05 09:50:40] [INFO] [scheduler:238] - Memproses GOTO.JK...
[2026-10-05 09:50:40] [INFO] [fetcher:249] - Mengambil data GOTO.JK (interval=15m, period=60d, start=None, end=None) - Percobaan 1/3
[2026-10-05 09:50:41] [INFO] [fetcher:268] - Sukses mengambil 1265 bar data untuk GOTO.JK (2026-07-14 s/d 2026-10-05 09:30)
[2026-10-05 09:50:41] [INFO] [storage:329] - Berhasil menyimpan 1265 baris data OHLCV untuk GOTO.JK (15m).
[2026-10-05 09:50:43] [INFO] [scheduler:238] - Memproses ARTO.JK...
[2026-10-05 09:50:43] [INFO] [fetcher:249] - Mengambil data ARTO.JK (interval=15m, period=60d, start=None, end=None) - Percobaan 1/3
[2026-10-05 09:50:43] [INFO] [fetcher:268] - Sukses mengambil 1266 bar data untuk ARTO.JK (2026-07-14 s/d 2026-10-05 09:30)
[2026-10-05 09:50:43] [INFO] [storage:329] - Berhasil menyimpan 1266 baris data OHLCV untuk ARTO.JK (15m).
[2026-10-05 09:50:45] [INFO] [fetcher:179] - Sukses mengambil 100 bar Spot Gold langsung dari terminal MT5 (XAUUSDc).
[2026-10-05 09:50:45] [INFO] [storage:329] - Berhasil menyimpan 100 baris data OHLCV untuk XAUUSD (15m).
[2026-10-05 09:50:45] [INFO] [scheduler:613] - === Pipeline Selesai: 28 saham diproses, 2 sinyal aktif, 1 notifikasi terkirim ===
[2026-10-05 09:51:30] [INFO] [fetcher:179] - Sukses mengambil 100 bar Spot Gold langsung dari terminal MT5 (XAUUSDc).
[2026-10-05 09:51:30] [INFO] [storage:329] - Berhasil menyimpan 100 baris data OHLCV untuk XAUUSD (15m).
[2026-10-05 09:52:30] [INFO] [fetcher:179] - Sukses mengambil 100 bar Spot Gold langsung dari terminal MT5 (XAUUSDc).
[2026-10-05 09:52:30] [INFO] [storage:329] - Berhasil menyimpan 100 baris data OHLCV untuk XAUUSD (15m).
[2026-10-05 09:53:30] [INFO] [fetcher:179] - Sukses mengambil 100 bar Spot Gold langsung dari terminal MT5 (XAUUSDc).
[2026-10-05 09:53:30] [INFO] [storage:329] - Berhasil menyimpan 100 baris data OHLCV untuk XAUUSD (15m).
[2026-10-05 09:54:30] [INFO] [fetcher:179] - Sukses mengambil 100 bar Spot Gold langsung dari terminal MT5 (XAUUSDc).
[2026-10-05 09:54:30] [INFO] [storage:329] - Berhasil menyimpan 100 baris data OHLCV untuk XAUUSD (15m).
[2026-10-05 09:55:30] [INFO] [fetcher:179] - Sukses mengambil 100 bar Spot Gold langsung dari terminal MT5 (XAUUSDc).
[2026-10-05 09:55:30] [INFO] [storage:329] - Berhasil menyimpan 100 baris data OHLCV untuk XAUUSD (15m).
[2026-10-05 09:56:30] [INFO] [fetcher:179] - Sukses mengambil 100 bar Spot Gold langsung dari terminal MT5 (XAUUSDc).
[2026-10-05 09:56:30] [INFO] [storage:329] - Berhasil menyimpan 100 baris data OHLCV untuk XAUUSD (15m).
[2026-10-05 09:56:45] [INFO] [scheduler:946] - 📢 Mengirim kartu hasil TP/SL MT5 #15252691157 (TP) ke Telegram (LIVE)...
[2026-10-05 09:56:46] [INFO] [telegram_bot:256] - Pesan berhasil terkirim ke Telegram (8754997836).
[2026-10-05 09:56:46] [INFO] [telegram_bot:256] - Pesan berhasil terkirim ke Telegram (7170889507).
[2026-10-05 09:56:47] [INFO] [telegram_bot:256] - Pesan berhasil terkirim ke Telegram (8301678027).
[2026-10-05 09:57:30] [INFO] [fetcher:179] - Sukses mengambil 100 bar Spot Gold langsung dari terminal MT5 (XAUUSDc).
[2026-10-05 09:57:30] [INFO] [storage:329] - Berhasil menyimpan 100 baris data OHLCV untuk XAUUSD (15m).
[2026-10-05 09:58:30] [INFO] [fetcher:179] - Sukses mengambil 100 bar Spot Gold langsung dari terminal MT5 (XAUUSDc).
[2026-10-05 09:58:30] [INFO] [storage:329] - Berhasil menyimpan 100 baris data OHLCV untuk XAUUSD (15m).
[2026-10-05 09:59:30] [INFO] [fetcher:179] - Sukses mengambil 100 bar Spot Gold langsung dari terminal MT5 (XAUUSDc).
[2026-10-05 09:59:30] [INFO] [storage:329] - Berhasil menyimpan 100 baris data OHLCV untuk XAUUSD (15m).
[2026-10-05 10:00:30] [INFO] [fetcher:179] - Sukses mengambil 100 bar Spot Gold langsung dari terminal MT5 (XAUUSDc).
[2026-10-05 10:00:30] [INFO] [storage:329] - Berhasil menyimpan 100 baris data OHLCV untuk XAUUSD (15m).
[2026-10-05 10:01:30] [INFO] [fetcher:179] - Sukses mengambil 100 bar Spot Gold langsung dari terminal MT5 (XAUUSDc).
[2026-10-05 10:01:30] [INFO] [storage:329] - Berhasil menyimpan 100 baris data OHLCV untuk XAUUSD (15m).
[2026-10-05 10:02:30] [INFO] [fetcher:179] - Sukses mengambil 100 bar Spot Gold langsung dari terminal MT5 (XAUUSDc).
[2026-10-05 10:02:30] [INFO] [storage:329] - Berhasil menyimpan 100 baris data OHLCV untuk XAUUSD (15m).
[2026-10-05 10:03:30] [INFO] [fetcher:179] - Sukses mengambil 100 bar Spot Gold langsung dari terminal MT5 (XAUUSDc).
[2026-10-05 10:03:30] [INFO] [storage:329] - Berhasil menyimpan 100 baris data OHLCV untuk XAUUSD (15m).
[2026-10-05 10:04:30] [INFO] [scheduler:174] - === Memulai Siklus Pipeline Analisis Saham & Komoditas ===
[2026-10-05 10:04:30] [INFO] [scheduler:182] - Status Pasar: IDX=BUKA | GOLD=BUKA
[2026-10-05 10:04:30] [INFO] [scheduler:203] - Mode Trading: INTRADAY (Interval: 15m, Watchlist: 28)
[2026-10-05 10:04:30] [INFO] [scheduler:238] - Memproses XAUUSD...
[2026-10-05 10:04:30] [INFO] [fetcher:179] - Sukses mengambil 100 bar Spot Gold langsung dari terminal MT5 (XAUUSDc).
[2026-10-05 10:04:30] [INFO] [storage:329] - Berhasil menyimpan 100 baris data OHLCV untuk XAUUSD (15m).
[2026-10-05 10:04:30] [INFO] [fetcher:179] - Sukses mengambil 100 bar Spot Gold langsung dari terminal MT5 (XAUUSDc).
[2026-10-05 10:04:30] [INFO] [storage:329] - Berhasil menyimpan 100 baris data OHLCV untuk XAUUSD (15m).
[2026-10-05 10:04:30] [INFO] [storage:608] - 🎯 Sinyal #637 BUY XAUUSD terselesaikan: LOSE @ 4146.02 (PnL: -0.23%) pada 2026-10-05 09:45:00
[2026-10-05 10:04:30] [INFO] [scheduler:262] - 🎯 Laporan TP/SL: XAUUSD BUY -> LOSE (-0.23%)
[2026-10-05 10:04:31] [INFO] [storage:453] - Sinyal SELL untuk XAUUSD tersimpan (ID: 639).
[2026-10-05 10:04:31] [INFO] [scheduler:351] - 🚨 Sinyal Baru Terdeteksi: SELL XAUUSD @ 4142.325
[2026-10-05 10:04:33] [INFO] [chart_generator:492] - Berhasil membuat chart visual TradingView: data\charts\chart_XAUUSD_15m_20261005_100431_85.png
[2026-10-05 10:04:33] [INFO] [mt5_bridge:1156] - 🛡️ [RR GUARD 3.0:1] Entry Ask/Bid $4142.25 -> TP: $4113.78 (+284 pips), SL: $4151.74 (-94 pips)
[2026-10-05 10:04:33] [INFO] [mt5_bridge:1216] - Mengirim Trade Request ke MT5: SELL 0.05 XAUUSDc @ 4142.25 (TP: 4113.78, SL: 4151.74)
[2026-10-05 10:04:33] [INFO] [mt5_bridge:1237] - ✅ Order MT5 #15252772914 berhasil dieksekusi! SELL 0.05 XAUUSDc @ 4142.25
[2026-10-05 10:04:33] [INFO] [scheduler:380] - 🤖 MT5 Auto-Trade Sukses: #15252772914 SELL 0.05 lot @ 4142.25
[2026-10-05 10:04:34] [INFO] [telegram_bot:256] - Pesan berhasil terkirim ke Telegram (8754997836).
[2026-10-05 10:04:35] [INFO] [telegram_bot:256] - Pesan berhasil terkirim ke Telegram (7170889507).
[2026-10-05 10:04:36] [INFO] [telegram_bot:256] - Pesan berhasil terkirim ke Telegram (8301678027).
[2026-10-05 10:04:39] [INFO] [telegram_bot:301] - Foto data\charts\chart_XAUUSD_15m_20261005_100431_85.png berhasil terkirim ke Telegram (8754997836).
[2026-10-05 10:04:41] [INFO] [telegram_bot:301] - Foto data\charts\chart_XAUUSD_15m_20261005_100431_85.png berhasil terkirim ke Telegram (7170889507).
[2026-10-05 10:04:43] [INFO] [telegram_bot:301] - Foto data\charts\chart_XAUUSD_15m_20261005_100431_85.png berhasil terkirim ke Telegram (8301678027).
[2026-10-05 10:04:43] [INFO] [scheduler:238] - Memproses BBCA.JK...
[2026-10-05 10:04:43] [INFO] [fetcher:249] - Mengambil data BBCA.JK (interval=15m, period=60d, start=None, end=None) - Percobaan 1/3
[2026-10-05 10:04:43] [INFO] [fetcher:268] - Sukses mengambil 1267 bar data untuk BBCA.JK (2026-07-14 s/d 2026-10-05 09:45)
[2026-10-05 10:04:43] [INFO] [storage:329] - Berhasil menyimpan 1267 baris data OHLCV untuk BBCA.JK (15m).
[2026-10-05 10:04:46] [INFO] [fetcher:179] - Sukses mengambil 100 bar Spot Gold langsung dari terminal MT5 (XAUUSDc).
[2026-10-05 10:04:46] [INFO] [scheduler:238] - Memproses BBRI.JK...
[2026-10-05 10:04:46] [INFO] [fetcher:249] - Mengambil data BBRI.JK (interval=15m, period=60d, start=None, end=None) - Percobaan 1/3
[2026-10-05 10:04:46] [INFO] [storage:329] - Berhasil menyimpan 100 baris data OHLCV untuk XAUUSD (15m).
[2026-10-05 10:04:47] [INFO] [fetcher:268] - Sukses mengambil 1267 bar data untuk BBRI.JK (2026-07-14 s/d 2026-10-05 09:45)
[2026-10-05 10:04:47] [INFO] [storage:329] - Berhasil menyimpan 1267 baris data OHLCV untuk BBRI.JK (15m).
[2026-10-05 10:04:50] [INFO] [scheduler:238] - Memproses BMRI.JK...
[2026-10-05 10:04:50] [INFO] [fetcher:249] - Mengambil data BMRI.JK (interval=15m, period=60d, start=None, end=None) - Percobaan 1/3
[2026-10-05 10:04:50] [INFO] [fetcher:268] - Sukses mengambil 1267 bar data untuk BMRI.JK (2026-07-14 s/d 2026-10-05 09:45)
[2026-10-05 10:04:50] [INFO] [storage:329] - Berhasil menyimpan 1267 baris data OHLCV untuk BMRI.JK (15m).
[2026-10-05 10:04:53] [INFO] [scheduler:238] - Memproses BBNI.JK...
[2026-10-05 10:04:53] [INFO] [fetcher:249] - Mengambil data BBNI.JK (interval=15m, period=60d, start=None, end=None) - Percobaan 1/3
[2026-10-05 10:04:53] [INFO] [fetcher:268] - Sukses mengambil 1267 bar data untuk BBNI.JK (2026-07-14 s/d 2026-10-05 09:45)
[2026-10-05 10:04:53] [INFO] [storage:329] - Berhasil menyimpan 1267 baris data OHLCV untuk BBNI.JK (15m).
[2026-10-05 10:04:56] [INFO] [scheduler:238] - Memproses BRIS.JK...
[2026-10-05 10:04:56] [INFO] [fetcher:249] - Mengambil data BRIS.JK (interval=15m, period=60d, start=None, end=None) - Percobaan 1/3
[2026-10-05 10:04:57] [INFO] [fetcher:268] - Sukses mengambil 1267 bar data untuk BRIS.JK (2026-07-14 s/d 2026-10-05 09:45)
[2026-10-05 10:04:57] [INFO] [storage:329] - Berhasil menyimpan 1267 baris data OHLCV untuk BRIS.JK (15m).
[2026-10-05 10:04:59] [INFO] [scheduler:238] - Memproses ASII.JK...
[2026-10-05 10:04:59] [INFO] [fetcher:249] - Mengambil data ASII.JK (interval=15m, period=60d, start=None, end=None) - Percobaan 1/3
[2026-10-05 10:05:00] [INFO] [fetcher:268] - Sukses mengambil 1267 bar data untuk ASII.JK (2026-07-14 s/d 2026-10-05 09:45)
[2026-10-05 10:05:00] [INFO] [storage:329] - Berhasil menyimpan 1267 baris data OHLCV untuk ASII.JK (15m).
[2026-10-05 10:05:00] [INFO] [fetcher:179] - Sukses mengambil 100 bar Spot Gold langsung dari terminal MT5 (XAUUSDc).
[2026-10-05 10:05:01] [INFO] [storage:329] - Berhasil menyimpan 100 baris data OHLCV untuk XAUUSD (15m).
[2026-10-05 10:05:03] [INFO] [scheduler:238] - Memproses TLKM.JK...
[2026-10-05 10:05:03] [INFO] [fetcher:249] - Mengambil data TLKM.JK (interval=15m, period=60d, start=None, end=None) - Percobaan 1/3
[2026-10-05 10:05:03] [INFO] [fetcher:268] - Sukses mengambil 1267 bar data untuk TLKM.JK (2026-07-14 s/d 2026-10-05 09:45)
[2026-10-05 10:05:03] [INFO] [storage:329] - Berhasil menyimpan 1267 baris data OHLCV untuk TLKM.JK (15m).
[2026-10-05 10:05:06] [INFO] [scheduler:238] - Memproses ADRO.JK...
[2026-10-05 10:05:06] [INFO] [fetcher:249] - Mengambil data ADRO.JK (interval=15m, period=60d, start=None, end=None) - Percobaan 1/3
[2026-10-05 10:05:06] [INFO] [fetcher:268] - Sukses mengambil 1267 bar data untuk ADRO.JK (2026-07-14 s/d 2026-10-05 09:45)
[2026-10-05 10:05:07] [INFO] [storage:329] - Berhasil menyimpan 1267 baris data OHLCV untuk ADRO.JK (15m).
[2026-10-05 10:05:09] [INFO] [scheduler:238] - Memproses MEDC.JK...
[2026-10-05 10:05:09] [INFO] [fetcher:249] - Mengambil data MEDC.JK (interval=15m, period=60d, start=None, end=None) - Percobaan 1/3
[2026-10-05 10:05:09] [INFO] [fetcher:268] - Sukses mengambil 1267 bar data untuk MEDC.JK (2026-07-14 s/d 2026-10-05 09:45)
[2026-10-05 10:05:10] [INFO] [storage:329] - Berhasil menyimpan 1267 baris data OHLCV untuk MEDC.JK (15m).
[2026-10-05 10:05:12] [INFO] [scheduler:238] - Memproses PTBA.JK...
[2026-10-05 10:05:12] [INFO] [fetcher:249] - Mengambil data PTBA.JK (interval=15m, period=60d, start=None, end=None) - Percobaan 1/3
[2026-10-05 10:05:13] [INFO] [fetcher:268] - Sukses mengambil 1267 bar data untuk PTBA.JK (2026-07-14 s/d 2026-10-05 09:45)
[2026-10-05 10:05:13] [INFO] [storage:329] - Berhasil menyimpan 1267 baris data OHLCV untuk PTBA.JK (15m).
[2026-10-05 10:05:16] [INFO] [fetcher:179] - Sukses mengambil 100 bar Spot Gold langsung dari terminal MT5 (XAUUSDc).
[2026-10-05 10:05:16] [INFO] [scheduler:238] - Memproses AKRA.JK...
[2026-10-05 10:05:16] [INFO] [fetcher:249] - Mengambil data AKRA.JK (interval=15m, period=60d, start=None, end=None) - Percobaan 1/3
[2026-10-05 10:05:16] [INFO] [storage:329] - Berhasil menyimpan 100 baris data OHLCV untuk XAUUSD (15m).
[2026-10-05 10:05:16] [INFO] [fetcher:268] - Sukses mengambil 1267 bar data untuk AKRA.JK (2026-07-14 s/d 2026-10-05 09:45)
[2026-10-05 10:05:17] [INFO] [storage:329] - Berhasil menyimpan 1267 baris data OHLCV untuk AKRA.JK (15m).
[2026-10-05 10:05:20] [INFO] [scheduler:238] - Memproses PGAS.JK...
[2026-10-05 10:05:20] [INFO] [fetcher:249] - Mengambil data PGAS.JK (interval=15m, period=60d, start=None, end=None) - Percobaan 1/3
[2026-10-05 10:05:20] [INFO] [fetcher:268] - Sukses mengambil 1267 bar data untuk PGAS.JK (2026-07-14 s/d 2026-10-05 09:45)
[2026-10-05 10:05:20] [INFO] [storage:329] - Berhasil menyimpan 1267 baris data OHLCV untuk PGAS.JK (15m).
[2026-10-05 10:05:24] [INFO] [scheduler:238] - Memproses ANTM.JK...
[2026-10-05 10:05:24] [INFO] [fetcher:249] - Mengambil data ANTM.JK (interval=15m, period=60d, start=None, end=None) - Percobaan 1/3
[2026-10-05 10:05:24] [INFO] [fetcher:268] - Sukses mengambil 1267 bar data untuk ANTM.JK (2026-07-14 s/d 2026-10-05 09:45)
[2026-10-05 10:05:24] [INFO] [storage:329] - Berhasil menyimpan 1267 baris data OHLCV untuk ANTM.JK (15m).
[2026-10-05 10:05:28] [INFO] [scheduler:238] - Memproses MDKA.JK...
[2026-10-05 10:05:28] [INFO] [fetcher:249] - Mengambil data MDKA.JK (interval=15m, period=60d, start=None, end=None) - Percobaan 1/3
[2026-10-05 10:05:28] [INFO] [fetcher:268] - Sukses mengambil 1267 bar data untuk MDKA.JK (2026-07-14 s/d 2026-10-05 09:45)
[2026-10-05 10:05:28] [INFO] [storage:329] - Berhasil menyimpan 1267 baris data OHLCV untuk MDKA.JK (15m).
[2026-10-05 10:05:30] [INFO] [fetcher:179] - Sukses mengambil 100 bar Spot Gold langsung dari terminal MT5 (XAUUSDc).
[2026-10-05 10:05:31] [INFO] [fetcher:179] - Sukses mengambil 100 bar Spot Gold langsung dari terminal MT5 (XAUUSDc).
[2026-10-05 10:05:31] [INFO] [scheduler:238] - Memproses INCO.JK...
[2026-10-05 10:05:31] [INFO] [storage:329] - Berhasil menyimpan 100 baris data OHLCV untuk XAUUSD (15m).
[2026-10-05 10:05:31] [INFO] [fetcher:249] - Mengambil data INCO.JK (interval=15m, period=60d, start=None, end=None) - Percobaan 1/3
[2026-10-05 10:05:31] [INFO] [storage:329] - Berhasil menyimpan 100 baris data OHLCV untuk XAUUSD (15m).
[2026-10-05 10:05:31] [INFO] [fetcher:268] - Sukses mengambil 1267 bar data untuk INCO.JK (2026-07-14 s/d 2026-10-05 09:45)
[2026-10-05 10:05:31] [INFO] [storage:329] - Berhasil menyimpan 1267 baris data OHLCV untuk INCO.JK (15m).
[2026-10-05 10:05:34] [INFO] [scheduler:238] - Memproses TINS.JK...
[2026-10-05 10:05:34] [INFO] [fetcher:249] - Mengambil data TINS.JK (interval=15m, period=60d, start=None, end=None) - Percobaan 1/3
[2026-10-05 10:05:35] [INFO] [fetcher:268] - Sukses mengambil 1267 bar data untuk TINS.JK (2026-07-14 s/d 2026-10-05 09:45)
[2026-10-05 10:05:35] [INFO] [storage:329] - Berhasil menyimpan 1267 baris data OHLCV untuk TINS.JK (15m).
[2026-10-05 10:05:37] [INFO] [scheduler:238] - Memproses BRMS.JK...
[2026-10-05 10:05:37] [INFO] [fetcher:249] - Mengambil data BRMS.JK (interval=15m, period=60d, start=None, end=None) - Percobaan 1/3
[2026-10-05 10:05:38] [INFO] [fetcher:268] - Sukses mengambil 1267 bar data untuk BRMS.JK (2026-07-14 s/d 2026-10-05 09:45)
[2026-10-05 10:05:38] [INFO] [storage:329] - Berhasil menyimpan 1267 baris data OHLCV untuk BRMS.JK (15m).
[2026-10-05 10:05:41] [INFO] [scheduler:238] - Memproses BREN.JK...
[2026-10-05 10:05:41] [INFO] [fetcher:249] - Mengambil data BREN.JK (interval=15m, period=60d, start=None, end=None) - Percobaan 1/3
[2026-10-05 10:05:41] [INFO] [fetcher:268] - Sukses mengambil 1267 bar data untuk BREN.JK (2026-07-14 s/d 2026-10-05 09:45)
[2026-10-05 10:05:41] [INFO] [storage:329] - Berhasil menyimpan 1267 baris data OHLCV untuk BREN.JK (15m).
[2026-10-05 10:05:46] [INFO] [fetcher:179] - Sukses mengambil 100 bar Spot Gold langsung dari terminal MT5 (XAUUSDc).
[2026-10-05 10:05:47] [INFO] [storage:329] - Berhasil menyimpan 100 baris data OHLCV untuk XAUUSD (15m).
[2026-10-05 10:05:47] [INFO] [scheduler:238] - Memproses BRPT.JK...
[2026-10-05 10:05:47] [INFO] [fetcher:249] - Mengambil data BRPT.JK (interval=15m, period=60d, start=None, end=None) - Percobaan 1/3
[2026-10-05 10:05:48] [INFO] [fetcher:268] - Sukses mengambil 1267 bar data untuk BRPT.JK (2026-07-14 s/d 2026-10-05 09:45)
[2026-10-05 10:05:48] [INFO] [storage:329] - Berhasil menyimpan 1267 baris data OHLCV untuk BRPT.JK (15m).
[2026-10-05 10:05:51] [INFO] [scheduler:238] - Memproses AMMN.JK...
[2026-10-05 10:05:51] [INFO] [fetcher:249] - Mengambil data AMMN.JK (interval=15m, period=60d, start=None, end=None) - Percobaan 1/3
[2026-10-05 10:05:52] [INFO] [fetcher:268] - Sukses mengambil 1268 bar data untuk AMMN.JK (2026-07-14 s/d 2026-10-05 09:45)
[2026-10-05 10:05:52] [INFO] [storage:329] - Berhasil menyimpan 1268 baris data OHLCV untuk AMMN.JK (15m).
[2026-10-05 10:05:55] [INFO] [scheduler:238] - Memproses CUAN.JK...
[2026-10-05 10:05:55] [INFO] [fetcher:249] - Mengambil data CUAN.JK (interval=15m, period=60d, start=None, end=None) - Percobaan 1/3
[2026-10-05 10:05:55] [INFO] [fetcher:268] - Sukses mengambil 1267 bar data untuk CUAN.JK (2026-07-14 s/d 2026-10-05 09:45)
[2026-10-05 10:05:55] [INFO] [storage:329] - Berhasil menyimpan 1267 baris data OHLCV untuk CUAN.JK (15m).
[2026-10-05 10:05:58] [INFO] [scheduler:238] - Memproses ICBP.JK...
[2026-10-05 10:05:58] [INFO] [fetcher:249] - Mengambil data ICBP.JK (interval=15m, period=60d, start=None, end=None) - Percobaan 1/3
[2026-10-05 10:05:58] [INFO] [fetcher:268] - Sukses mengambil 1267 bar data untuk ICBP.JK (2026-07-14 s/d 2026-10-05 09:45)
[2026-10-05 10:05:58] [INFO] [storage:329] - Berhasil menyimpan 1267 baris data OHLCV untuk ICBP.JK (15m).
[2026-10-05 10:06:01] [INFO] [fetcher:179] - Sukses mengambil 100 bar Spot Gold langsung dari terminal MT5 (XAUUSDc).
[2026-10-05 10:06:01] [INFO] [scheduler:238] - Memproses AMRT.JK...
[2026-10-05 10:06:01] [INFO] [fetcher:249] - Mengambil data AMRT.JK (interval=15m, period=60d, start=None, end=None) - Percobaan 1/3
[2026-10-05 10:06:01] [INFO] [storage:329] - Berhasil menyimpan 100 baris data OHLCV untuk XAUUSD (15m).
[2026-10-05 10:06:02] [INFO] [fetcher:268] - Sukses mengambil 1267 bar data untuk AMRT.JK (2026-07-14 s/d 2026-10-05 09:45)
[2026-10-05 10:06:02] [INFO] [storage:329] - Berhasil menyimpan 1267 baris data OHLCV untuk AMRT.JK (15m).
[2026-10-05 10:06:04] [INFO] [scheduler:238] - Memproses MYOR.JK...
[2026-10-05 10:06:04] [INFO] [fetcher:249] - Mengambil data MYOR.JK (interval=15m, period=60d, start=None, end=None) - Percobaan 1/3
[2026-10-05 10:06:04] [INFO] [fetcher:268] - Sukses mengambil 1267 bar data untuk MYOR.JK (2026-07-14 s/d 2026-10-05 09:45)
[2026-10-05 10:06:05] [INFO] [storage:329] - Berhasil menyimpan 1267 baris data OHLCV untuk MYOR.JK (15m).
[2026-10-05 10:06:07] [INFO] [scheduler:238] - Memproses ACES.JK...
[2026-10-05 10:06:07] [INFO] [fetcher:249] - Mengambil data ACES.JK (interval=15m, period=60d, start=None, end=None) - Percobaan 1/3
[2026-10-05 10:06:08] [INFO] [fetcher:268] - Sukses mengambil 1266 bar data untuk ACES.JK (2026-07-14 s/d 2026-10-05 09:45)
[2026-10-05 10:06:08] [INFO] [storage:329] - Berhasil menyimpan 1266 baris data OHLCV untuk ACES.JK (15m).
[2026-10-05 10:06:10] [INFO] [scheduler:238] - Memproses GOTO.JK...
[2026-10-05 10:06:10] [INFO] [fetcher:249] - Mengambil data GOTO.JK (interval=15m, period=60d, start=None, end=None) - Percobaan 1/3
[2026-10-05 10:06:11] [INFO] [fetcher:268] - Sukses mengambil 1266 bar data untuk GOTO.JK (2026-07-14 s/d 2026-10-05 09:45)
[2026-10-05 10:06:11] [INFO] [storage:329] - Berhasil menyimpan 1266 baris data OHLCV untuk GOTO.JK (15m).
[2026-10-05 10:06:13] [INFO] [scheduler:238] - Memproses ARTO.JK...
[2026-10-05 10:06:13] [INFO] [fetcher:249] - Mengambil data ARTO.JK (interval=15m, period=60d, start=None, end=None) - Percobaan 1/3
[2026-10-05 10:06:13] [INFO] [fetcher:268] - Sukses mengambil 1267 bar data untuk ARTO.JK (2026-07-14 s/d 2026-10-05 09:45)
[2026-10-05 10:06:14] [INFO] [storage:329] - Berhasil menyimpan 1267 baris data OHLCV untuk ARTO.JK (15m).
[2026-10-05 10:06:16] [INFO] [fetcher:179] - Sukses mengambil 100 bar Spot Gold langsung dari terminal MT5 (XAUUSDc).
[2026-10-05 10:06:17] [INFO] [storage:329] - Berhasil menyimpan 100 baris data OHLCV untuk XAUUSD (15m).
[2026-10-05 10:06:18] [INFO] [fetcher:179] - Sukses mengambil 100 bar Spot Gold langsung dari terminal MT5 (XAUUSDc).
[2026-10-05 10:06:18] [INFO] [storage:329] - Berhasil menyimpan 100 baris data OHLCV untuk XAUUSD (15m).
[2026-10-05 10:06:18] [INFO] [scheduler:613] - === Pipeline Selesai: 28 saham diproses, 1 sinyal aktif, 1 notifikasi terkirim ===
[2026-10-05 10:06:30] [INFO] [mt5_bridge:1384] - 🛡️ Modifikasi MT5 #15252772914 berhasil: SL=4142.05, TP=4113.78
[2026-10-05 10:06:30] [INFO] [scheduler:1129] - 🛡️ [BEP LOCK AKTIF - LONG/TP JAUH - Sesi Asia (Tokyo/Sydney)] XAUUSD #15252772914 SELL: SL digeser ke $4142.05 (Floating: +$3.56 USD / +35 pips). Transaksi kini BEBAS RISIKO (Risk-Free)!
[2026-10-05 10:06:30] [INFO] [fetcher:179] - Sukses mengambil 100 bar Spot Gold langsung dari terminal MT5 (XAUUSDc).
[2026-10-05 10:06:30] [INFO] [storage:329] - Berhasil menyimpan 100 baris data OHLCV untuk XAUUSD (15m).
[2026-10-05 10:06:31] [INFO] [telegram_bot:256] - Pesan berhasil terkirim ke Telegram (8754997836).
[2026-10-05 10:06:32] [INFO] [telegram_bot:256] - Pesan berhasil terkirim ke Telegram (7170889507).
[2026-10-05 10:06:33] [INFO] [telegram_bot:256] - Pesan berhasil terkirim ke Telegram (8301678027).
[2026-10-05 10:06:33] [INFO] [fetcher:179] - Sukses mengambil 100 bar Spot Gold langsung dari terminal MT5 (XAUUSDc).
[2026-10-05 10:06:33] [INFO] [storage:329] - Berhasil menyimpan 100 baris data OHLCV untuk XAUUSD (15m).
[2026-10-05 10:06:45] [INFO] [fetcher:179] - Sukses mengambil 100 bar Spot Gold langsung dari terminal MT5 (XAUUSDc).
[2026-10-05 10:06:45] [INFO] [storage:329] - Berhasil menyimpan 100 baris data OHLCV untuk XAUUSD (15m).
[2026-10-05 10:07:00] [INFO] [fetcher:179] - Sukses mengambil 100 bar Spot Gold langsung dari terminal MT5 (XAUUSDc).
[2026-10-05 10:07:00] [INFO] [storage:329] - Berhasil menyimpan 100 baris data OHLCV untuk XAUUSD (15m).
[2026-10-05 10:07:15] [INFO] [fetcher:179] - Sukses mengambil 100 bar Spot Gold langsung dari terminal MT5 (XAUUSDc).
[2026-10-05 10:07:15] [INFO] [storage:329] - Berhasil menyimpan 100 baris data OHLCV untuk XAUUSD (15m).
[2026-10-05 10:07:30] [INFO] [fetcher:179] - Sukses mengambil 100 bar Spot Gold langsung dari terminal MT5 (XAUUSDc).
[2026-10-05 10:07:30] [INFO] [fetcher:179] - Sukses mengambil 100 bar Spot Gold langsung dari terminal MT5 (XAUUSDc).
[2026-10-05 10:07:30] [INFO] [storage:329] - Berhasil menyimpan 100 baris data OHLCV untuk XAUUSD (15m).
[2026-10-05 10:07:30] [INFO] [storage:329] - Berhasil menyimpan 100 baris data OHLCV untuk XAUUSD (15m).
[2026-10-05 10:07:45] [INFO] [fetcher:179] - Sukses mengambil 100 bar Spot Gold langsung dari terminal MT5 (XAUUSDc).
[2026-10-05 10:07:45] [INFO] [storage:329] - Berhasil menyimpan 100 baris data OHLCV untuk XAUUSD (15m).
[2026-10-05 10:08:00] [INFO] [fetcher:179] - Sukses mengambil 100 bar Spot Gold langsung dari terminal MT5 (XAUUSDc).
[2026-10-05 10:08:00] [INFO] [storage:329] - Berhasil menyimpan 100 baris data OHLCV untuk XAUUSD (15m).
[2026-10-05 10:08:15] [INFO] [fetcher:179] - Sukses mengambil 100 bar Spot Gold langsung dari terminal MT5 (XAUUSDc).
[2026-10-05 10:08:15] [INFO] [storage:329] - Berhasil menyimpan 100 baris data OHLCV untuk XAUUSD (15m).
[2026-10-05 10:08:30] [INFO] [fetcher:179] - Sukses mengambil 100 bar Spot Gold langsung dari terminal MT5 (XAUUSDc).
[2026-10-05 10:08:30] [INFO] [fetcher:179] - Sukses mengambil 100 bar Spot Gold langsung dari terminal MT5 (XAUUSDc).
[2026-10-05 10:08:30] [INFO] [storage:329] - Berhasil menyimpan 100 baris data OHLCV untuk XAUUSD (15m).
[2026-10-05 10:08:30] [INFO] [storage:329] - Berhasil menyimpan 100 baris data OHLCV untuk XAUUSD (15m).
[2026-10-05 10:08:45] [INFO] [fetcher:179] - Sukses mengambil 100 bar Spot Gold langsung dari terminal MT5 (XAUUSDc).
[2026-10-05 10:08:45] [INFO] [storage:329] - Berhasil menyimpan 100 baris data OHLCV untuk XAUUSD (15m).
[2026-10-05 10:09:00] [INFO] [fetcher:179] - Sukses mengambil 100 bar Spot Gold langsung dari terminal MT5 (XAUUSDc).
[2026-10-05 10:09:00] [INFO] [storage:329] - Berhasil menyimpan 100 baris data OHLCV untuk XAUUSD (15m).
[2026-10-05 10:09:15] [INFO] [fetcher:179] - Sukses mengambil 100 bar Spot Gold langsung dari terminal MT5 (XAUUSDc).
[2026-10-05 10:09:15] [INFO] [storage:329] - Berhasil menyimpan 100 baris data OHLCV untuk XAUUSD (15m).
[2026-10-05 10:09:30] [INFO] [fetcher:179] - Sukses mengambil 100 bar Spot Gold langsung dari terminal MT5 (XAUUSDc).
[2026-10-05 10:09:30] [INFO] [fetcher:179] - Sukses mengambil 100 bar Spot Gold langsung dari terminal MT5 (XAUUSDc).
[2026-10-05 10:09:30] [INFO] [storage:329] - Berhasil menyimpan 100 baris data OHLCV untuk XAUUSD (15m).
[2026-10-05 10:09:30] [INFO] [storage:329] - Berhasil menyimpan 100 baris data OHLCV untuk XAUUSD (15m).
[2026-10-05 10:09:45] [INFO] [fetcher:179] - Sukses mengambil 100 bar Spot Gold langsung dari terminal MT5 (XAUUSDc).
[2026-10-05 10:09:45] [INFO] [storage:329] - Berhasil menyimpan 100 baris data OHLCV untuk XAUUSD (15m).
[2026-10-05 10:10:00] [INFO] [fetcher:179] - Sukses mengambil 100 bar Spot Gold langsung dari terminal MT5 (XAUUSDc).
[2026-10-05 10:10:00] [INFO] [storage:329] - Berhasil menyimpan 100 baris data OHLCV untuk XAUUSD (15m).
[2026-10-05 10:10:15] [INFO] [fetcher:179] - Sukses mengambil 100 bar Spot Gold langsung dari terminal MT5 (XAUUSDc).
[2026-10-05 10:10:15] [INFO] [storage:329] - Berhasil menyimpan 100 baris data OHLCV untuk XAUUSD (15m).
[2026-10-05 10:10:30] [INFO] [fetcher:179] - Sukses mengambil 100 bar Spot Gold langsung dari terminal MT5 (XAUUSDc).
[2026-10-05 10:10:30] [INFO] [fetcher:179] - Sukses mengambil 100 bar Spot Gold langsung dari terminal MT5 (XAUUSDc).
[2026-10-05 10:10:30] [INFO] [storage:329] - Berhasil menyimpan 100 baris data OHLCV untuk XAUUSD (15m).
[2026-10-05 10:10:30] [INFO] [storage:329] - Berhasil menyimpan 100 baris data OHLCV untuk XAUUSD (15m).
[2026-10-05 10:10:45] [INFO] [fetcher:179] - Sukses mengambil 100 bar Spot Gold langsung dari terminal MT5 (XAUUSDc).
[2026-10-05 10:10:45] [INFO] [storage:329] - Berhasil menyimpan 100 baris data OHLCV untuk XAUUSD (15m).
[2026-10-05 10:11:00] [INFO] [fetcher:179] - Sukses mengambil 100 bar Spot Gold langsung dari terminal MT5 (XAUUSDc).
[2026-10-05 10:11:00] [INFO] [storage:329] - Berhasil menyimpan 100 baris data OHLCV untuk XAUUSD (15m).
[2026-10-05 10:11:15] [INFO] [fetcher:179] - Sukses mengambil 100 bar Spot Gold langsung dari terminal MT5 (XAUUSDc).
[2026-10-05 10:11:15] [INFO] [storage:329] - Berhasil menyimpan 100 baris data OHLCV untuk XAUUSD (15m).
[2026-10-05 10:11:30] [INFO] [fetcher:179] - Sukses mengambil 100 bar Spot Gold langsung dari terminal MT5 (XAUUSDc).
[2026-10-05 10:11:30] [INFO] [fetcher:179] - Sukses mengambil 100 bar Spot Gold langsung dari terminal MT5 (XAUUSDc).
[2026-10-05 10:11:30] [INFO] [storage:329] - Berhasil menyimpan 100 baris data OHLCV untuk XAUUSD (15m).
[2026-10-05 10:11:30] [INFO] [storage:329] - Berhasil menyimpan 100 baris data OHLCV untuk XAUUSD (15m).
[2026-10-05 10:11:45] [INFO] [fetcher:179] - Sukses mengambil 100 bar Spot Gold langsung dari terminal MT5 (XAUUSDc).
[2026-10-05 10:11:45] [INFO] [storage:329] - Berhasil menyimpan 100 baris data OHLCV untuk XAUUSD (15m).
[2026-10-05 10:12:00] [INFO] [fetcher:179] - Sukses mengambil 100 bar Spot Gold langsung dari terminal MT5 (XAUUSDc).
[2026-10-05 10:12:00] [INFO] [storage:329] - Berhasil menyimpan 100 baris data OHLCV untuk XAUUSD (15m).
[2026-10-05 10:12:15] [INFO] [fetcher:179] - Sukses mengambil 100 bar Spot Gold langsung dari terminal MT5 (XAUUSDc).
[2026-10-05 10:12:15] [INFO] [storage:329] - Berhasil menyimpan 100 baris data OHLCV untuk XAUUSD (15m).
[2026-10-05 10:12:30] [INFO] [fetcher:179] - Sukses mengambil 100 bar Spot Gold langsung dari terminal MT5 (XAUUSDc).
[2026-10-05 10:12:30] [INFO] [fetcher:179] - Sukses mengambil 100 bar Spot Gold langsung dari terminal MT5 (XAUUSDc).
[2026-10-05 10:12:30] [INFO] [storage:329] - Berhasil menyimpan 100 baris data OHLCV untuk XAUUSD (15m).
[2026-10-05 10:12:30] [INFO] [storage:329] - Berhasil menyimpan 100 baris data OHLCV untuk XAUUSD (15m).
[2026-10-05 10:12:45] [INFO] [fetcher:179] - Sukses mengambil 100 bar Spot Gold langsung dari terminal MT5 (XAUUSDc).
[2026-10-05 10:12:45] [INFO] [storage:329] - Berhasil menyimpan 100 baris data OHLCV untuk XAUUSD (15m).
[2026-10-05 10:13:00] [INFO] [fetcher:179] - Sukses mengambil 100 bar Spot Gold langsung dari terminal MT5 (XAUUSDc).
[2026-10-05 10:13:00] [INFO] [storage:329] - Berhasil menyimpan 100 baris data OHLCV untuk XAUUSD (15m).
[2026-10-05 10:13:15] [INFO] [fetcher:179] - Sukses mengambil 100 bar Spot Gold langsung dari terminal MT5 (XAUUSDc).
[2026-10-05 10:13:15] [INFO] [storage:329] - Berhasil menyimpan 100 baris data OHLCV untuk XAUUSD (15m).
[2026-10-05 10:13:30] [INFO] [fetcher:179] - Sukses mengambil 100 bar Spot Gold langsung dari terminal MT5 (XAUUSDc).
[2026-10-05 10:13:30] [INFO] [fetcher:179] - Sukses mengambil 100 bar Spot Gold langsung dari terminal MT5 (XAUUSDc).
[2026-10-05 10:13:30] [INFO] [storage:329] - Berhasil menyimpan 100 baris data OHLCV untuk XAUUSD (15m).
[2026-10-05 10:13:30] [INFO] [storage:329] - Berhasil menyimpan 100 baris data OHLCV untuk XAUUSD (15m).
[2026-10-05 10:13:45] [INFO] [fetcher:179] - Sukses mengambil 100 bar Spot Gold langsung dari terminal MT5 (XAUUSDc).
[2026-10-05 10:13:45] [INFO] [storage:329] - Berhasil menyimpan 100 baris data OHLCV untuk XAUUSD (15m).
[2026-10-05 10:14:00] [INFO] [fetcher:179] - Sukses mengambil 100 bar Spot Gold langsung dari terminal MT5 (XAUUSDc).
[2026-10-05 10:14:00] [INFO] [storage:329] - Berhasil menyimpan 100 baris data OHLCV untuk XAUUSD (15m).
[2026-10-05 10:14:15] [INFO] [fetcher:179] - Sukses mengambil 100 bar Spot Gold langsung dari terminal MT5 (XAUUSDc).
[2026-10-05 10:14:15] [INFO] [storage:329] - Berhasil menyimpan 100 baris data OHLCV untuk XAUUSD (15m).
[2026-10-05 10:14:30] [INFO] [fetcher:179] - Sukses mengambil 100 bar Spot Gold langsung dari terminal MT5 (XAUUSDc).
[2026-10-05 10:14:30] [INFO] [storage:329] - Berhasil menyimpan 100 baris data OHLCV untuk XAUUSD (15m).
[2026-10-05 10:14:30] [INFO] [fetcher:179] - Sukses mengambil 100 bar Spot Gold langsung dari terminal MT5 (XAUUSDc).
[2026-10-05 10:14:30] [INFO] [storage:329] - Berhasil menyimpan 100 baris data OHLCV untuk XAUUSD (15m).
[2026-10-05 10:14:45] [INFO] [fetcher:179] - Sukses mengambil 100 bar Spot Gold langsung dari terminal MT5 (XAUUSDc).
[2026-10-05 10:14:45] [INFO] [storage:329] - Berhasil menyimpan 100 baris data OHLCV untuk XAUUSD (15m).
[2026-10-05 10:15:00] [INFO] [fetcher:179] - Sukses mengambil 100 bar Spot Gold langsung dari terminal MT5 (XAUUSDc).
[2026-10-05 10:15:00] [INFO] [storage:329] - Berhasil menyimpan 100 baris data OHLCV untuk XAUUSD (15m).
[2026-10-05 10:15:15] [INFO] [fetcher:179] - Sukses mengambil 100 bar Spot Gold langsung dari terminal MT5 (XAUUSDc).
[2026-10-05 10:15:15] [INFO] [storage:329] - Berhasil menyimpan 100 baris data OHLCV untuk XAUUSD (15m).
[2026-10-05 10:15:30] [INFO] [fetcher:179] - Sukses mengambil 100 bar Spot Gold langsung dari terminal MT5 (XAUUSDc).
[2026-10-05 10:15:30] [INFO] [fetcher:179] - Sukses mengambil 100 bar Spot Gold langsung dari terminal MT5 (XAUUSDc).
[2026-10-05 10:15:30] [INFO] [storage:329] - Berhasil menyimpan 100 baris data OHLCV untuk XAUUSD (15m).
[2026-10-05 10:15:30] [INFO] [storage:329] - Berhasil menyimpan 100 baris data OHLCV untuk XAUUSD (15m).
[2026-10-05 10:15:45] [INFO] [fetcher:179] - Sukses mengambil 100 bar Spot Gold langsung dari terminal MT5 (XAUUSDc).
[2026-10-05 10:15:45] [INFO] [storage:329] - Berhasil menyimpan 100 baris data OHLCV untuk XAUUSD (15m).
[2026-10-05 10:16:00] [INFO] [fetcher:179] - Sukses mengambil 100 bar Spot Gold langsung dari terminal MT5 (XAUUSDc).
[2026-10-05 10:16:00] [INFO] [storage:329] - Berhasil menyimpan 100 baris data OHLCV untuk XAUUSD (15m).
[2026-10-05 10:16:15] [INFO] [fetcher:179] - Sukses mengambil 100 bar Spot Gold langsung dari terminal MT5 (XAUUSDc).
[2026-10-05 10:16:15] [INFO] [storage:329] - Berhasil menyimpan 100 baris data OHLCV untuk XAUUSD (15m).
[2026-10-05 10:16:30] [INFO] [fetcher:179] - Sukses mengambil 100 bar Spot Gold langsung dari terminal MT5 (XAUUSDc).
[2026-10-05 10:16:30] [INFO] [storage:329] - Berhasil menyimpan 100 baris data OHLCV untuk XAUUSD (15m).
[2026-10-05 10:16:30] [INFO] [fetcher:179] - Sukses mengambil 100 bar Spot Gold langsung dari terminal MT5 (XAUUSDc).
[2026-10-05 10:16:30] [INFO] [storage:329] - Berhasil menyimpan 100 baris data OHLCV untuk XAUUSD (15m).
[2026-10-05 10:16:45] [INFO] [fetcher:179] - Sukses mengambil 100 bar Spot Gold langsung dari terminal MT5 (XAUUSDc).
[2026-10-05 10:16:45] [INFO] [storage:329] - Berhasil menyimpan 100 baris data OHLCV untuk XAUUSD (15m).
[2026-10-05 10:17:00] [INFO] [fetcher:179] - Sukses mengambil 100 bar Spot Gold langsung dari terminal MT5 (XAUUSDc).
[2026-10-05 10:17:00] [INFO] [storage:329] - Berhasil menyimpan 100 baris data OHLCV untuk XAUUSD (15m).
[2026-10-05 10:17:15] [INFO] [fetcher:179] - Sukses mengambil 100 bar Spot Gold langsung dari terminal MT5 (XAUUSDc).
[2026-10-05 10:17:15] [INFO] [storage:329] - Berhasil menyimpan 100 baris data OHLCV untuk XAUUSD (15m).
[2026-10-05 10:17:30] [INFO] [fetcher:179] - Sukses mengambil 100 bar Spot Gold langsung dari terminal MT5 (XAUUSDc).
[2026-10-05 10:17:30] [INFO] [storage:329] - Berhasil menyimpan 100 baris data OHLCV untuk XAUUSD (15m).
[2026-10-05 10:17:30] [INFO] [fetcher:179] - Sukses mengambil 100 bar Spot Gold langsung dari terminal MT5 (XAUUSDc).
[2026-10-05 10:17:30] [INFO] [storage:329] - Berhasil menyimpan 100 baris data OHLCV untuk XAUUSD (15m).
[2026-10-05 10:17:45] [INFO] [fetcher:179] - Sukses mengambil 100 bar Spot Gold langsung dari terminal MT5 (XAUUSDc).
[2026-10-05 10:17:45] [INFO] [storage:329] - Berhasil menyimpan 100 baris data OHLCV untuk XAUUSD (15m).
[2026-10-05 10:18:00] [INFO] [fetcher:179] - Sukses mengambil 100 bar Spot Gold langsung dari terminal MT5 (XAUUSDc).
[2026-10-05 10:18:00] [INFO] [storage:329] - Berhasil menyimpan 100 baris data OHLCV untuk XAUUSD (15m).
[2026-10-05 10:18:15] [INFO] [fetcher:179] - Sukses mengambil 100 bar Spot Gold langsung dari terminal MT5 (XAUUSDc).
[2026-10-05 10:18:15] [INFO] [storage:329] - Berhasil menyimpan 100 baris data OHLCV untuk XAUUSD (15m).
[2026-10-05 10:18:30] [INFO] [fetcher:179] - Sukses mengambil 100 bar Spot Gold langsung dari terminal MT5 (XAUUSDc).
[2026-10-05 10:18:30] [INFO] [fetcher:179] - Sukses mengambil 100 bar Spot Gold langsung dari terminal MT5 (XAUUSDc).
[2026-10-05 10:18:30] [INFO] [storage:329] - Berhasil menyimpan 100 baris data OHLCV untuk XAUUSD (15m).
[2026-10-05 10:18:30] [INFO] [storage:329] - Berhasil menyimpan 100 baris data OHLCV untuk XAUUSD (15m).
[2026-10-05 10:18:45] [INFO] [fetcher:179] - Sukses mengambil 100 bar Spot Gold langsung dari terminal MT5 (XAUUSDc).
[2026-10-05 10:18:45] [INFO] [storage:329] - Berhasil menyimpan 100 baris data OHLCV untuk XAUUSD (15m).
[2026-10-05 10:19:00] [INFO] [fetcher:179] - Sukses mengambil 100 bar Spot Gold langsung dari terminal MT5 (XAUUSDc).
[2026-10-05 10:19:00] [INFO] [storage:329] - Berhasil menyimpan 100 baris data OHLCV untuk XAUUSD (15m).
[2026-10-05 10:19:15] [INFO] [fetcher:179] - Sukses mengambil 100 bar Spot Gold langsung dari terminal MT5 (XAUUSDc).
[2026-10-05 10:19:15] [INFO] [storage:329] - Berhasil menyimpan 100 baris data OHLCV untuk XAUUSD (15m).
[2026-10-05 10:19:30] [INFO] [scheduler:174] - === Memulai Siklus Pipeline Analisis Saham & Komoditas ===
[2026-10-05 10:19:30] [INFO] [fetcher:179] - Sukses mengambil 100 bar Spot Gold langsung dari terminal MT5 (XAUUSDc).
[2026-10-05 10:19:30] [INFO] [fetcher:179] - Sukses mengambil 100 bar Spot Gold langsung dari terminal MT5 (XAUUSDc).
[2026-10-05 10:19:30] [INFO] [storage:329] - Berhasil menyimpan 100 baris data OHLCV untuk XAUUSD (15m).
[2026-10-05 10:19:30] [INFO] [fetcher:179] - Sukses mengambil 100 bar Spot Gold langsung dari terminal MT5 (XAUUSDc).
[2026-10-05 10:19:30] [INFO] [storage:329] - Berhasil menyimpan 100 baris data OHLCV untuk XAUUSD (15m).
[2026-10-05 10:19:31] [INFO] [scheduler:182] - Status Pasar: IDX=BUKA | GOLD=BUKA
[2026-10-05 10:19:31] [INFO] [scheduler:203] - Mode Trading: INTRADAY (Interval: 15m, Watchlist: 28)
[2026-10-05 10:19:31] [INFO] [scheduler:238] - Memproses XAUUSD...
[2026-10-05 10:19:31] [INFO] [storage:329] - Berhasil menyimpan 100 baris data OHLCV untuk XAUUSD (15m).
[2026-10-05 10:19:31] [INFO] [fetcher:179] - Sukses mengambil 100 bar Spot Gold langsung dari terminal MT5 (XAUUSDc).
[2026-10-05 10:19:32] [INFO] [storage:329] - Berhasil menyimpan 100 baris data OHLCV untuk XAUUSD (15m).
[2026-10-05 10:19:34] [INFO] [chart_generator:492] - Berhasil membuat chart visual TradingView: data\charts\chart_XAUUSD_15m_20261005_101932_88.png
[2026-10-05 10:19:34] [INFO] [mt5_bridge:951] - Batas posisi tercapai (1/1 posisi XAUUSD aktif di MT5). Mode: CENT USC Disiplin (Maks 1 Posisi). Menunggu posisi selesai (TP/SL) sebelum membuka posisi baru.
[2026-10-05 10:19:34] [INFO] [scheduler:589] - ℹ️ [AUTO-EXECUTE A+ DITAHAN MT5 GUARD] Batas posisi tercapai (1/1 posisi XAUUSD aktif di MT5). Mode: CENT USC Disiplin (Maks 1 Posisi). Menunggu posisi selesai (TP/SL) sebelum membuka posisi baru.
[2026-10-05 10:19:34] [INFO] [scheduler:238] - Memproses BBCA.JK...
[2026-10-05 10:19:34] [INFO] [fetcher:249] - Mengambil data BBCA.JK (interval=15m, period=60d, start=None, end=None) - Percobaan 1/3
[2026-10-05 10:19:34] [INFO] [fetcher:268] - Sukses mengambil 1268 bar data untuk BBCA.JK (2026-07-14 s/d 2026-10-05 10:00)
[2026-10-05 10:19:34] [INFO] [storage:329] - Berhasil menyimpan 1268 baris data OHLCV untuk BBCA.JK (15m).
[2026-10-05 10:19:37] [INFO] [scheduler:238] - Memproses BBRI.JK...
[2026-10-05 10:19:37] [INFO] [fetcher:249] - Mengambil data BBRI.JK (interval=15m, period=60d, start=None, end=None) - Percobaan 1/3
[2026-10-05 10:19:38] [INFO] [fetcher:268] - Sukses mengambil 1268 bar data untuk BBRI.JK (2026-07-14 s/d 2026-10-05 10:00)
[2026-10-05 10:19:38] [INFO] [storage:329] - Berhasil menyimpan 1268 baris data OHLCV untuk BBRI.JK (15m).
[2026-10-05 10:19:41] [INFO] [scheduler:238] - Memproses BMRI.JK...
[2026-10-05 10:19:41] [INFO] [fetcher:249] - Mengambil data BMRI.JK (interval=15m, period=60d, start=None, end=None) - Percobaan 1/3
[2026-10-05 10:19:41] [INFO] [fetcher:268] - Sukses mengambil 1268 bar data untuk BMRI.JK (2026-07-14 s/d 2026-10-05 10:00)
[2026-10-05 10:19:41] [INFO] [storage:329] - Berhasil menyimpan 1268 baris data OHLCV untuk BMRI.JK (15m).
[2026-10-05 10:19:44] [INFO] [scheduler:238] - Memproses BBNI.JK...
[2026-10-05 10:19:44] [INFO] [fetcher:249] - Mengambil data BBNI.JK (interval=15m, period=60d, start=None, end=None) - Percobaan 1/3
[2026-10-05 10:19:44] [INFO] [fetcher:268] - Sukses mengambil 1268 bar data untuk BBNI.JK (2026-07-14 s/d 2026-10-05 10:00)
[2026-10-05 10:19:44] [INFO] [storage:329] - Berhasil menyimpan 1268 baris data OHLCV untuk BBNI.JK (15m).
[2026-10-05 10:19:46] [INFO] [fetcher:179] - Sukses mengambil 100 bar Spot Gold langsung dari terminal MT5 (XAUUSDc).
[2026-10-05 10:19:46] [INFO] [storage:329] - Berhasil menyimpan 100 baris data OHLCV untuk XAUUSD (15m).
[2026-10-05 10:19:47] [INFO] [scheduler:238] - Memproses BRIS.JK...
[2026-10-05 10:19:47] [INFO] [fetcher:249] - Mengambil data BRIS.JK (interval=15m, period=60d, start=None, end=None) - Percobaan 1/3
[2026-10-05 10:19:47] [INFO] [fetcher:268] - Sukses mengambil 1268 bar data untuk BRIS.JK (2026-07-14 s/d 2026-10-05 10:00)
[2026-10-05 10:19:47] [INFO] [storage:329] - Berhasil menyimpan 1268 baris data OHLCV untuk BRIS.JK (15m).
[2026-10-05 10:19:49] [INFO] [scheduler:238] - Memproses ASII.JK...
[2026-10-05 10:19:49] [INFO] [fetcher:249] - Mengambil data ASII.JK (interval=15m, period=60d, start=None, end=None) - Percobaan 1/3
[2026-10-05 10:19:49] [INFO] [fetcher:268] - Sukses mengambil 1268 bar data untuk ASII.JK (2026-07-14 s/d 2026-10-05 10:00)
[2026-10-05 10:19:49] [INFO] [storage:329] - Berhasil menyimpan 1268 baris data OHLCV untuk ASII.JK (15m).
[2026-10-05 10:19:50] [INFO] [scheduler:238] - Memproses TLKM.JK...
[2026-10-05 10:19:50] [INFO] [fetcher:249] - Mengambil data TLKM.JK (interval=15m, period=60d, start=None, end=None) - Percobaan 1/3
[2026-10-05 10:19:50] [INFO] [fetcher:268] - Sukses mengambil 1268 bar data untuk TLKM.JK (2026-07-14 s/d 2026-10-05 10:00)
[2026-10-05 10:19:50] [INFO] [storage:329] - Berhasil menyimpan 1268 baris data OHLCV untuk TLKM.JK (15m).
[2026-10-05 10:19:52] [INFO] [scheduler:238] - Memproses ADRO.JK...
[2026-10-05 10:19:52] [INFO] [fetcher:249] - Mengambil data ADRO.JK (interval=15m, period=60d, start=None, end=None) - Percobaan 1/3
[2026-10-05 10:19:52] [INFO] [fetcher:268] - Sukses mengambil 1268 bar data untuk ADRO.JK (2026-07-14 s/d 2026-10-05 10:00)
[2026-10-05 10:19:52] [INFO] [storage:329] - Berhasil menyimpan 1268 baris data OHLCV untuk ADRO.JK (15m).
[2026-10-05 10:19:53] [INFO] [scheduler:238] - Memproses MEDC.JK...
[2026-10-05 10:19:53] [INFO] [fetcher:249] - Mengambil data MEDC.JK (interval=15m, period=60d, start=None, end=None) - Percobaan 1/3
[2026-10-05 10:19:53] [INFO] [fetcher:268] - Sukses mengambil 1268 bar data untuk MEDC.JK (2026-07-14 s/d 2026-10-05 10:00)
[2026-10-05 10:19:53] [INFO] [storage:329] - Berhasil menyimpan 1268 baris data OHLCV untuk MEDC.JK (15m).
[2026-10-05 10:19:54] [INFO] [scheduler:238] - Memproses PTBA.JK...
[2026-10-05 10:19:54] [INFO] [fetcher:249] - Mengambil data PTBA.JK (interval=15m, period=60d, start=None, end=None) - Percobaan 1/3
[2026-10-05 10:19:54] [INFO] [fetcher:268] - Sukses mengambil 1268 bar data untuk PTBA.JK (2026-07-14 s/d 2026-10-05 10:00)
[2026-10-05 10:19:54] [INFO] [storage:329] - Berhasil menyimpan 1268 baris data OHLCV untuk PTBA.JK (15m).
[2026-10-05 10:19:55] [INFO] [scheduler:238] - Memproses AKRA.JK...
[2026-10-05 10:19:55] [INFO] [fetcher:249] - Mengambil data AKRA.JK (interval=15m, period=60d, start=None, end=None) - Percobaan 1/3
[2026-10-05 10:19:55] [INFO] [fetcher:268] - Sukses mengambil 1268 bar data untuk AKRA.JK (2026-07-14 s/d 2026-10-05 10:00)
[2026-10-05 10:19:56] [INFO] [storage:329] - Berhasil menyimpan 1268 baris data OHLCV untuk AKRA.JK (15m).
[2026-10-05 10:19:57] [INFO] [scheduler:238] - Memproses PGAS.JK...
[2026-10-05 10:19:57] [INFO] [fetcher:249] - Mengambil data PGAS.JK (interval=15m, period=60d, start=None, end=None) - Percobaan 1/3
[2026-10-05 10:19:57] [INFO] [fetcher:268] - Sukses mengambil 1268 bar data untuk PGAS.JK (2026-07-14 s/d 2026-10-05 10:00)
[2026-10-05 10:19:57] [INFO] [storage:329] - Berhasil menyimpan 1268 baris data OHLCV untuk PGAS.JK (15m).
[2026-10-05 10:19:58] [INFO] [scheduler:238] - Memproses ANTM.JK...
[2026-10-05 10:19:58] [INFO] [fetcher:249] - Mengambil data ANTM.JK (interval=15m, period=60d, start=None, end=None) - Percobaan 1/3
[2026-10-05 10:19:58] [INFO] [fetcher:268] - Sukses mengambil 1268 bar data untuk ANTM.JK (2026-07-14 s/d 2026-10-05 10:00)
[2026-10-05 10:19:58] [INFO] [storage:329] - Berhasil menyimpan 1268 baris data OHLCV untuk ANTM.JK (15m).
[2026-10-05 10:19:59] [INFO] [scheduler:238] - Memproses MDKA.JK...
[2026-10-05 10:19:59] [INFO] [fetcher:249] - Mengambil data MDKA.JK (interval=15m, period=60d, start=None, end=None) - Percobaan 1/3
[2026-10-05 10:19:59] [INFO] [fetcher:268] - Sukses mengambil 1268 bar data untuk MDKA.JK (2026-07-14 s/d 2026-10-05 10:00)
[2026-10-05 10:19:59] [INFO] [storage:329] - Berhasil menyimpan 1268 baris data OHLCV untuk MDKA.JK (15m).
[2026-10-05 10:20:00] [INFO] [fetcher:179] - Sukses mengambil 100 bar Spot Gold langsung dari terminal MT5 (XAUUSDc).
[2026-10-05 10:20:00] [INFO] [scheduler:238] - Memproses INCO.JK...
[2026-10-05 10:20:00] [INFO] [fetcher:249] - Mengambil data INCO.JK (interval=15m, period=60d, start=None, end=None) - Percobaan 1/3
[2026-10-05 10:20:00] [INFO] [storage:329] - Berhasil menyimpan 100 baris data OHLCV untuk XAUUSD (15m).
[2026-10-05 10:20:01] [INFO] [fetcher:268] - Sukses mengambil 1268 bar data untuk INCO.JK (2026-07-14 s/d 2026-10-05 10:00)
[2026-10-05 10:20:01] [INFO] [storage:329] - Berhasil menyimpan 1268 baris data OHLCV untuk INCO.JK (15m).
[2026-10-05 10:20:02] [INFO] [scheduler:238] - Memproses TINS.JK...
[2026-10-05 10:20:02] [INFO] [fetcher:249] - Mengambil data TINS.JK (interval=15m, period=60d, start=None, end=None) - Percobaan 1/3
[2026-10-05 10:20:02] [INFO] [fetcher:268] - Sukses mengambil 1268 bar data untuk TINS.JK (2026-07-14 s/d 2026-10-05 10:00)
[2026-10-05 10:20:02] [INFO] [storage:329] - Berhasil menyimpan 1268 baris data OHLCV untuk TINS.JK (15m).
[2026-10-05 10:20:03] [INFO] [scheduler:238] - Memproses BRMS.JK...
[2026-10-05 10:20:03] [INFO] [fetcher:249] - Mengambil data BRMS.JK (interval=15m, period=60d, start=None, end=None) - Percobaan 1/3
[2026-10-05 10:20:04] [INFO] [fetcher:268] - Sukses mengambil 1268 bar data untuk BRMS.JK (2026-07-14 s/d 2026-10-05 10:00)
[2026-10-05 10:20:04] [INFO] [storage:329] - Berhasil menyimpan 1268 baris data OHLCV untuk BRMS.JK (15m).
[2026-10-05 10:20:04] [INFO] [scheduler:238] - Memproses BREN.JK...
[2026-10-05 10:20:04] [INFO] [fetcher:249] - Mengambil data BREN.JK (interval=15m, period=60d, start=None, end=None) - Percobaan 1/3
[2026-10-05 10:20:05] [INFO] [fetcher:268] - Sukses mengambil 1268 bar data untuk BREN.JK (2026-07-14 s/d 2026-10-05 10:00)
[2026-10-05 10:20:05] [INFO] [storage:329] - Berhasil menyimpan 1268 baris data OHLCV untuk BREN.JK (15m).
[2026-10-05 10:20:06] [INFO] [scheduler:238] - Memproses BRPT.JK...
[2026-10-05 10:20:06] [INFO] [fetcher:249] - Mengambil data BRPT.JK (interval=15m, period=60d, start=None, end=None) - Percobaan 1/3
[2026-10-05 10:20:06] [INFO] [fetcher:268] - Sukses mengambil 1268 bar data untuk BRPT.JK (2026-07-14 s/d 2026-10-05 10:00)
[2026-10-05 10:20:06] [INFO] [storage:329] - Berhasil menyimpan 1268 baris data OHLCV untuk BRPT.JK (15m).
[2026-10-05 10:20:07] [INFO] [scheduler:238] - Memproses AMMN.JK...
[2026-10-05 10:20:07] [INFO] [fetcher:249] - Mengambil data AMMN.JK (interval=15m, period=60d, start=None, end=None) - Percobaan 1/3
[2026-10-05 10:20:07] [INFO] [fetcher:268] - Sukses mengambil 1269 bar data untuk AMMN.JK (2026-07-14 s/d 2026-10-05 10:00)
[2026-10-05 10:20:07] [INFO] [storage:329] - Berhasil menyimpan 1269 baris data OHLCV untuk AMMN.JK (15m).
[2026-10-05 10:20:08] [INFO] [scheduler:238] - Memproses CUAN.JK...
[2026-10-05 10:20:08] [INFO] [fetcher:249] - Mengambil data CUAN.JK (interval=15m, period=60d, start=None, end=None) - Percobaan 1/3
[2026-10-05 10:20:08] [INFO] [fetcher:268] - Sukses mengambil 1268 bar data untuk CUAN.JK (2026-07-14 s/d 2026-10-05 10:00)
[2026-10-05 10:20:08] [INFO] [storage:329] - Berhasil menyimpan 1268 baris data OHLCV untuk CUAN.JK (15m).
[2026-10-05 10:20:09] [INFO] [scheduler:238] - Memproses ICBP.JK...
[2026-10-05 10:20:09] [INFO] [fetcher:249] - Mengambil data ICBP.JK (interval=15m, period=60d, start=None, end=None) - Percobaan 1/3
[2026-10-05 10:20:09] [INFO] [fetcher:268] - Sukses mengambil 1268 bar data untuk ICBP.JK (2026-07-14 s/d 2026-10-05 10:00)
[2026-10-05 10:20:09] [INFO] [storage:329] - Berhasil menyimpan 1268 baris data OHLCV untuk ICBP.JK (15m).
[2026-10-05 10:20:10] [INFO] [scheduler:238] - Memproses AMRT.JK...
[2026-10-05 10:20:10] [INFO] [fetcher:249] - Mengambil data AMRT.JK (interval=15m, period=60d, start=None, end=None) - Percobaan 1/3
[2026-10-05 10:20:10] [INFO] [fetcher:268] - Sukses mengambil 1268 bar data untuk AMRT.JK (2026-07-14 s/d 2026-10-05 10:00)
[2026-10-05 10:20:10] [INFO] [storage:329] - Berhasil menyimpan 1268 baris data OHLCV untuk AMRT.JK (15m).
[2026-10-05 10:20:11] [INFO] [scheduler:238] - Memproses MYOR.JK...
[2026-10-05 10:20:11] [INFO] [fetcher:249] - Mengambil data MYOR.JK (interval=15m, period=60d, start=None, end=None) - Percobaan 1/3
[2026-10-05 10:20:11] [INFO] [fetcher:268] - Sukses mengambil 1268 bar data untuk MYOR.JK (2026-07-14 s/d 2026-10-05 10:00)
[2026-10-05 10:20:11] [INFO] [storage:329] - Berhasil menyimpan 1268 baris data OHLCV untuk MYOR.JK (15m).
[2026-10-05 10:20:12] [INFO] [scheduler:238] - Memproses ACES.JK...
[2026-10-05 10:20:12] [INFO] [fetcher:249] - Mengambil data ACES.JK (interval=15m, period=60d, start=None, end=None) - Percobaan 1/3
[2026-10-05 10:20:12] [INFO] [fetcher:268] - Sukses mengambil 1267 bar data untuk ACES.JK (2026-07-14 s/d 2026-10-05 10:00)
[2026-10-05 10:20:12] [INFO] [storage:329] - Berhasil menyimpan 1267 baris data OHLCV untuk ACES.JK (15m).
[2026-10-05 10:20:13] [INFO] [scheduler:238] - Memproses GOTO.JK...
[2026-10-05 10:20:13] [INFO] [fetcher:249] - Mengambil data GOTO.JK (interval=15m, period=60d, start=None, end=None) - Percobaan 1/3
[2026-10-05 10:20:13] [INFO] [fetcher:268] - Sukses mengambil 1267 bar data untuk GOTO.JK (2026-07-14 s/d 2026-10-05 10:00)
[2026-10-05 10:20:13] [INFO] [storage:329] - Berhasil menyimpan 1267 baris data OHLCV untuk GOTO.JK (15m).
[2026-10-05 10:20:14] [INFO] [scheduler:238] - Memproses ARTO.JK...
[2026-10-05 10:20:14] [INFO] [fetcher:249] - Mengambil data ARTO.JK (interval=15m, period=60d, start=None, end=None) - Percobaan 1/3
[2026-10-05 10:20:14] [INFO] [fetcher:268] - Sukses mengambil 1268 bar data untuk ARTO.JK (2026-07-14 s/d 2026-10-05 10:00)
[2026-10-05 10:20:14] [INFO] [storage:329] - Berhasil menyimpan 1268 baris data OHLCV untuk ARTO.JK (15m).
[2026-10-05 10:20:15] [INFO] [scheduler:946] - 📢 Mengirim kartu hasil TP/SL MT5 #15252772914 (TRAILING_SL) ke Telegram (LIVE)...
[2026-10-05 10:20:16] [INFO] [fetcher:179] - Sukses mengambil 100 bar Spot Gold langsung dari terminal MT5 (XAUUSDc).
[2026-10-05 10:20:16] [INFO] [storage:329] - Berhasil menyimpan 100 baris data OHLCV untuk XAUUSD (15m).
[2026-10-05 10:20:16] [INFO] [scheduler:613] - === Pipeline Selesai: 28 saham diproses, 1 sinyal aktif, 0 notifikasi terkirim ===
[2026-10-05 10:20:16] [INFO] [telegram_bot:256] - Pesan berhasil terkirim ke Telegram (8754997836).
[2026-10-05 10:20:17] [INFO] [telegram_bot:256] - Pesan berhasil terkirim ke Telegram (7170889507).
[2026-10-05 10:20:18] [INFO] [telegram_bot:256] - Pesan berhasil terkirim ke Telegram (8301678027).
[2026-10-05 10:20:30] [INFO] [fetcher:179] - Sukses mengambil 100 bar Spot Gold langsung dari terminal MT5 (XAUUSDc).
[2026-10-05 10:20:30] [INFO] [storage:329] - Berhasil menyimpan 100 baris data OHLCV untuk XAUUSD (15m).
[2026-10-05 10:21:30] [INFO] [fetcher:179] - Sukses mengambil 100 bar Spot Gold langsung dari terminal MT5 (XAUUSDc).
[2026-10-05 10:21:30] [INFO] [storage:329] - Berhasil menyimpan 100 baris data OHLCV untuk XAUUSD (15m).
[2026-10-05 10:22:30] [INFO] [fetcher:179] - Sukses mengambil 100 bar Spot Gold langsung dari terminal MT5 (XAUUSDc).
[2026-10-05 10:22:30] [INFO] [storage:329] - Berhasil menyimpan 100 baris data OHLCV untuk XAUUSD (15m).
[2026-10-05 10:23:30] [INFO] [fetcher:179] - Sukses mengambil 100 bar Spot Gold langsung dari terminal MT5 (XAUUSDc).
[2026-10-05 10:23:30] [INFO] [storage:329] - Berhasil menyimpan 100 baris data OHLCV untuk XAUUSD (15m).
[2026-10-05 10:24:30] [INFO] [fetcher:179] - Sukses mengambil 100 bar Spot Gold langsung dari terminal MT5 (XAUUSDc).
[2026-10-05 10:24:30] [INFO] [storage:329] - Berhasil menyimpan 100 baris data OHLCV untuk XAUUSD (15m).
[2026-10-05 10:25:30] [INFO] [fetcher:179] - Sukses mengambil 100 bar Spot Gold langsung dari terminal MT5 (XAUUSDc).
[2026-10-05 10:25:30] [INFO] [storage:329] - Berhasil menyimpan 100 baris data OHLCV untuk XAUUSD (15m).
[2026-10-05 10:26:30] [INFO] [fetcher:179] - Sukses mengambil 100 bar Spot Gold langsung dari terminal MT5 (XAUUSDc).
[2026-10-05 10:26:30] [INFO] [storage:329] - Berhasil menyimpan 100 baris data OHLCV untuk XAUUSD (15m).
[2026-10-05 10:27:30] [INFO] [fetcher:179] - Sukses mengambil 100 bar Spot Gold langsung dari terminal MT5 (XAUUSDc).
[2026-10-05 10:27:30] [INFO] [storage:329] - Berhasil menyimpan 100 baris data OHLCV untuk XAUUSD (15m).
[2026-10-05 10:28:30] [INFO] [fetcher:179] - Sukses mengambil 100 bar Spot Gold langsung dari terminal MT5 (XAUUSDc).
[2026-10-05 10:28:30] [INFO] [storage:329] - Berhasil menyimpan 100 baris data OHLCV untuk XAUUSD (15m).
[2026-10-05 10:29:30] [INFO] [fetcher:179] - Sukses mengambil 100 bar Spot Gold langsung dari terminal MT5 (XAUUSDc).
[2026-10-05 10:29:30] [INFO] [storage:329] - Berhasil menyimpan 100 baris data OHLCV untuk XAUUSD (15m).
[2026-10-05 10:30:30] [INFO] [fetcher:179] - Sukses mengambil 100 bar Spot Gold langsung dari terminal MT5 (XAUUSDc).
[2026-10-05 10:30:30] [INFO] [storage:329] - Berhasil menyimpan 100 baris data OHLCV untuk XAUUSD (15m).
[2026-10-05 10:30:59] [INFO] [fetcher:179] - Sukses mengambil 100 bar Spot Gold langsung dari terminal MT5 (XAUUSDc).
[2026-10-05 10:30:59] [INFO] [storage:329] - Berhasil menyimpan 100 baris data OHLCV untuk XAUUSD (15m).
[2026-10-05 10:31:01] [INFO] [chart_generator:492] - Berhasil membuat chart visual TradingView: data\charts\chart_XAUUSD_15m_20261005_103100_29.png
[2026-10-05 10:31:30] [INFO] [fetcher:179] - Sukses mengambil 100 bar Spot Gold langsung dari terminal MT5 (XAUUSDc).
[2026-10-05 10:31:30] [INFO] [storage:329] - Berhasil menyimpan 100 baris data OHLCV untuk XAUUSD (15m).
[2026-10-05 10:32:30] [INFO] [fetcher:179] - Sukses mengambil 100 bar Spot Gold langsung dari terminal MT5 (XAUUSDc).
[2026-10-05 10:32:30] [INFO] [storage:329] - Berhasil menyimpan 100 baris data OHLCV untuk XAUUSD (15m).
[2026-10-05 10:33:30] [INFO] [fetcher:179] - Sukses mengambil 100 bar Spot Gold langsung dari terminal MT5 (XAUUSDc).
[2026-10-05 10:33:30] [INFO] [storage:329] - Berhasil menyimpan 100 baris data OHLCV untuk XAUUSD (15m).
[2026-10-05 10:34:30] [INFO] [scheduler:174] - === Memulai Siklus Pipeline Analisis Saham & Komoditas ===
[2026-10-05 10:34:30] [INFO] [scheduler:182] - Status Pasar: IDX=BUKA | GOLD=BUKA
[2026-10-05 10:34:30] [INFO] [scheduler:203] - Mode Trading: INTRADAY (Interval: 15m, Watchlist: 28)
[2026-10-05 10:34:30] [INFO] [scheduler:238] - Memproses XAUUSD...
[2026-10-05 10:34:30] [INFO] [fetcher:179] - Sukses mengambil 100 bar Spot Gold langsung dari terminal MT5 (XAUUSDc).
[2026-10-05 10:34:30] [INFO] [storage:329] - Berhasil menyimpan 100 baris data OHLCV untuk XAUUSD (15m).
[2026-10-05 10:34:30] [INFO] [fetcher:179] - Sukses mengambil 100 bar Spot Gold langsung dari terminal MT5 (XAUUSDc).
[2026-10-05 10:34:30] [INFO] [storage:329] - Berhasil menyimpan 100 baris data OHLCV untuk XAUUSD (15m).
[2026-10-05 10:34:30] [INFO] [storage:453] - Sinyal SELL untuk XAUUSD tersimpan (ID: 640).
[2026-10-05 10:34:30] [INFO] [scheduler:351] - 🚨 Sinyal Baru Terdeteksi: SELL XAUUSD @ 4146.005
[2026-10-05 10:34:31] [INFO] [chart_generator:492] - Berhasil membuat chart visual TradingView: data\charts\chart_XAUUSD_15m_20261005_103431_01.png
[2026-10-05 10:34:31] [INFO] [mt5_bridge:1156] - 🛡️ [RR GUARD 3.0:1] Entry Ask/Bid $4145.10 -> TP: $4116.57 (+285 pips), SL: $4154.61 (-95 pips)
[2026-10-05 10:34:31] [INFO] [mt5_bridge:1216] - Mengirim Trade Request ke MT5: SELL 0.01 XAUUSDc @ 4145.1 (TP: 4116.57, SL: 4154.61)
[2026-10-05 10:34:32] [INFO] [mt5_bridge:1237] - ✅ Order MT5 #15252907636 berhasil dieksekusi! SELL 0.01 XAUUSDc @ 4145.1
[2026-10-05 10:34:32] [INFO] [scheduler:380] - 🤖 MT5 Auto-Trade Sukses: #15252907636 SELL 0.01 lot @ 4145.1
[2026-10-05 10:34:32] [INFO] [telegram_bot:256] - Pesan berhasil terkirim ke Telegram (8754997836).
[2026-10-05 10:34:36] [INFO] [telegram_bot:256] - Pesan berhasil terkirim ke Telegram (7170889507).
[2026-10-05 10:34:37] [INFO] [telegram_bot:256] - Pesan berhasil terkirim ke Telegram (8301678027).
[2026-10-05 10:34:40] [INFO] [telegram_bot:301] - Foto data\charts\chart_XAUUSD_15m_20261005_103431_01.png berhasil terkirim ke Telegram (8754997836).
[2026-10-05 10:34:45] [INFO] [telegram_bot:301] - Foto data\charts\chart_XAUUSD_15m_20261005_103431_01.png berhasil terkirim ke Telegram (7170889507).
[2026-10-05 10:34:45] [INFO] [fetcher:179] - Sukses mengambil 100 bar Spot Gold langsung dari terminal MT5 (XAUUSDc).
[2026-10-05 10:34:45] [INFO] [storage:329] - Berhasil menyimpan 100 baris data OHLCV untuk XAUUSD (15m).
[2026-10-05 10:34:46] [INFO] [telegram_bot:301] - Foto data\charts\chart_XAUUSD_15m_20261005_103431_01.png berhasil terkirim ke Telegram (8301678027).
[2026-10-05 10:34:46] [INFO] [scheduler:238] - Memproses BBCA.JK...
[2026-10-05 10:34:46] [INFO] [fetcher:249] - Mengambil data BBCA.JK (interval=15m, period=60d, start=None, end=None) - Percobaan 1/3
[2026-10-05 10:34:46] [INFO] [fetcher:268] - Sukses mengambil 1269 bar data untuk BBCA.JK (2026-07-14 s/d 2026-10-05 10:15)
[2026-10-05 10:34:47] [INFO] [storage:329] - Berhasil menyimpan 1269 baris data OHLCV untuk BBCA.JK (15m).
[2026-10-05 10:34:48] [INFO] [scheduler:238] - Memproses BBRI.JK...
[2026-10-05 10:34:48] [INFO] [fetcher:249] - Mengambil data BBRI.JK (interval=15m, period=60d, start=None, end=None) - Percobaan 1/3
[2026-10-05 10:34:48] [INFO] [fetcher:268] - Sukses mengambil 1269 bar data untuk BBRI.JK (2026-07-14 s/d 2026-10-05 10:15)
[2026-10-05 10:34:48] [INFO] [storage:329] - Berhasil menyimpan 1269 baris data OHLCV untuk BBRI.JK (15m).
[2026-10-05 10:34:49] [INFO] [scheduler:238] - Memproses BMRI.JK...
[2026-10-05 10:34:49] [INFO] [fetcher:249] - Mengambil data BMRI.JK (interval=15m, period=60d, start=None, end=None) - Percobaan 1/3
[2026-10-05 10:34:49] [INFO] [fetcher:268] - Sukses mengambil 1269 bar data untuk BMRI.JK (2026-07-14 s/d 2026-10-05 10:15)
[2026-10-05 10:34:49] [INFO] [storage:329] - Berhasil menyimpan 1269 baris data OHLCV untuk BMRI.JK (15m).
[2026-10-05 10:34:50] [INFO] [scheduler:238] - Memproses BBNI.JK...
[2026-10-05 10:34:50] [INFO] [fetcher:249] - Mengambil data BBNI.JK (interval=15m, period=60d, start=None, end=None) - Percobaan 1/3
[2026-10-05 10:34:50] [INFO] [fetcher:268] - Sukses mengambil 1269 bar data untuk BBNI.JK (2026-07-14 s/d 2026-10-05 10:15)
[2026-10-05 10:34:50] [INFO] [storage:329] - Berhasil menyimpan 1269 baris data OHLCV untuk BBNI.JK (15m).
[2026-10-05 10:34:52] [INFO] [scheduler:238] - Memproses BRIS.JK...
[2026-10-05 10:34:52] [INFO] [fetcher:249] - Mengambil data BRIS.JK (interval=15m, period=60d, start=None, end=None) - Percobaan 1/3
[2026-10-05 10:34:52] [INFO] [fetcher:268] - Sukses mengambil 1269 bar data untuk BRIS.JK (2026-07-14 s/d 2026-10-05 10:15)
[2026-10-05 10:34:52] [INFO] [storage:329] - Berhasil menyimpan 1269 baris data OHLCV untuk BRIS.JK (15m).
[2026-10-05 10:34:53] [INFO] [scheduler:238] - Memproses ASII.JK...
[2026-10-05 10:34:53] [INFO] [fetcher:249] - Mengambil data ASII.JK (interval=15m, period=60d, start=None, end=None) - Percobaan 1/3
[2026-10-05 10:34:53] [INFO] [fetcher:268] - Sukses mengambil 1269 bar data untuk ASII.JK (2026-07-14 s/d 2026-10-05 10:15)
[2026-10-05 10:34:53] [INFO] [storage:329] - Berhasil menyimpan 1269 baris data OHLCV untuk ASII.JK (15m).
[2026-10-05 10:34:54] [INFO] [scheduler:238] - Memproses TLKM.JK...
[2026-10-05 10:34:54] [INFO] [fetcher:249] - Mengambil data TLKM.JK (interval=15m, period=60d, start=None, end=None) - Percobaan 1/3
[2026-10-05 10:34:54] [INFO] [fetcher:268] - Sukses mengambil 1269 bar data untuk TLKM.JK (2026-07-14 s/d 2026-10-05 10:15)
[2026-10-05 10:34:54] [INFO] [storage:329] - Berhasil menyimpan 1269 baris data OHLCV untuk TLKM.JK (15m).
[2026-10-05 10:34:56] [INFO] [scheduler:238] - Memproses ADRO.JK...
[2026-10-05 10:34:56] [INFO] [fetcher:249] - Mengambil data ADRO.JK (interval=15m, period=60d, start=None, end=None) - Percobaan 1/3
[2026-10-05 10:34:56] [INFO] [fetcher:268] - Sukses mengambil 1269 bar data untuk ADRO.JK (2026-07-14 s/d 2026-10-05 10:15)
[2026-10-05 10:34:56] [INFO] [storage:329] - Berhasil menyimpan 1269 baris data OHLCV untuk ADRO.JK (15m).
[2026-10-05 10:34:57] [INFO] [scheduler:238] - Memproses MEDC.JK...
[2026-10-05 10:34:57] [INFO] [fetcher:249] - Mengambil data MEDC.JK (interval=15m, period=60d, start=None, end=None) - Percobaan 1/3
[2026-10-05 10:34:57] [INFO] [fetcher:268] - Sukses mengambil 1269 bar data untuk MEDC.JK (2026-07-14 s/d 2026-10-05 10:15)
[2026-10-05 10:34:57] [INFO] [storage:329] - Berhasil menyimpan 1269 baris data OHLCV untuk MEDC.JK (15m).
[2026-10-05 10:34:58] [INFO] [scheduler:238] - Memproses PTBA.JK...
[2026-10-05 10:34:58] [INFO] [fetcher:249] - Mengambil data PTBA.JK (interval=15m, period=60d, start=None, end=None) - Percobaan 1/3
[2026-10-05 10:34:58] [INFO] [fetcher:268] - Sukses mengambil 1269 bar data untuk PTBA.JK (2026-07-14 s/d 2026-10-05 10:15)
[2026-10-05 10:34:58] [INFO] [storage:329] - Berhasil menyimpan 1269 baris data OHLCV untuk PTBA.JK (15m).
[2026-10-05 10:34:59] [INFO] [scheduler:238] - Memproses AKRA.JK...
[2026-10-05 10:34:59] [INFO] [fetcher:249] - Mengambil data AKRA.JK (interval=15m, period=60d, start=None, end=None) - Percobaan 1/3
[2026-10-05 10:34:59] [INFO] [fetcher:268] - Sukses mengambil 1269 bar data untuk AKRA.JK (2026-07-14 s/d 2026-10-05 10:15)
[2026-10-05 10:34:59] [INFO] [storage:329] - Berhasil menyimpan 1269 baris data OHLCV untuk AKRA.JK (15m).
[2026-10-05 10:35:00] [INFO] [scheduler:238] - Memproses PGAS.JK...
[2026-10-05 10:35:00] [INFO] [fetcher:249] - Mengambil data PGAS.JK (interval=15m, period=60d, start=None, end=None) - Percobaan 1/3
[2026-10-05 10:35:00] [INFO] [fetcher:268] - Sukses mengambil 1269 bar data untuk PGAS.JK (2026-07-14 s/d 2026-10-05 10:15)
[2026-10-05 10:35:00] [INFO] [storage:329] - Berhasil menyimpan 1269 baris data OHLCV untuk PGAS.JK (15m).
[2026-10-05 10:35:00] [INFO] [fetcher:179] - Sukses mengambil 100 bar Spot Gold langsung dari terminal MT5 (XAUUSDc).
[2026-10-05 10:35:00] [INFO] [storage:329] - Berhasil menyimpan 100 baris data OHLCV untuk XAUUSD (15m).
[2026-10-05 10:35:01] [INFO] [scheduler:238] - Memproses ANTM.JK...
[2026-10-05 10:35:01] [INFO] [fetcher:249] - Mengambil data ANTM.JK (interval=15m, period=60d, start=None, end=None) - Percobaan 1/3
[2026-10-05 10:35:01] [INFO] [fetcher:268] - Sukses mengambil 1269 bar data untuk ANTM.JK (2026-07-14 s/d 2026-10-05 10:15)
[2026-10-05 10:35:02] [INFO] [storage:329] - Berhasil menyimpan 1269 baris data OHLCV untuk ANTM.JK (15m).
[2026-10-05 10:35:02] [INFO] [scheduler:238] - Memproses MDKA.JK...
[2026-10-05 10:35:02] [INFO] [fetcher:249] - Mengambil data MDKA.JK (interval=15m, period=60d, start=None, end=None) - Percobaan 1/3
[2026-10-05 10:35:03] [INFO] [fetcher:268] - Sukses mengambil 1269 bar data untuk MDKA.JK (2026-07-14 s/d 2026-10-05 10:15)
[2026-10-05 10:35:03] [INFO] [storage:329] - Berhasil menyimpan 1269 baris data OHLCV untuk MDKA.JK (15m).
[2026-10-05 10:35:04] [INFO] [scheduler:238] - Memproses INCO.JK...
[2026-10-05 10:35:04] [INFO] [fetcher:249] - Mengambil data INCO.JK (interval=15m, period=60d, start=None, end=None) - Percobaan 1/3
[2026-10-05 10:35:04] [INFO] [fetcher:268] - Sukses mengambil 1269 bar data untuk INCO.JK (2026-07-14 s/d 2026-10-05 10:15)
[2026-10-05 10:35:04] [INFO] [storage:329] - Berhasil menyimpan 1269 baris data OHLCV untuk INCO.JK (15m).
[2026-10-05 10:35:05] [INFO] [scheduler:238] - Memproses TINS.JK...
[2026-10-05 10:35:05] [INFO] [fetcher:249] - Mengambil data TINS.JK (interval=15m, period=60d, start=None, end=None) - Percobaan 1/3
[2026-10-05 10:35:05] [INFO] [fetcher:268] - Sukses mengambil 1269 bar data untuk TINS.JK (2026-07-14 s/d 2026-10-05 10:15)
[2026-10-05 10:35:05] [INFO] [storage:329] - Berhasil menyimpan 1269 baris data OHLCV untuk TINS.JK (15m).
[2026-10-05 10:35:06] [INFO] [scheduler:238] - Memproses BRMS.JK...
[2026-10-05 10:35:06] [INFO] [fetcher:249] - Mengambil data BRMS.JK (interval=15m, period=60d, start=None, end=None) - Percobaan 1/3
[2026-10-05 10:35:06] [INFO] [fetcher:268] - Sukses mengambil 1269 bar data untuk BRMS.JK (2026-07-14 s/d 2026-10-05 10:15)
[2026-10-05 10:35:06] [INFO] [storage:329] - Berhasil menyimpan 1269 baris data OHLCV untuk BRMS.JK (15m).
[2026-10-05 10:35:07] [INFO] [scheduler:238] - Memproses BREN.JK...
[2026-10-05 10:35:07] [INFO] [fetcher:249] - Mengambil data BREN.JK (interval=15m, period=60d, start=None, end=None) - Percobaan 1/3
[2026-10-05 10:35:07] [INFO] [fetcher:268] - Sukses mengambil 1269 bar data untuk BREN.JK (2026-07-14 s/d 2026-10-05 10:15)
[2026-10-05 10:35:07] [INFO] [storage:329] - Berhasil menyimpan 1269 baris data OHLCV untuk BREN.JK (15m).
[2026-10-05 10:35:08] [INFO] [scheduler:238] - Memproses BRPT.JK...
[2026-10-05 10:35:08] [INFO] [fetcher:249] - Mengambil data BRPT.JK (interval=15m, period=60d, start=None, end=None) - Percobaan 1/3
[2026-10-05 10:35:08] [INFO] [fetcher:268] - Sukses mengambil 1269 bar data untuk BRPT.JK (2026-07-14 s/d 2026-10-05 10:15)
[2026-10-05 10:35:08] [INFO] [storage:329] - Berhasil menyimpan 1269 baris data OHLCV untuk BRPT.JK (15m).
[2026-10-05 10:35:09] [INFO] [scheduler:442] - Sinyal BUY untuk BRPT.JK tidak dinotifikasikan (Candle kedaluwarsa/telat (20m lalu > batas 16m)).
[2026-10-05 10:35:09] [INFO] [scheduler:238] - Memproses AMMN.JK...
[2026-10-05 10:35:09] [INFO] [fetcher:249] - Mengambil data AMMN.JK (interval=15m, period=60d, start=None, end=None) - Percobaan 1/3
[2026-10-05 10:35:10] [INFO] [fetcher:268] - Sukses mengambil 1270 bar data untuk AMMN.JK (2026-07-14 s/d 2026-10-05 10:15)
[2026-10-05 10:35:10] [INFO] [storage:329] - Berhasil menyimpan 1270 baris data OHLCV untuk AMMN.JK (15m).
[2026-10-05 10:35:11] [INFO] [scheduler:238] - Memproses CUAN.JK...
[2026-10-05 10:35:11] [INFO] [fetcher:249] - Mengambil data CUAN.JK (interval=15m, period=60d, start=None, end=None) - Percobaan 1/3
[2026-10-05 10:35:11] [INFO] [fetcher:268] - Sukses mengambil 1269 bar data untuk CUAN.JK (2026-07-14 s/d 2026-10-05 10:15)
[2026-10-05 10:35:11] [INFO] [storage:329] - Berhasil menyimpan 1269 baris data OHLCV untuk CUAN.JK (15m).
[2026-10-05 10:35:12] [INFO] [scheduler:238] - Memproses ICBP.JK...
[2026-10-05 10:35:12] [INFO] [fetcher:249] - Mengambil data ICBP.JK (interval=15m, period=60d, start=None, end=None) - Percobaan 1/3
[2026-10-05 10:35:12] [INFO] [fetcher:268] - Sukses mengambil 1269 bar data untuk ICBP.JK (2026-07-14 s/d 2026-10-05 10:15)
[2026-10-05 10:35:12] [INFO] [storage:329] - Berhasil menyimpan 1269 baris data OHLCV untuk ICBP.JK (15m).
[2026-10-05 10:35:13] [INFO] [scheduler:238] - Memproses AMRT.JK...
[2026-10-05 10:35:13] [INFO] [fetcher:249] - Mengambil data AMRT.JK (interval=15m, period=60d, start=None, end=None) - Percobaan 1/3
[2026-10-05 10:35:13] [INFO] [fetcher:268] - Sukses mengambil 1269 bar data untuk AMRT.JK (2026-07-14 s/d 2026-10-05 10:15)
[2026-10-05 10:35:13] [INFO] [storage:329] - Berhasil menyimpan 1269 baris data OHLCV untuk AMRT.JK (15m).
[2026-10-05 10:35:14] [INFO] [scheduler:238] - Memproses MYOR.JK...
[2026-10-05 10:35:14] [INFO] [fetcher:249] - Mengambil data MYOR.JK (interval=15m, period=60d, start=None, end=None) - Percobaan 1/3
[2026-10-05 10:35:14] [INFO] [fetcher:268] - Sukses mengambil 1269 bar data untuk MYOR.JK (2026-07-14 s/d 2026-10-05 10:15)
[2026-10-05 10:35:15] [INFO] [storage:329] - Berhasil menyimpan 1269 baris data OHLCV untuk MYOR.JK (15m).
[2026-10-05 10:35:15] [INFO] [fetcher:179] - Sukses mengambil 100 bar Spot Gold langsung dari terminal MT5 (XAUUSDc).
[2026-10-05 10:35:16] [INFO] [storage:329] - Berhasil menyimpan 100 baris data OHLCV untuk XAUUSD (15m).
[2026-10-05 10:35:16] [INFO] [scheduler:238] - Memproses ACES.JK...
[2026-10-05 10:35:16] [INFO] [fetcher:249] - Mengambil data ACES.JK (interval=15m, period=60d, start=None, end=None) - Percobaan 1/3
[2026-10-05 10:35:16] [INFO] [fetcher:268] - Sukses mengambil 1268 bar data untuk ACES.JK (2026-07-14 s/d 2026-10-05 10:15)
[2026-10-05 10:35:16] [INFO] [storage:329] - Berhasil menyimpan 1268 baris data OHLCV untuk ACES.JK (15m).
[2026-10-05 10:35:17] [INFO] [scheduler:238] - Memproses GOTO.JK...
[2026-10-05 10:35:17] [INFO] [fetcher:249] - Mengambil data GOTO.JK (interval=15m, period=60d, start=None, end=None) - Percobaan 1/3
[2026-10-05 10:35:17] [INFO] [fetcher:268] - Sukses mengambil 1268 bar data untuk GOTO.JK (2026-07-14 s/d 2026-10-05 10:15)
[2026-10-05 10:35:18] [INFO] [storage:329] - Berhasil menyimpan 1268 baris data OHLCV untuk GOTO.JK (15m).
[2026-10-05 10:35:18] [INFO] [scheduler:238] - Memproses ARTO.JK...
[2026-10-05 10:35:18] [INFO] [fetcher:249] - Mengambil data ARTO.JK (interval=15m, period=60d, start=None, end=None) - Percobaan 1/3
[2026-10-05 10:35:19] [INFO] [fetcher:268] - Sukses mengambil 1269 bar data untuk ARTO.JK (2026-07-14 s/d 2026-10-05 10:15)
[2026-10-05 10:35:19] [INFO] [storage:329] - Berhasil menyimpan 1269 baris data OHLCV untuk ARTO.JK (15m).
[2026-10-05 10:35:20] [INFO] [fetcher:179] - Sukses mengambil 100 bar Spot Gold langsung dari terminal MT5 (XAUUSDc).
[2026-10-05 10:35:20] [INFO] [storage:329] - Berhasil menyimpan 100 baris data OHLCV untuk XAUUSD (15m).
[2026-10-05 10:35:20] [INFO] [scheduler:613] - === Pipeline Selesai: 28 saham diproses, 2 sinyal aktif, 1 notifikasi terkirim ===
[2026-10-05 10:35:30] [INFO] [fetcher:179] - Sukses mengambil 100 bar Spot Gold langsung dari terminal MT5 (XAUUSDc).
[2026-10-05 10:35:30] [INFO] [fetcher:179] - Sukses mengambil 100 bar Spot Gold langsung dari terminal MT5 (XAUUSDc).
[2026-10-05 10:35:30] [INFO] [storage:329] - Berhasil menyimpan 100 baris data OHLCV untuk XAUUSD (15m).
[2026-10-05 10:35:30] [INFO] [storage:329] - Berhasil menyimpan 100 baris data OHLCV untuk XAUUSD (15m).
[2026-10-05 10:35:45] [INFO] [fetcher:179] - Sukses mengambil 100 bar Spot Gold langsung dari terminal MT5 (XAUUSDc).
[2026-10-05 10:35:45] [INFO] [storage:329] - Berhasil menyimpan 100 baris data OHLCV untuk XAUUSD (15m).
[2026-10-05 10:36:00] [INFO] [fetcher:179] - Sukses mengambil 100 bar Spot Gold langsung dari terminal MT5 (XAUUSDc).
[2026-10-05 10:36:00] [INFO] [storage:329] - Berhasil menyimpan 100 baris data OHLCV untuk XAUUSD (15m).
[2026-10-05 10:36:15] [INFO] [fetcher:179] - Sukses mengambil 100 bar Spot Gold langsung dari terminal MT5 (XAUUSDc).
[2026-10-05 10:36:15] [INFO] [storage:329] - Berhasil menyimpan 100 baris data OHLCV untuk XAUUSD (15m).
[2026-10-05 10:36:30] [INFO] [fetcher:179] - Sukses mengambil 100 bar Spot Gold langsung dari terminal MT5 (XAUUSDc).
[2026-10-05 10:36:30] [INFO] [fetcher:179] - Sukses mengambil 100 bar Spot Gold langsung dari terminal MT5 (XAUUSDc).
[2026-10-05 10:36:30] [INFO] [storage:329] - Berhasil menyimpan 100 baris data OHLCV untuk XAUUSD (15m).
[2026-10-05 10:36:30] [INFO] [storage:329] - Berhasil menyimpan 100 baris data OHLCV untuk XAUUSD (15m).
[2026-10-05 10:36:45] [INFO] [fetcher:179] - Sukses mengambil 100 bar Spot Gold langsung dari terminal MT5 (XAUUSDc).
[2026-10-05 10:36:45] [INFO] [storage:329] - Berhasil menyimpan 100 baris data OHLCV untuk XAUUSD (15m).
[2026-10-05 10:37:00] [INFO] [fetcher:179] - Sukses mengambil 100 bar Spot Gold langsung dari terminal MT5 (XAUUSDc).
[2026-10-05 10:37:00] [INFO] [storage:329] - Berhasil menyimpan 100 baris data OHLCV untuk XAUUSD (15m).
[2026-10-05 10:37:15] [INFO] [fetcher:179] - Sukses mengambil 100 bar Spot Gold langsung dari terminal MT5 (XAUUSDc).
[2026-10-05 10:37:15] [INFO] [storage:329] - Berhasil menyimpan 100 baris data OHLCV untuk XAUUSD (15m).
[2026-10-05 10:37:30] [INFO] [fetcher:179] - Sukses mengambil 100 bar Spot Gold langsung dari terminal MT5 (XAUUSDc).
[2026-10-05 10:37:30] [INFO] [fetcher:179] - Sukses mengambil 100 bar Spot Gold langsung dari terminal MT5 (XAUUSDc).
[2026-10-05 10:37:30] [INFO] [storage:329] - Berhasil menyimpan 100 baris data OHLCV untuk XAUUSD (15m).
[2026-10-05 10:37:30] [INFO] [storage:329] - Berhasil menyimpan 100 baris data OHLCV untuk XAUUSD (15m).
[2026-10-05 10:37:45] [INFO] [fetcher:179] - Sukses mengambil 100 bar Spot Gold langsung dari terminal MT5 (XAUUSDc).
[2026-10-05 10:37:45] [INFO] [storage:329] - Berhasil menyimpan 100 baris data OHLCV untuk XAUUSD (15m).
[2026-10-05 10:38:00] [INFO] [fetcher:179] - Sukses mengambil 100 bar Spot Gold langsung dari terminal MT5 (XAUUSDc).
[2026-10-05 10:38:00] [INFO] [storage:329] - Berhasil menyimpan 100 baris data OHLCV untuk XAUUSD (15m).
[2026-10-05 10:38:15] [INFO] [fetcher:179] - Sukses mengambil 100 bar Spot Gold langsung dari terminal MT5 (XAUUSDc).
[2026-10-05 10:38:15] [INFO] [storage:329] - Berhasil menyimpan 100 baris data OHLCV untuk XAUUSD (15m).
[2026-10-05 10:38:30] [INFO] [fetcher:179] - Sukses mengambil 100 bar Spot Gold langsung dari terminal MT5 (XAUUSDc).
[2026-10-05 10:38:30] [INFO] [fetcher:179] - Sukses mengambil 100 bar Spot Gold langsung dari terminal MT5 (XAUUSDc).
[2026-10-05 10:38:30] [INFO] [storage:329] - Berhasil menyimpan 100 baris data OHLCV untuk XAUUSD (15m).
[2026-10-05 10:38:30] [INFO] [storage:329] - Berhasil menyimpan 100 baris data OHLCV untuk XAUUSD (15m).
[2026-10-05 10:38:45] [INFO] [fetcher:179] - Sukses mengambil 100 bar Spot Gold langsung dari terminal MT5 (XAUUSDc).
[2026-10-05 10:38:45] [INFO] [storage:329] - Berhasil menyimpan 100 baris data OHLCV untuk XAUUSD (15m).
[2026-10-05 10:39:00] [INFO] [fetcher:179] - Sukses mengambil 100 bar Spot Gold langsung dari terminal MT5 (XAUUSDc).
[2026-10-05 10:39:00] [INFO] [storage:329] - Berhasil menyimpan 100 baris data OHLCV untuk XAUUSD (15m).
[2026-10-05 10:39:15] [INFO] [fetcher:179] - Sukses mengambil 100 bar Spot Gold langsung dari terminal MT5 (XAUUSDc).
[2026-10-05 10:39:15] [INFO] [storage:329] - Berhasil menyimpan 100 baris data OHLCV untuk XAUUSD (15m).
[2026-10-05 10:39:30] [INFO] [fetcher:179] - Sukses mengambil 100 bar Spot Gold langsung dari terminal MT5 (XAUUSDc).
[2026-10-05 10:39:30] [INFO] [fetcher:179] - Sukses mengambil 100 bar Spot Gold langsung dari terminal MT5 (XAUUSDc).
[2026-10-05 10:39:30] [INFO] [storage:329] - Berhasil menyimpan 100 baris data OHLCV untuk XAUUSD (15m).
[2026-10-05 10:39:30] [INFO] [storage:329] - Berhasil menyimpan 100 baris data OHLCV untuk XAUUSD (15m).
[2026-10-05 10:39:45] [INFO] [fetcher:179] - Sukses mengambil 100 bar Spot Gold langsung dari terminal MT5 (XAUUSDc).
[2026-10-05 10:39:45] [INFO] [storage:329] - Berhasil menyimpan 100 baris data OHLCV untuk XAUUSD (15m).
[2026-10-05 10:40:00] [INFO] [fetcher:179] - Sukses mengambil 100 bar Spot Gold langsung dari terminal MT5 (XAUUSDc).
[2026-10-05 10:40:00] [INFO] [storage:329] - Berhasil menyimpan 100 baris data OHLCV untuk XAUUSD (15m).
[2026-10-05 10:40:15] [INFO] [fetcher:179] - Sukses mengambil 100 bar Spot Gold langsung dari terminal MT5 (XAUUSDc).
[2026-10-05 10:40:15] [INFO] [storage:329] - Berhasil menyimpan 100 baris data OHLCV untuk XAUUSD (15m).
[2026-10-05 10:40:30] [INFO] [fetcher:179] - Sukses mengambil 100 bar Spot Gold langsung dari terminal MT5 (XAUUSDc).
[2026-10-05 10:40:30] [INFO] [fetcher:179] - Sukses mengambil 100 bar Spot Gold langsung dari terminal MT5 (XAUUSDc).
[2026-10-05 10:40:30] [INFO] [storage:329] - Berhasil menyimpan 100 baris data OHLCV untuk XAUUSD (15m).
[2026-10-05 10:40:30] [INFO] [storage:329] - Berhasil menyimpan 100 baris data OHLCV untuk XAUUSD (15m).
[2026-10-05 10:40:45] [INFO] [fetcher:179] - Sukses mengambil 100 bar Spot Gold langsung dari terminal MT5 (XAUUSDc).
[2026-10-05 10:40:45] [INFO] [storage:329] - Berhasil menyimpan 100 baris data OHLCV untuk XAUUSD (15m).
[2026-10-05 10:41:00] [INFO] [fetcher:179] - Sukses mengambil 100 bar Spot Gold langsung dari terminal MT5 (XAUUSDc).
[2026-10-05 10:41:00] [INFO] [storage:329] - Berhasil menyimpan 100 baris data OHLCV untuk XAUUSD (15m).
[2026-10-05 10:41:15] [INFO] [fetcher:179] - Sukses mengambil 100 bar Spot Gold langsung dari terminal MT5 (XAUUSDc).
[2026-10-05 10:41:15] [INFO] [storage:329] - Berhasil menyimpan 100 baris data OHLCV untuk XAUUSD (15m).
[2026-10-05 10:41:30] [INFO] [fetcher:179] - Sukses mengambil 100 bar Spot Gold langsung dari terminal MT5 (XAUUSDc).
[2026-10-05 10:41:30] [INFO] [fetcher:179] - Sukses mengambil 100 bar Spot Gold langsung dari terminal MT5 (XAUUSDc).
[2026-10-05 10:41:30] [INFO] [storage:329] - Berhasil menyimpan 100 baris data OHLCV untuk XAUUSD (15m).
[2026-10-05 10:41:30] [INFO] [storage:329] - Berhasil menyimpan 100 baris data OHLCV untuk XAUUSD (15m).
[2026-10-05 10:41:45] [INFO] [fetcher:179] - Sukses mengambil 100 bar Spot Gold langsung dari terminal MT5 (XAUUSDc).
[2026-10-05 10:41:45] [INFO] [storage:329] - Berhasil menyimpan 100 baris data OHLCV untuk XAUUSD (15m).
[2026-10-05 10:42:00] [INFO] [fetcher:179] - Sukses mengambil 100 bar Spot Gold langsung dari terminal MT5 (XAUUSDc).
[2026-10-05 10:42:00] [INFO] [storage:329] - Berhasil menyimpan 100 baris data OHLCV untuk XAUUSD (15m).
[2026-10-05 10:42:15] [INFO] [fetcher:179] - Sukses mengambil 100 bar Spot Gold langsung dari terminal MT5 (XAUUSDc).
[2026-10-05 10:42:15] [INFO] [storage:329] - Berhasil menyimpan 100 baris data OHLCV untuk XAUUSD (15m).
[2026-10-05 10:42:30] [INFO] [fetcher:179] - Sukses mengambil 100 bar Spot Gold langsung dari terminal MT5 (XAUUSDc).
[2026-10-05 10:42:30] [INFO] [fetcher:179] - Sukses mengambil 100 bar Spot Gold langsung dari terminal MT5 (XAUUSDc).
[2026-10-05 10:42:30] [INFO] [storage:329] - Berhasil menyimpan 100 baris data OHLCV untuk XAUUSD (15m).
[2026-10-05 10:42:30] [INFO] [storage:329] - Berhasil menyimpan 100 baris data OHLCV untuk XAUUSD (15m).
[2026-10-05 10:42:45] [INFO] [fetcher:179] - Sukses mengambil 100 bar Spot Gold langsung dari terminal MT5 (XAUUSDc).
[2026-10-05 10:42:45] [INFO] [storage:329] - Berhasil menyimpan 100 baris data OHLCV untuk XAUUSD (15m).
[2026-10-05 10:43:00] [INFO] [fetcher:179] - Sukses mengambil 100 bar Spot Gold langsung dari terminal MT5 (XAUUSDc).
[2026-10-05 10:43:00] [INFO] [storage:329] - Berhasil menyimpan 100 baris data OHLCV untuk XAUUSD (15m).
[2026-10-05 10:43:15] [INFO] [fetcher:179] - Sukses mengambil 100 bar Spot Gold langsung dari terminal MT5 (XAUUSDc).
[2026-10-05 10:43:15] [INFO] [storage:329] - Berhasil menyimpan 100 baris data OHLCV untuk XAUUSD (15m).
[2026-10-05 10:43:30] [INFO] [fetcher:179] - Sukses mengambil 100 bar Spot Gold langsung dari terminal MT5 (XAUUSDc).
[2026-10-05 10:43:30] [INFO] [storage:329] - Berhasil menyimpan 100 baris data OHLCV untuk XAUUSD (15m).
[2026-10-05 10:43:30] [INFO] [fetcher:179] - Sukses mengambil 100 bar Spot Gold langsung dari terminal MT5 (XAUUSDc).
[2026-10-05 10:43:30] [INFO] [storage:329] - Berhasil menyimpan 100 baris data OHLCV untuk XAUUSD (15m).
[2026-10-05 10:43:45] [INFO] [fetcher:179] - Sukses mengambil 100 bar Spot Gold langsung dari terminal MT5 (XAUUSDc).
[2026-10-05 10:43:45] [INFO] [storage:329] - Berhasil menyimpan 100 baris data OHLCV untuk XAUUSD (15m).
[2026-10-05 10:44:00] [INFO] [fetcher:179] - Sukses mengambil 100 bar Spot Gold langsung dari terminal MT5 (XAUUSDc).
[2026-10-05 10:44:00] [INFO] [storage:329] - Berhasil menyimpan 100 baris data OHLCV untuk XAUUSD (15m).
[2026-10-05 10:44:15] [INFO] [fetcher:179] - Sukses mengambil 100 bar Spot Gold langsung dari terminal MT5 (XAUUSDc).
[2026-10-05 10:44:15] [INFO] [storage:329] - Berhasil menyimpan 100 baris data OHLCV untuk XAUUSD (15m).
[2026-10-05 10:44:30] [INFO] [fetcher:179] - Sukses mengambil 100 bar Spot Gold langsung dari terminal MT5 (XAUUSDc).
[2026-10-05 10:44:30] [INFO] [fetcher:179] - Sukses mengambil 100 bar Spot Gold langsung dari terminal MT5 (XAUUSDc).
[2026-10-05 10:44:30] [INFO] [storage:329] - Berhasil menyimpan 100 baris data OHLCV untuk XAUUSD (15m).
[2026-10-05 10:44:30] [INFO] [storage:329] - Berhasil menyimpan 100 baris data OHLCV untuk XAUUSD (15m).
[2026-10-05 10:44:45] [INFO] [fetcher:179] - Sukses mengambil 100 bar Spot Gold langsung dari terminal MT5 (XAUUSDc).
[2026-10-05 10:44:45] [INFO] [storage:329] - Berhasil menyimpan 100 baris data OHLCV untuk XAUUSD (15m).
[2026-10-05 10:45:00] [INFO] [fetcher:179] - Sukses mengambil 100 bar Spot Gold langsung dari terminal MT5 (XAUUSDc).
[2026-10-05 10:45:00] [INFO] [storage:329] - Berhasil menyimpan 100 baris data OHLCV untuk XAUUSD (15m).
[2026-10-05 10:45:15] [INFO] [fetcher:179] - Sukses mengambil 100 bar Spot Gold langsung dari terminal MT5 (XAUUSDc).
[2026-10-05 10:45:15] [INFO] [storage:329] - Berhasil menyimpan 100 baris data OHLCV untuk XAUUSD (15m).
[2026-10-05 10:45:30] [INFO] [fetcher:179] - Sukses mengambil 100 bar Spot Gold langsung dari terminal MT5 (XAUUSDc).
[2026-10-05 10:45:30] [INFO] [fetcher:179] - Sukses mengambil 100 bar Spot Gold langsung dari terminal MT5 (XAUUSDc).
[2026-10-05 10:45:30] [INFO] [storage:329] - Berhasil menyimpan 100 baris data OHLCV untuk XAUUSD (15m).
[2026-10-05 10:45:30] [INFO] [storage:329] - Berhasil menyimpan 100 baris data OHLCV untuk XAUUSD (15m).
[2026-10-05 10:45:45] [INFO] [fetcher:179] - Sukses mengambil 100 bar Spot Gold langsung dari terminal MT5 (XAUUSDc).
[2026-10-05 10:45:45] [INFO] [storage:329] - Berhasil menyimpan 100 baris data OHLCV untuk XAUUSD (15m).
[2026-10-05 10:46:00] [INFO] [fetcher:179] - Sukses mengambil 100 bar Spot Gold langsung dari terminal MT5 (XAUUSDc).
[2026-10-05 10:46:00] [INFO] [storage:329] - Berhasil menyimpan 100 baris data OHLCV untuk XAUUSD (15m).
[2026-10-05 10:46:15] [INFO] [fetcher:179] - Sukses mengambil 100 bar Spot Gold langsung dari terminal MT5 (XAUUSDc).
[2026-10-05 10:46:15] [INFO] [storage:329] - Berhasil menyimpan 100 baris data OHLCV untuk XAUUSD (15m).
[2026-10-05 10:46:30] [INFO] [fetcher:179] - Sukses mengambil 100 bar Spot Gold langsung dari terminal MT5 (XAUUSDc).
[2026-10-05 10:46:30] [INFO] [fetcher:179] - Sukses mengambil 100 bar Spot Gold langsung dari terminal MT5 (XAUUSDc).
[2026-10-05 10:46:30] [INFO] [storage:329] - Berhasil menyimpan 100 baris data OHLCV untuk XAUUSD (15m).
[2026-10-05 10:46:30] [INFO] [storage:329] - Berhasil menyimpan 100 baris data OHLCV untuk XAUUSD (15m).
[2026-10-05 10:46:45] [INFO] [fetcher:179] - Sukses mengambil 100 bar Spot Gold langsung dari terminal MT5 (XAUUSDc).
[2026-10-05 10:46:45] [INFO] [storage:329] - Berhasil menyimpan 100 baris data OHLCV untuk XAUUSD (15m).
[2026-10-05 10:47:00] [INFO] [fetcher:179] - Sukses mengambil 100 bar Spot Gold langsung dari terminal MT5 (XAUUSDc).
[2026-10-05 10:47:00] [INFO] [storage:329] - Berhasil menyimpan 100 baris data OHLCV untuk XAUUSD (15m).
[2026-10-05 10:47:15] [INFO] [fetcher:179] - Sukses mengambil 100 bar Spot Gold langsung dari terminal MT5 (XAUUSDc).
[2026-10-05 10:47:15] [INFO] [storage:329] - Berhasil menyimpan 100 baris data OHLCV untuk XAUUSD (15m).
[2026-10-05 10:47:30] [INFO] [fetcher:179] - Sukses mengambil 100 bar Spot Gold langsung dari terminal MT5 (XAUUSDc).
[2026-10-05 10:47:30] [INFO] [fetcher:179] - Sukses mengambil 100 bar Spot Gold langsung dari terminal MT5 (XAUUSDc).
[2026-10-05 10:47:30] [INFO] [storage:329] - Berhasil menyimpan 100 baris data OHLCV untuk XAUUSD (15m).
[2026-10-05 10:47:30] [INFO] [storage:329] - Berhasil menyimpan 100 baris data OHLCV untuk XAUUSD (15m).
[2026-10-05 10:47:45] [INFO] [fetcher:179] - Sukses mengambil 100 bar Spot Gold langsung dari terminal MT5 (XAUUSDc).
[2026-10-05 10:47:45] [INFO] [storage:329] - Berhasil menyimpan 100 baris data OHLCV untuk XAUUSD (15m).
[2026-10-05 10:48:00] [INFO] [fetcher:179] - Sukses mengambil 100 bar Spot Gold langsung dari terminal MT5 (XAUUSDc).
[2026-10-05 10:48:00] [INFO] [storage:329] - Berhasil menyimpan 100 baris data OHLCV untuk XAUUSD (15m).
[2026-10-05 10:48:15] [INFO] [fetcher:179] - Sukses mengambil 100 bar Spot Gold langsung dari terminal MT5 (XAUUSDc).
[2026-10-05 10:48:15] [INFO] [storage:329] - Berhasil menyimpan 100 baris data OHLCV untuk XAUUSD (15m).
[2026-10-05 10:48:30] [INFO] [fetcher:179] - Sukses mengambil 100 bar Spot Gold langsung dari terminal MT5 (XAUUSDc).
[2026-10-05 10:48:30] [INFO] [fetcher:179] - Sukses mengambil 100 bar Spot Gold langsung dari terminal MT5 (XAUUSDc).
[2026-10-05 10:48:30] [INFO] [storage:329] - Berhasil menyimpan 100 baris data OHLCV untuk XAUUSD (15m).
[2026-10-05 10:48:30] [INFO] [storage:329] - Berhasil menyimpan 100 baris data OHLCV untuk XAUUSD (15m).
[2026-10-05 10:48:45] [INFO] [fetcher:179] - Sukses mengambil 100 bar Spot Gold langsung dari terminal MT5 (XAUUSDc).
[2026-10-05 10:48:45] [INFO] [storage:329] - Berhasil menyimpan 100 baris data OHLCV untuk XAUUSD (15m).
[2026-10-05 10:49:00] [INFO] [fetcher:179] - Sukses mengambil 100 bar Spot Gold langsung dari terminal MT5 (XAUUSDc).
[2026-10-05 10:49:00] [INFO] [storage:329] - Berhasil menyimpan 100 baris data OHLCV untuk XAUUSD (15m).
[2026-10-05 10:49:15] [INFO] [fetcher:179] - Sukses mengambil 100 bar Spot Gold langsung dari terminal MT5 (XAUUSDc).
[2026-10-05 10:49:15] [INFO] [storage:329] - Berhasil menyimpan 100 baris data OHLCV untuk XAUUSD (15m).
[2026-10-05 10:49:30] [INFO] [scheduler:174] - === Memulai Siklus Pipeline Analisis Saham & Komoditas ===
[2026-10-05 10:49:30] [INFO] [fetcher:179] - Sukses mengambil 100 bar Spot Gold langsung dari terminal MT5 (XAUUSDc).
[2026-10-05 10:49:30] [INFO] [storage:329] - Berhasil menyimpan 100 baris data OHLCV untuk XAUUSD (15m).
[2026-10-05 10:49:30] [INFO] [fetcher:179] - Sukses mengambil 100 bar Spot Gold langsung dari terminal MT5 (XAUUSDc).
[2026-10-05 10:49:30] [INFO] [storage:329] - Berhasil menyimpan 100 baris data OHLCV untuk XAUUSD (15m).
[2026-10-05 10:49:30] [INFO] [fetcher:179] - Sukses mengambil 100 bar Spot Gold langsung dari terminal MT5 (XAUUSDc).
[2026-10-05 10:49:30] [INFO] [scheduler:182] - Status Pasar: IDX=BUKA | GOLD=BUKA
[2026-10-05 10:49:30] [INFO] [scheduler:203] - Mode Trading: INTRADAY (Interval: 15m, Watchlist: 28)
[2026-10-05 10:49:30] [INFO] [scheduler:238] - Memproses XAUUSD...
[2026-10-05 10:49:30] [INFO] [storage:329] - Berhasil menyimpan 100 baris data OHLCV untuk XAUUSD (15m).
[2026-10-05 10:49:30] [INFO] [fetcher:179] - Sukses mengambil 100 bar Spot Gold langsung dari terminal MT5 (XAUUSDc).
[2026-10-05 10:49:31] [INFO] [storage:329] - Berhasil menyimpan 100 baris data OHLCV untuk XAUUSD (15m).
[2026-10-05 10:49:32] [INFO] [chart_generator:492] - Berhasil membuat chart visual TradingView: data\charts\chart_XAUUSD_15m_20261005_104931_48.png
[2026-10-05 10:49:32] [INFO] [mt5_bridge:951] - Batas posisi tercapai (1/1 posisi XAUUSD aktif di MT5). Mode: CENT USC Disiplin (Maks 1 Posisi). Menunggu posisi selesai (TP/SL) sebelum membuka posisi baru.
[2026-10-05 10:49:32] [INFO] [scheduler:589] - ℹ️ [AUTO-EXECUTE A+ DITAHAN MT5 GUARD] Batas posisi tercapai (1/1 posisi XAUUSD aktif di MT5). Mode: CENT USC Disiplin (Maks 1 Posisi). Menunggu posisi selesai (TP/SL) sebelum membuka posisi baru.
[2026-10-05 10:49:32] [INFO] [scheduler:238] - Memproses BBCA.JK...
[2026-10-05 10:49:32] [INFO] [fetcher:249] - Mengambil data BBCA.JK (interval=15m, period=60d, start=None, end=None) - Percobaan 1/3
[2026-10-05 10:49:32] [INFO] [fetcher:268] - Sukses mengambil 1270 bar data untuk BBCA.JK (2026-07-14 s/d 2026-10-05 10:30)
[2026-10-05 10:49:32] [INFO] [storage:329] - Berhasil menyimpan 1270 baris data OHLCV untuk BBCA.JK (15m).
[2026-10-05 10:49:33] [INFO] [scheduler:238] - Memproses BBRI.JK...
[2026-10-05 10:49:33] [INFO] [fetcher:249] - Mengambil data BBRI.JK (interval=15m, period=60d, start=None, end=None) - Percobaan 1/3
[2026-10-05 10:49:33] [INFO] [fetcher:268] - Sukses mengambil 1270 bar data untuk BBRI.JK (2026-07-14 s/d 2026-10-05 10:30)
[2026-10-05 10:49:33] [INFO] [storage:329] - Berhasil menyimpan 1270 baris data OHLCV untuk BBRI.JK (15m).
[2026-10-05 10:49:35] [INFO] [scheduler:238] - Memproses BMRI.JK...
[2026-10-05 10:49:35] [INFO] [fetcher:249] - Mengambil data BMRI.JK (interval=15m, period=60d, start=None, end=None) - Percobaan 1/3
[2026-10-05 10:49:35] [INFO] [fetcher:268] - Sukses mengambil 1270 bar data untuk BMRI.JK (2026-07-14 s/d 2026-10-05 10:30)
[2026-10-05 10:49:35] [INFO] [storage:329] - Berhasil menyimpan 1270 baris data OHLCV untuk BMRI.JK (15m).
[2026-10-05 10:49:36] [INFO] [scheduler:238] - Memproses BBNI.JK...
[2026-10-05 10:49:36] [INFO] [fetcher:249] - Mengambil data BBNI.JK (interval=15m, period=60d, start=None, end=None) - Percobaan 1/3
[2026-10-05 10:49:36] [INFO] [fetcher:268] - Sukses mengambil 1270 bar data untuk BBNI.JK (2026-07-14 s/d 2026-10-05 10:30)
[2026-10-05 10:49:36] [INFO] [storage:329] - Berhasil menyimpan 1270 baris data OHLCV untuk BBNI.JK (15m).
[2026-10-05 10:49:38] [INFO] [scheduler:442] - Sinyal BUY untuk BBNI.JK tidak dinotifikasikan (Candle kedaluwarsa/telat (19m lalu > batas 16m)).
[2026-10-05 10:49:38] [INFO] [scheduler:238] - Memproses BRIS.JK...
[2026-10-05 10:49:38] [INFO] [fetcher:249] - Mengambil data BRIS.JK (interval=15m, period=60d, start=None, end=None) - Percobaan 1/3
[2026-10-05 10:49:38] [INFO] [fetcher:268] - Sukses mengambil 1270 bar data untuk BRIS.JK (2026-07-14 s/d 2026-10-05 10:30)
[2026-10-05 10:49:38] [INFO] [storage:329] - Berhasil menyimpan 1270 baris data OHLCV untuk BRIS.JK (15m).
[2026-10-05 10:49:39] [INFO] [scheduler:238] - Memproses ASII.JK...
[2026-10-05 10:49:39] [INFO] [fetcher:249] - Mengambil data ASII.JK (interval=15m, period=60d, start=None, end=None) - Percobaan 1/3
[2026-10-05 10:49:39] [INFO] [fetcher:268] - Sukses mengambil 1270 bar data untuk ASII.JK (2026-07-14 s/d 2026-10-05 10:30)
[2026-10-05 10:49:39] [INFO] [storage:329] - Berhasil menyimpan 1270 baris data OHLCV untuk ASII.JK (15m).
[2026-10-05 10:49:41] [INFO] [scheduler:238] - Memproses TLKM.JK...
[2026-10-05 10:49:41] [INFO] [fetcher:249] - Mengambil data TLKM.JK (interval=15m, period=60d, start=None, end=None) - Percobaan 1/3
[2026-10-05 10:49:41] [INFO] [fetcher:268] - Sukses mengambil 1270 bar data untuk TLKM.JK (2026-07-14 s/d 2026-10-05 10:30)
[2026-10-05 10:49:41] [INFO] [storage:329] - Berhasil menyimpan 1270 baris data OHLCV untuk TLKM.JK (15m).
[2026-10-05 10:49:42] [INFO] [scheduler:238] - Memproses ADRO.JK...
[2026-10-05 10:49:42] [INFO] [fetcher:249] - Mengambil data ADRO.JK (interval=15m, period=60d, start=None, end=None) - Percobaan 1/3
[2026-10-05 10:49:42] [INFO] [fetcher:268] - Sukses mengambil 1270 bar data untuk ADRO.JK (2026-07-14 s/d 2026-10-05 10:30)
[2026-10-05 10:49:42] [INFO] [storage:329] - Berhasil menyimpan 1270 baris data OHLCV untuk ADRO.JK (15m).
[2026-10-05 10:49:43] [INFO] [scheduler:238] - Memproses MEDC.JK...
[2026-10-05 10:49:43] [INFO] [fetcher:249] - Mengambil data MEDC.JK (interval=15m, period=60d, start=None, end=None) - Percobaan 1/3
[2026-10-05 10:49:43] [INFO] [fetcher:268] - Sukses mengambil 1270 bar data untuk MEDC.JK (2026-07-14 s/d 2026-10-05 10:30)
[2026-10-05 10:49:44] [INFO] [storage:329] - Berhasil menyimpan 1270 baris data OHLCV untuk MEDC.JK (15m).
[2026-10-05 10:49:45] [INFO] [scheduler:238] - Memproses PTBA.JK...
[2026-10-05 10:49:45] [INFO] [fetcher:249] - Mengambil data PTBA.JK (interval=15m, period=60d, start=None, end=None) - Percobaan 1/3
[2026-10-05 10:49:45] [INFO] [fetcher:268] - Sukses mengambil 1270 bar data untuk PTBA.JK (2026-07-14 s/d 2026-10-05 10:30)
[2026-10-05 10:49:45] [INFO] [storage:329] - Berhasil menyimpan 1270 baris data OHLCV untuk PTBA.JK (15m).
[2026-10-05 10:49:45] [INFO] [fetcher:179] - Sukses mengambil 100 bar Spot Gold langsung dari terminal MT5 (XAUUSDc).
[2026-10-05 10:49:46] [INFO] [storage:329] - Berhasil menyimpan 100 baris data OHLCV untuk XAUUSD (15m).
[2026-10-05 10:49:47] [INFO] [scheduler:238] - Memproses AKRA.JK...
[2026-10-05 10:49:47] [INFO] [fetcher:249] - Mengambil data AKRA.JK (interval=15m, period=60d, start=None, end=None) - Percobaan 1/3
[2026-10-05 10:49:47] [INFO] [fetcher:268] - Sukses mengambil 1270 bar data untuk AKRA.JK (2026-07-14 s/d 2026-10-05 10:30)
[2026-10-05 10:49:47] [INFO] [storage:329] - Berhasil menyimpan 1270 baris data OHLCV untuk AKRA.JK (15m).
[2026-10-05 10:49:48] [INFO] [scheduler:238] - Memproses PGAS.JK...
[2026-10-05 10:49:48] [INFO] [fetcher:249] - Mengambil data PGAS.JK (interval=15m, period=60d, start=None, end=None) - Percobaan 1/3
[2026-10-05 10:49:48] [INFO] [fetcher:268] - Sukses mengambil 1270 bar data untuk PGAS.JK (2026-07-14 s/d 2026-10-05 10:30)
[2026-10-05 10:49:49] [INFO] [storage:329] - Berhasil menyimpan 1270 baris data OHLCV untuk PGAS.JK (15m).
[2026-10-05 10:49:50] [INFO] [scheduler:238] - Memproses ANTM.JK...
[2026-10-05 10:49:50] [INFO] [fetcher:249] - Mengambil data ANTM.JK (interval=15m, period=60d, start=None, end=None) - Percobaan 1/3
[2026-10-05 10:49:50] [INFO] [fetcher:268] - Sukses mengambil 1270 bar data untuk ANTM.JK (2026-07-14 s/d 2026-10-05 10:30)
[2026-10-05 10:49:50] [INFO] [storage:329] - Berhasil menyimpan 1270 baris data OHLCV untuk ANTM.JK (15m).
[2026-10-05 10:49:51] [INFO] [scheduler:238] - Memproses MDKA.JK...
[2026-10-05 10:49:51] [INFO] [fetcher:249] - Mengambil data MDKA.JK (interval=15m, period=60d, start=None, end=None) - Percobaan 1/3
[2026-10-05 10:49:51] [INFO] [fetcher:268] - Sukses mengambil 1270 bar data untuk MDKA.JK (2026-07-14 s/d 2026-10-05 10:30)
[2026-10-05 10:49:51] [INFO] [storage:329] - Berhasil menyimpan 1270 baris data OHLCV untuk MDKA.JK (15m).
[2026-10-05 10:49:52] [INFO] [scheduler:238] - Memproses INCO.JK...
[2026-10-05 10:49:52] [INFO] [fetcher:249] - Mengambil data INCO.JK (interval=15m, period=60d, start=None, end=None) - Percobaan 1/3
[2026-10-05 10:49:52] [INFO] [fetcher:268] - Sukses mengambil 1270 bar data untuk INCO.JK (2026-07-14 s/d 2026-10-05 10:30)
[2026-10-05 10:49:52] [INFO] [storage:329] - Berhasil menyimpan 1270 baris data OHLCV untuk INCO.JK (15m).
[2026-10-05 10:49:53] [INFO] [scheduler:238] - Memproses TINS.JK...
[2026-10-05 10:49:53] [INFO] [fetcher:249] - Mengambil data TINS.JK (interval=15m, period=60d, start=None, end=None) - Percobaan 1/3
[2026-10-05 10:49:53] [INFO] [fetcher:268] - Sukses mengambil 1270 bar data untuk TINS.JK (2026-07-14 s/d 2026-10-05 10:30)
[2026-10-05 10:49:53] [INFO] [storage:329] - Berhasil menyimpan 1270 baris data OHLCV untuk TINS.JK (15m).
[2026-10-05 10:49:54] [INFO] [scheduler:238] - Memproses BRMS.JK...
[2026-10-05 10:49:54] [INFO] [fetcher:249] - Mengambil data BRMS.JK (interval=15m, period=60d, start=None, end=None) - Percobaan 1/3
[2026-10-05 10:49:54] [INFO] [fetcher:268] - Sukses mengambil 1270 bar data untuk BRMS.JK (2026-07-14 s/d 2026-10-05 10:30)
[2026-10-05 10:49:55] [INFO] [storage:329] - Berhasil menyimpan 1270 baris data OHLCV untuk BRMS.JK (15m).
[2026-10-05 10:49:55] [INFO] [scheduler:238] - Memproses BREN.JK...
[2026-10-05 10:49:55] [INFO] [fetcher:249] - Mengambil data BREN.JK (interval=15m, period=60d, start=None, end=None) - Percobaan 1/3
[2026-10-05 10:49:56] [INFO] [fetcher:268] - Sukses mengambil 1270 bar data untuk BREN.JK (2026-07-14 s/d 2026-10-05 10:30)
[2026-10-05 10:49:56] [INFO] [storage:329] - Berhasil menyimpan 1270 baris data OHLCV untuk BREN.JK (15m).
[2026-10-05 10:49:57] [INFO] [scheduler:238] - Memproses BRPT.JK...
[2026-10-05 10:49:57] [INFO] [fetcher:249] - Mengambil data BRPT.JK (interval=15m, period=60d, start=None, end=None) - Percobaan 1/3
[2026-10-05 10:49:57] [INFO] [fetcher:268] - Sukses mengambil 1270 bar data untuk BRPT.JK (2026-07-14 s/d 2026-10-05 10:30)
[2026-10-05 10:49:57] [INFO] [storage:329] - Berhasil menyimpan 1270 baris data OHLCV untuk BRPT.JK (15m).
[2026-10-05 10:49:58] [INFO] [scheduler:238] - Memproses AMMN.JK...
[2026-10-05 10:49:58] [INFO] [fetcher:249] - Mengambil data AMMN.JK (interval=15m, period=60d, start=None, end=None) - Percobaan 1/3
[2026-10-05 10:49:58] [INFO] [fetcher:268] - Sukses mengambil 1271 bar data untuk AMMN.JK (2026-07-14 s/d 2026-10-05 10:30)
[2026-10-05 10:49:58] [INFO] [storage:329] - Berhasil menyimpan 1271 baris data OHLCV untuk AMMN.JK (15m).
[2026-10-05 10:49:59] [INFO] [scheduler:238] - Memproses CUAN.JK...
[2026-10-05 10:49:59] [INFO] [fetcher:249] - Mengambil data CUAN.JK (interval=15m, period=60d, start=None, end=None) - Percobaan 1/3
[2026-10-05 10:50:00] [INFO] [fetcher:268] - Sukses mengambil 1270 bar data untuk CUAN.JK (2026-07-14 s/d 2026-10-05 10:30)
[2026-10-05 10:50:00] [INFO] [storage:329] - Berhasil menyimpan 1270 baris data OHLCV untuk CUAN.JK (15m).
[2026-10-05 10:50:00] [INFO] [fetcher:179] - Sukses mengambil 100 bar Spot Gold langsung dari terminal MT5 (XAUUSDc).
[2026-10-05 10:50:01] [INFO] [storage:329] - Berhasil menyimpan 100 baris data OHLCV untuk XAUUSD (15m).
[2026-10-05 10:50:01] [INFO] [scheduler:238] - Memproses ICBP.JK...
[2026-10-05 10:50:01] [INFO] [fetcher:249] - Mengambil data ICBP.JK (interval=15m, period=60d, start=None, end=None) - Percobaan 1/3
[2026-10-05 10:50:02] [INFO] [fetcher:268] - Sukses mengambil 1270 bar data untuk ICBP.JK (2026-07-14 s/d 2026-10-05 10:30)
[2026-10-05 10:50:02] [INFO] [storage:329] - Berhasil menyimpan 1270 baris data OHLCV untuk ICBP.JK (15m).
[2026-10-05 10:50:03] [INFO] [scheduler:238] - Memproses AMRT.JK...
[2026-10-05 10:50:03] [INFO] [fetcher:249] - Mengambil data AMRT.JK (interval=15m, period=60d, start=None, end=None) - Percobaan 1/3
[2026-10-05 10:50:03] [INFO] [fetcher:268] - Sukses mengambil 1270 bar data untuk AMRT.JK (2026-07-14 s/d 2026-10-05 10:30)
[2026-10-05 10:50:03] [INFO] [storage:329] - Berhasil menyimpan 1270 baris data OHLCV untuk AMRT.JK (15m).
[2026-10-05 10:50:04] [INFO] [scheduler:238] - Memproses MYOR.JK...
[2026-10-05 10:50:04] [INFO] [fetcher:249] - Mengambil data MYOR.JK (interval=15m, period=60d, start=None, end=None) - Percobaan 1/3
[2026-10-05 10:50:04] [INFO] [fetcher:268] - Sukses mengambil 1270 bar data untuk MYOR.JK (2026-07-14 s/d 2026-10-05 10:30)
[2026-10-05 10:50:04] [INFO] [storage:329] - Berhasil menyimpan 1270 baris data OHLCV untuk MYOR.JK (15m).
[2026-10-05 10:50:05] [INFO] [scheduler:238] - Memproses ACES.JK...
[2026-10-05 10:50:05] [INFO] [fetcher:249] - Mengambil data ACES.JK (interval=15m, period=60d, start=None, end=None) - Percobaan 1/3
[2026-10-05 10:50:06] [INFO] [fetcher:268] - Sukses mengambil 1269 bar data untuk ACES.JK (2026-07-14 s/d 2026-10-05 10:30)
[2026-10-05 10:50:06] [INFO] [storage:329] - Berhasil menyimpan 1269 baris data OHLCV untuk ACES.JK (15m).
[2026-10-05 10:50:07] [INFO] [scheduler:238] - Memproses GOTO.JK...
[2026-10-05 10:50:07] [INFO] [fetcher:249] - Mengambil data GOTO.JK (interval=15m, period=60d, start=None, end=None) - Percobaan 1/3
[2026-10-05 10:50:07] [INFO] [fetcher:268] - Sukses mengambil 1269 bar data untuk GOTO.JK (2026-07-14 s/d 2026-10-05 10:30)
[2026-10-05 10:50:07] [INFO] [storage:329] - Berhasil menyimpan 1269 baris data OHLCV untuk GOTO.JK (15m).
[2026-10-05 10:50:08] [INFO] [scheduler:238] - Memproses ARTO.JK...
[2026-10-05 10:50:08] [INFO] [fetcher:249] - Mengambil data ARTO.JK (interval=15m, period=60d, start=None, end=None) - Percobaan 1/3
[2026-10-05 10:50:08] [INFO] [fetcher:268] - Sukses mengambil 1270 bar data untuk ARTO.JK (2026-07-14 s/d 2026-10-05 10:30)
[2026-10-05 10:50:08] [INFO] [storage:329] - Berhasil menyimpan 1270 baris data OHLCV untuk ARTO.JK (15m).
[2026-10-05 10:50:10] [INFO] [fetcher:179] - Sukses mengambil 100 bar Spot Gold langsung dari terminal MT5 (XAUUSDc).
[2026-10-05 10:50:10] [INFO] [storage:329] - Berhasil menyimpan 100 baris data OHLCV untuk XAUUSD (15m).
[2026-10-05 10:50:10] [INFO] [scheduler:613] - === Pipeline Selesai: 28 saham diproses, 2 sinyal aktif, 0 notifikasi terkirim ===
[2026-10-05 10:50:15] [INFO] [fetcher:179] - Sukses mengambil 100 bar Spot Gold langsung dari terminal MT5 (XAUUSDc).
[2026-10-05 10:50:15] [INFO] [storage:329] - Berhasil menyimpan 100 baris data OHLCV untuk XAUUSD (15m).
[2026-10-05 10:50:30] [INFO] [fetcher:179] - Sukses mengambil 100 bar Spot Gold langsung dari terminal MT5 (XAUUSDc).
[2026-10-05 10:50:30] [INFO] [fetcher:179] - Sukses mengambil 100 bar Spot Gold langsung dari terminal MT5 (XAUUSDc).
[2026-10-05 10:50:30] [INFO] [storage:329] - Berhasil menyimpan 100 baris data OHLCV untuk XAUUSD (15m).
[2026-10-05 10:50:30] [INFO] [storage:329] - Berhasil menyimpan 100 baris data OHLCV untuk XAUUSD (15m).
[2026-10-05 10:50:45] [INFO] [fetcher:179] - Sukses mengambil 100 bar Spot Gold langsung dari terminal MT5 (XAUUSDc).
[2026-10-05 10:50:45] [INFO] [storage:329] - Berhasil menyimpan 100 baris data OHLCV untuk XAUUSD (15m).
[2026-10-05 10:51:00] [INFO] [fetcher:179] - Sukses mengambil 100 bar Spot Gold langsung dari terminal MT5 (XAUUSDc).
[2026-10-05 10:51:00] [INFO] [storage:329] - Berhasil menyimpan 100 baris data OHLCV untuk XAUUSD (15m).
[2026-10-05 10:51:15] [INFO] [fetcher:179] - Sukses mengambil 100 bar Spot Gold langsung dari terminal MT5 (XAUUSDc).
[2026-10-05 10:51:15] [INFO] [storage:329] - Berhasil menyimpan 100 baris data OHLCV untuk XAUUSD (15m).
[2026-10-05 10:51:30] [INFO] [fetcher:179] - Sukses mengambil 100 bar Spot Gold langsung dari terminal MT5 (XAUUSDc).
[2026-10-05 10:51:30] [INFO] [storage:329] - Berhasil menyimpan 100 baris data OHLCV untuk XAUUSD (15m).
[2026-10-05 10:51:30] [INFO] [fetcher:179] - Sukses mengambil 100 bar Spot Gold langsung dari terminal MT5 (XAUUSDc).
[2026-10-05 10:51:30] [INFO] [storage:329] - Berhasil menyimpan 100 baris data OHLCV untuk XAUUSD (15m).
[2026-10-05 10:51:45] [INFO] [fetcher:179] - Sukses mengambil 100 bar Spot Gold langsung dari terminal MT5 (XAUUSDc).
[2026-10-05 10:51:45] [INFO] [storage:329] - Berhasil menyimpan 100 baris data OHLCV untuk XAUUSD (15m).
[2026-10-05 10:52:00] [INFO] [fetcher:179] - Sukses mengambil 100 bar Spot Gold langsung dari terminal MT5 (XAUUSDc).
[2026-10-05 10:52:00] [INFO] [storage:329] - Berhasil menyimpan 100 baris data OHLCV untuk XAUUSD (15m).
[2026-10-05 10:52:15] [INFO] [fetcher:179] - Sukses mengambil 100 bar Spot Gold langsung dari terminal MT5 (XAUUSDc).
[2026-10-05 10:52:15] [INFO] [storage:329] - Berhasil menyimpan 100 baris data OHLCV untuk XAUUSD (15m).
[2026-10-05 10:52:30] [INFO] [fetcher:179] - Sukses mengambil 100 bar Spot Gold langsung dari terminal MT5 (XAUUSDc).
[2026-10-05 10:52:30] [INFO] [fetcher:179] - Sukses mengambil 100 bar Spot Gold langsung dari terminal MT5 (XAUUSDc).
[2026-10-05 10:52:30] [INFO] [storage:329] - Berhasil menyimpan 100 baris data OHLCV untuk XAUUSD (15m).
[2026-10-05 10:52:30] [INFO] [storage:329] - Berhasil menyimpan 100 baris data OHLCV untuk XAUUSD (15m).
[2026-10-05 10:52:45] [INFO] [fetcher:179] - Sukses mengambil 100 bar Spot Gold langsung dari terminal MT5 (XAUUSDc).
[2026-10-05 10:52:45] [INFO] [storage:329] - Berhasil menyimpan 100 baris data OHLCV untuk XAUUSD (15m).
[2026-10-05 10:53:00] [INFO] [fetcher:179] - Sukses mengambil 100 bar Spot Gold langsung dari terminal MT5 (XAUUSDc).
[2026-10-05 10:53:00] [INFO] [storage:329] - Berhasil menyimpan 100 baris data OHLCV untuk XAUUSD (15m).
[2026-10-05 10:53:15] [INFO] [fetcher:179] - Sukses mengambil 100 bar Spot Gold langsung dari terminal MT5 (XAUUSDc).
[2026-10-05 10:53:15] [INFO] [storage:329] - Berhasil menyimpan 100 baris data OHLCV untuk XAUUSD (15m).
[2026-10-05 10:53:30] [INFO] [fetcher:179] - Sukses mengambil 100 bar Spot Gold langsung dari terminal MT5 (XAUUSDc).
[2026-10-05 10:53:30] [INFO] [storage:329] - Berhasil menyimpan 100 baris data OHLCV untuk XAUUSD (15m).
[2026-10-05 10:53:30] [INFO] [fetcher:179] - Sukses mengambil 100 bar Spot Gold langsung dari terminal MT5 (XAUUSDc).
[2026-10-05 10:53:30] [INFO] [storage:329] - Berhasil menyimpan 100 baris data OHLCV untuk XAUUSD (15m).
[2026-10-05 10:53:45] [INFO] [fetcher:179] - Sukses mengambil 100 bar Spot Gold langsung dari terminal MT5 (XAUUSDc).
[2026-10-05 10:53:45] [INFO] [storage:329] - Berhasil menyimpan 100 baris data OHLCV untuk XAUUSD (15m).
[2026-10-05 10:54:00] [INFO] [fetcher:179] - Sukses mengambil 100 bar Spot Gold langsung dari terminal MT5 (XAUUSDc).
[2026-10-05 10:54:00] [INFO] [storage:329] - Berhasil menyimpan 100 baris data OHLCV untuk XAUUSD (15m).
[2026-10-05 10:54:15] [INFO] [fetcher:179] - Sukses mengambil 100 bar Spot Gold langsung dari terminal MT5 (XAUUSDc).
[2026-10-05 10:54:15] [INFO] [storage:329] - Berhasil menyimpan 100 baris data OHLCV untuk XAUUSD (15m).
[2026-10-05 10:54:30] [INFO] [fetcher:179] - Sukses mengambil 100 bar Spot Gold langsung dari terminal MT5 (XAUUSDc).
[2026-10-05 10:54:30] [INFO] [storage:329] - Berhasil menyimpan 100 baris data OHLCV untuk XAUUSD (15m).
[2026-10-05 10:54:30] [INFO] [fetcher:179] - Sukses mengambil 100 bar Spot Gold langsung dari terminal MT5 (XAUUSDc).
[2026-10-05 10:54:30] [INFO] [storage:329] - Berhasil menyimpan 100 baris data OHLCV untuk XAUUSD (15m).
[2026-10-05 10:54:45] [INFO] [fetcher:179] - Sukses mengambil 100 bar Spot Gold langsung dari terminal MT5 (XAUUSDc).
[2026-10-05 10:54:45] [INFO] [storage:329] - Berhasil menyimpan 100 baris data OHLCV untuk XAUUSD (15m).
[2026-10-05 10:55:00] [INFO] [fetcher:179] - Sukses mengambil 100 bar Spot Gold langsung dari terminal MT5 (XAUUSDc).
[2026-10-05 10:55:00] [INFO] [storage:329] - Berhasil menyimpan 100 baris data OHLCV untuk XAUUSD (15m).
[2026-10-05 10:55:15] [INFO] [fetcher:179] - Sukses mengambil 100 bar Spot Gold langsung dari terminal MT5 (XAUUSDc).
[2026-10-05 10:55:15] [INFO] [storage:329] - Berhasil menyimpan 100 baris data OHLCV untuk XAUUSD (15m).
[2026-10-05 10:55:30] [INFO] [fetcher:179] - Sukses mengambil 100 bar Spot Gold langsung dari terminal MT5 (XAUUSDc).
[2026-10-05 10:55:30] [INFO] [fetcher:179] - Sukses mengambil 100 bar Spot Gold langsung dari terminal MT5 (XAUUSDc).
[2026-10-05 10:55:30] [INFO] [storage:329] - Berhasil menyimpan 100 baris data OHLCV untuk XAUUSD (15m).
[2026-10-05 10:55:30] [INFO] [storage:329] - Berhasil menyimpan 100 baris data OHLCV untuk XAUUSD (15m).
[2026-10-05 10:55:45] [INFO] [fetcher:179] - Sukses mengambil 100 bar Spot Gold langsung dari terminal MT5 (XAUUSDc).
[2026-10-05 10:55:45] [INFO] [storage:329] - Berhasil menyimpan 100 baris data OHLCV untuk XAUUSD (15m).
[2026-10-05 10:56:00] [INFO] [fetcher:179] - Sukses mengambil 100 bar Spot Gold langsung dari terminal MT5 (XAUUSDc).
[2026-10-05 10:56:00] [INFO] [storage:329] - Berhasil menyimpan 100 baris data OHLCV untuk XAUUSD (15m).
[2026-10-05 10:56:15] [INFO] [fetcher:179] - Sukses mengambil 100 bar Spot Gold langsung dari terminal MT5 (XAUUSDc).
[2026-10-05 10:56:15] [INFO] [storage:329] - Berhasil menyimpan 100 baris data OHLCV untuk XAUUSD (15m).
[2026-10-05 10:56:30] [INFO] [fetcher:179] - Sukses mengambil 100 bar Spot Gold langsung dari terminal MT5 (XAUUSDc).
[2026-10-05 10:56:30] [INFO] [fetcher:179] - Sukses mengambil 100 bar Spot Gold langsung dari terminal MT5 (XAUUSDc).
[2026-10-05 10:56:30] [INFO] [storage:329] - Berhasil menyimpan 100 baris data OHLCV untuk XAUUSD (15m).
[2026-10-05 10:56:30] [INFO] [storage:329] - Berhasil menyimpan 100 baris data OHLCV untuk XAUUSD (15m).
[2026-10-05 10:56:45] [INFO] [fetcher:179] - Sukses mengambil 100 bar Spot Gold langsung dari terminal MT5 (XAUUSDc).
[2026-10-05 10:56:45] [INFO] [storage:329] - Berhasil menyimpan 100 baris data OHLCV untuk XAUUSD (15m).
[2026-10-05 10:57:00] [INFO] [fetcher:179] - Sukses mengambil 100 bar Spot Gold langsung dari terminal MT5 (XAUUSDc).
[2026-10-05 10:57:00] [INFO] [storage:329] - Berhasil menyimpan 100 baris data OHLCV untuk XAUUSD (15m).
[2026-10-05 10:57:15] [INFO] [fetcher:179] - Sukses mengambil 100 bar Spot Gold langsung dari terminal MT5 (XAUUSDc).
[2026-10-05 10:57:15] [INFO] [storage:329] - Berhasil menyimpan 100 baris data OHLCV untuk XAUUSD (15m).
[2026-10-05 10:57:30] [INFO] [fetcher:179] - Sukses mengambil 100 bar Spot Gold langsung dari terminal MT5 (XAUUSDc).
[2026-10-05 10:57:30] [INFO] [fetcher:179] - Sukses mengambil 100 bar Spot Gold langsung dari terminal MT5 (XAUUSDc).
[2026-10-05 10:57:30] [INFO] [storage:329] - Berhasil menyimpan 100 baris data OHLCV untuk XAUUSD (15m).
[2026-10-05 10:57:30] [INFO] [storage:329] - Berhasil menyimpan 100 baris data OHLCV untuk XAUUSD (15m).
[2026-10-05 10:57:45] [INFO] [fetcher:179] - Sukses mengambil 100 bar Spot Gold langsung dari terminal MT5 (XAUUSDc).
[2026-10-05 10:57:45] [INFO] [storage:329] - Berhasil menyimpan 100 baris data OHLCV untuk XAUUSD (15m).
[2026-10-05 10:58:00] [INFO] [fetcher:179] - Sukses mengambil 100 bar Spot Gold langsung dari terminal MT5 (XAUUSDc).
[2026-10-05 10:58:00] [INFO] [storage:329] - Berhasil menyimpan 100 baris data OHLCV untuk XAUUSD (15m).
[2026-10-05 10:58:15] [INFO] [fetcher:179] - Sukses mengambil 100 bar Spot Gold langsung dari terminal MT5 (XAUUSDc).
[2026-10-05 10:58:15] [INFO] [storage:329] - Berhasil menyimpan 100 baris data OHLCV untuk XAUUSD (15m).
[2026-10-05 10:58:30] [INFO] [fetcher:179] - Sukses mengambil 100 bar Spot Gold langsung dari terminal MT5 (XAUUSDc).
[2026-10-05 10:58:30] [INFO] [fetcher:179] - Sukses mengambil 100 bar Spot Gold langsung dari terminal MT5 (XAUUSDc).
[2026-10-05 10:58:30] [INFO] [storage:329] - Berhasil menyimpan 100 baris data OHLCV untuk XAUUSD (15m).
[2026-10-05 10:58:30] [INFO] [storage:329] - Berhasil menyimpan 100 baris data OHLCV untuk XAUUSD (15m).
[2026-10-05 10:58:45] [INFO] [fetcher:179] - Sukses mengambil 100 bar Spot Gold langsung dari terminal MT5 (XAUUSDc).
[2026-10-05 10:58:45] [INFO] [storage:329] - Berhasil menyimpan 100 baris data OHLCV untuk XAUUSD (15m).
[2026-10-05 10:59:00] [INFO] [fetcher:179] - Sukses mengambil 100 bar Spot Gold langsung dari terminal MT5 (XAUUSDc).
[2026-10-05 10:59:00] [INFO] [storage:329] - Berhasil menyimpan 100 baris data OHLCV untuk XAUUSD (15m).
[2026-10-05 10:59:15] [INFO] [fetcher:179] - Sukses mengambil 100 bar Spot Gold langsung dari terminal MT5 (XAUUSDc).
[2026-10-05 10:59:15] [INFO] [storage:329] - Berhasil menyimpan 100 baris data OHLCV untuk XAUUSD (15m).
[2026-10-05 10:59:30] [INFO] [fetcher:179] - Sukses mengambil 100 bar Spot Gold langsung dari terminal MT5 (XAUUSDc).
[2026-10-05 10:59:30] [INFO] [fetcher:179] - Sukses mengambil 100 bar Spot Gold langsung dari terminal MT5 (XAUUSDc).
[2026-10-05 10:59:30] [INFO] [storage:329] - Berhasil menyimpan 100 baris data OHLCV untuk XAUUSD (15m).
[2026-10-05 10:59:30] [INFO] [storage:329] - Berhasil menyimpan 100 baris data OHLCV untuk XAUUSD (15m).
[2026-10-05 10:59:45] [INFO] [fetcher:179] - Sukses mengambil 100 bar Spot Gold langsung dari terminal MT5 (XAUUSDc).
[2026-10-05 10:59:45] [INFO] [storage:329] - Berhasil menyimpan 100 baris data OHLCV untuk XAUUSD (15m).
[2026-10-05 11:00:00] [INFO] [fetcher:179] - Sukses mengambil 100 bar Spot Gold langsung dari terminal MT5 (XAUUSDc).
[2026-10-05 11:00:00] [INFO] [storage:329] - Berhasil menyimpan 100 baris data OHLCV untuk XAUUSD (15m).
[2026-10-05 11:00:15] [INFO] [fetcher:179] - Sukses mengambil 100 bar Spot Gold langsung dari terminal MT5 (XAUUSDc).
[2026-10-05 11:00:15] [INFO] [storage:329] - Berhasil menyimpan 100 baris data OHLCV untuk XAUUSD (15m).
[2026-10-05 11:00:30] [INFO] [fetcher:179] - Sukses mengambil 100 bar Spot Gold langsung dari terminal MT5 (XAUUSDc).
[2026-10-05 11:00:30] [INFO] [fetcher:179] - Sukses mengambil 100 bar Spot Gold langsung dari terminal MT5 (XAUUSDc).
[2026-10-05 11:00:30] [INFO] [storage:329] - Berhasil menyimpan 100 baris data OHLCV untuk XAUUSD (15m).
[2026-10-05 11:00:30] [INFO] [storage:329] - Berhasil menyimpan 100 baris data OHLCV untuk XAUUSD (15m).
[2026-10-05 11:00:45] [INFO] [fetcher:179] - Sukses mengambil 100 bar Spot Gold langsung dari terminal MT5 (XAUUSDc).
[2026-10-05 11:00:45] [INFO] [storage:329] - Berhasil menyimpan 100 baris data OHLCV untuk XAUUSD (15m).
[2026-10-05 11:01:00] [INFO] [fetcher:179] - Sukses mengambil 100 bar Spot Gold langsung dari terminal MT5 (XAUUSDc).
[2026-10-05 11:01:00] [INFO] [storage:329] - Berhasil menyimpan 100 baris data OHLCV untuk XAUUSD (15m).
[2026-10-05 11:01:15] [INFO] [fetcher:179] - Sukses mengambil 100 bar Spot Gold langsung dari terminal MT5 (XAUUSDc).
[2026-10-05 11:01:15] [INFO] [storage:329] - Berhasil menyimpan 100 baris data OHLCV untuk XAUUSD (15m).
[2026-10-05 11:01:30] [INFO] [fetcher:179] - Sukses mengambil 100 bar Spot Gold langsung dari terminal MT5 (XAUUSDc).
[2026-10-05 11:01:30] [INFO] [fetcher:179] - Sukses mengambil 100 bar Spot Gold langsung dari terminal MT5 (XAUUSDc).
[2026-10-05 11:01:30] [INFO] [storage:329] - Berhasil menyimpan 100 baris data OHLCV untuk XAUUSD (15m).
[2026-10-05 11:01:30] [INFO] [storage:329] - Berhasil menyimpan 100 baris data OHLCV untuk XAUUSD (15m).
[2026-10-05 11:01:45] [INFO] [fetcher:179] - Sukses mengambil 100 bar Spot Gold langsung dari terminal MT5 (XAUUSDc).
[2026-10-05 11:01:45] [INFO] [storage:329] - Berhasil menyimpan 100 baris data OHLCV untuk XAUUSD (15m).
[2026-10-05 11:02:00] [INFO] [fetcher:179] - Sukses mengambil 100 bar Spot Gold langsung dari terminal MT5 (XAUUSDc).
[2026-10-05 11:02:00] [INFO] [storage:329] - Berhasil menyimpan 100 baris data OHLCV untuk XAUUSD (15m).
[2026-10-05 11:02:16] [INFO] [fetcher:179] - Sukses mengambil 100 bar Spot Gold langsung dari terminal MT5 (XAUUSDc).
[2026-10-05 11:02:16] [INFO] [storage:329] - Berhasil menyimpan 100 baris data OHLCV untuk XAUUSD (15m).
[2026-10-05 11:02:30] [INFO] [fetcher:179] - Sukses mengambil 100 bar Spot Gold langsung dari terminal MT5 (XAUUSDc).
[2026-10-05 11:02:30] [INFO] [storage:329] - Berhasil menyimpan 100 baris data OHLCV untuk XAUUSD (15m).
[2026-10-05 11:02:30] [INFO] [fetcher:179] - Sukses mengambil 100 bar Spot Gold langsung dari terminal MT5 (XAUUSDc).
[2026-10-05 11:02:30] [INFO] [storage:329] - Berhasil menyimpan 100 baris data OHLCV untuk XAUUSD (15m).
[2026-10-05 11:02:45] [INFO] [fetcher:179] - Sukses mengambil 100 bar Spot Gold langsung dari terminal MT5 (XAUUSDc).
[2026-10-05 11:02:45] [INFO] [storage:329] - Berhasil menyimpan 100 baris data OHLCV untuk XAUUSD (15m).
[2026-10-05 11:03:00] [INFO] [fetcher:179] - Sukses mengambil 100 bar Spot Gold langsung dari terminal MT5 (XAUUSDc).
[2026-10-05 11:03:00] [INFO] [storage:329] - Berhasil menyimpan 100 baris data OHLCV untuk XAUUSD (15m).
[2026-10-05 11:03:15] [INFO] [fetcher:179] - Sukses mengambil 100 bar Spot Gold langsung dari terminal MT5 (XAUUSDc).
[2026-10-05 11:03:15] [INFO] [storage:329] - Berhasil menyimpan 100 baris data OHLCV untuk XAUUSD (15m).
[2026-10-05 11:03:26] [INFO] [fetcher:179] - Sukses mengambil 100 bar Spot Gold langsung dari terminal MT5 (XAUUSDc).
[2026-10-05 11:03:26] [INFO] [storage:329] - Berhasil menyimpan 100 baris data OHLCV untuk XAUUSD (15m).
[2026-10-05 11:03:27] [INFO] [chart_generator:492] - Berhasil membuat chart visual TradingView: data\charts\chart_XAUUSD_15m_20261005_110327_24.png
[2026-10-05 11:03:30] [INFO] [mt5_bridge:1384] - 🛡️ Modifikasi MT5 #15252907636 berhasil: SL=4144.9, TP=4116.57
[2026-10-05 11:03:30] [INFO] [scheduler:1129] - 🛡️ [BEP LOCK AKTIF - LONG/TP JAUH - Sesi Asia (Tokyo/Sydney)] XAUUSD #15252907636 SELL: SL digeser ke $4144.90 (Floating: +$3.82 USD / +38 pips). Transaksi kini BEBAS RISIKO (Risk-Free)!
[2026-10-05 11:03:30] [INFO] [fetcher:179] - Sukses mengambil 100 bar Spot Gold langsung dari terminal MT5 (XAUUSDc).
[2026-10-05 11:03:30] [INFO] [storage:329] - Berhasil menyimpan 100 baris data OHLCV untuk XAUUSD (15m).
[2026-10-05 11:03:31] [INFO] [telegram_bot:256] - Pesan berhasil terkirim ke Telegram (8754997836).
[2026-10-05 11:03:32] [INFO] [telegram_bot:256] - Pesan berhasil terkirim ke Telegram (7170889507).
[2026-10-05 11:03:33] [INFO] [telegram_bot:256] - Pesan berhasil terkirim ke Telegram (8301678027).
[2026-10-05 11:03:34] [INFO] [fetcher:179] - Sukses mengambil 100 bar Spot Gold langsung dari terminal MT5 (XAUUSDc).
[2026-10-05 11:03:34] [INFO] [storage:329] - Berhasil menyimpan 100 baris data OHLCV untuk XAUUSD (15m).
[2026-10-05 11:03:45] [INFO] [fetcher:179] - Sukses mengambil 100 bar Spot Gold langsung dari terminal MT5 (XAUUSDc).
[2026-10-05 11:03:45] [INFO] [storage:329] - Berhasil menyimpan 100 baris data OHLCV untuk XAUUSD (15m).
[2026-10-05 11:04:00] [INFO] [fetcher:179] - Sukses mengambil 100 bar Spot Gold langsung dari terminal MT5 (XAUUSDc).
[2026-10-05 11:04:00] [INFO] [storage:329] - Berhasil menyimpan 100 baris data OHLCV untuk XAUUSD (15m).
[2026-10-05 11:04:15] [INFO] [fetcher:179] - Sukses mengambil 100 bar Spot Gold langsung dari terminal MT5 (XAUUSDc).
[2026-10-05 11:04:15] [INFO] [storage:329] - Berhasil menyimpan 100 baris data OHLCV untuk XAUUSD (15m).
[2026-10-05 11:04:30] [INFO] [scheduler:174] - === Memulai Siklus Pipeline Analisis Saham & Komoditas ===
[2026-10-05 11:04:30] [INFO] [fetcher:179] - Sukses mengambil 100 bar Spot Gold langsung dari terminal MT5 (XAUUSDc).
[2026-10-05 11:04:30] [INFO] [storage:329] - Berhasil menyimpan 100 baris data OHLCV untuk XAUUSD (15m).
[2026-10-05 11:04:30] [INFO] [fetcher:179] - Sukses mengambil 100 bar Spot Gold langsung dari terminal MT5 (XAUUSDc).
[2026-10-05 11:04:30] [INFO] [storage:329] - Berhasil menyimpan 100 baris data OHLCV untuk XAUUSD (15m).
[2026-10-05 11:04:30] [INFO] [fetcher:179] - Sukses mengambil 100 bar Spot Gold langsung dari terminal MT5 (XAUUSDc).
[2026-10-05 11:04:30] [INFO] [scheduler:182] - Status Pasar: IDX=BUKA | GOLD=BUKA
[2026-10-05 11:04:30] [INFO] [scheduler:203] - Mode Trading: INTRADAY (Interval: 15m, Watchlist: 28)
[2026-10-05 11:04:30] [INFO] [scheduler:238] - Memproses XAUUSD...
[2026-10-05 11:04:30] [INFO] [storage:329] - Berhasil menyimpan 100 baris data OHLCV untuk XAUUSD (15m).
[2026-10-05 11:04:30] [INFO] [fetcher:179] - Sukses mengambil 100 bar Spot Gold langsung dari terminal MT5 (XAUUSDc).
[2026-10-05 11:04:31] [INFO] [storage:329] - Berhasil menyimpan 100 baris data OHLCV untuk XAUUSD (15m).
[2026-10-05 11:04:31] [INFO] [chart_generator:492] - Berhasil membuat chart visual TradingView: data\charts\chart_XAUUSD_15m_20261005_110431_45.png
[2026-10-05 11:04:31] [INFO] [mt5_bridge:951] - Batas posisi tercapai (1/1 posisi XAUUSD aktif di MT5). Mode: CENT USC Disiplin (Maks 1 Posisi). Menunggu posisi selesai (TP/SL) sebelum membuka posisi baru.
[2026-10-05 11:04:31] [INFO] [scheduler:589] - ℹ️ [AUTO-EXECUTE A+ DITAHAN MT5 GUARD] Batas posisi tercapai (1/1 posisi XAUUSD aktif di MT5). Mode: CENT USC Disiplin (Maks 1 Posisi). Menunggu posisi selesai (TP/SL) sebelum membuka posisi baru.
[2026-10-05 11:04:31] [INFO] [scheduler:238] - Memproses BBCA.JK...
[2026-10-05 11:04:31] [INFO] [fetcher:249] - Mengambil data BBCA.JK (interval=15m, period=60d, start=None, end=None) - Percobaan 1/3
[2026-10-05 11:04:32] [INFO] [fetcher:268] - Sukses mengambil 1271 bar data untuk BBCA.JK (2026-07-14 s/d 2026-10-05 10:45)
[2026-10-05 11:04:32] [INFO] [storage:329] - Berhasil menyimpan 1271 baris data OHLCV untuk BBCA.JK (15m).
[2026-10-05 11:04:33] [INFO] [scheduler:238] - Memproses BBRI.JK...
[2026-10-05 11:04:33] [INFO] [fetcher:249] - Mengambil data BBRI.JK (interval=15m, period=60d, start=None, end=None) - Percobaan 1/3
[2026-10-05 11:04:33] [INFO] [fetcher:268] - Sukses mengambil 1271 bar data untuk BBRI.JK (2026-07-14 s/d 2026-10-05 10:45)
[2026-10-05 11:04:33] [INFO] [storage:329] - Berhasil menyimpan 1271 baris data OHLCV untuk BBRI.JK (15m).
[2026-10-05 11:04:34] [INFO] [scheduler:238] - Memproses BMRI.JK...
[2026-10-05 11:04:34] [INFO] [fetcher:249] - Mengambil data BMRI.JK (interval=15m, period=60d, start=None, end=None) - Percobaan 1/3
[2026-10-05 11:04:34] [INFO] [fetcher:268] - Sukses mengambil 1271 bar data untuk BMRI.JK (2026-07-14 s/d 2026-10-05 10:45)
[2026-10-05 11:04:34] [INFO] [storage:329] - Berhasil menyimpan 1271 baris data OHLCV untuk BMRI.JK (15m).
[2026-10-05 11:04:35] [INFO] [scheduler:238] - Memproses BBNI.JK...
[2026-10-05 11:04:35] [INFO] [fetcher:249] - Mengambil data BBNI.JK (interval=15m, period=60d, start=None, end=None) - Percobaan 1/3
[2026-10-05 11:04:35] [INFO] [fetcher:268] - Sukses mengambil 1271 bar data untuk BBNI.JK (2026-07-14 s/d 2026-10-05 10:45)
[2026-10-05 11:04:35] [INFO] [storage:329] - Berhasil menyimpan 1271 baris data OHLCV untuk BBNI.JK (15m).
[2026-10-05 11:04:36] [INFO] [scheduler:238] - Memproses BRIS.JK...
[2026-10-05 11:04:36] [INFO] [fetcher:249] - Mengambil data BRIS.JK (interval=15m, period=60d, start=None, end=None) - Percobaan 1/3
[2026-10-05 11:04:36] [INFO] [fetcher:268] - Sukses mengambil 1271 bar data untuk BRIS.JK (2026-07-14 s/d 2026-10-05 10:45)
[2026-10-05 11:04:36] [INFO] [storage:329] - Berhasil menyimpan 1271 baris data OHLCV untuk BRIS.JK (15m).
[2026-10-05 11:04:37] [INFO] [scheduler:238] - Memproses ASII.JK...
[2026-10-05 11:04:37] [INFO] [fetcher:249] - Mengambil data ASII.JK (interval=15m, period=60d, start=None, end=None) - Percobaan 1/3
[2026-10-05 11:04:37] [INFO] [fetcher:268] - Sukses mengambil 1271 bar data untuk ASII.JK (2026-07-14 s/d 2026-10-05 10:45)
[2026-10-05 11:04:37] [INFO] [storage:329] - Berhasil menyimpan 1271 baris data OHLCV untuk ASII.JK (15m).
[2026-10-05 11:04:38] [INFO] [scheduler:442] - Sinyal BUY untuk ASII.JK tidak dinotifikasikan (Candle kedaluwarsa/telat (19m lalu > batas 16m)).
[2026-10-05 11:04:38] [INFO] [scheduler:238] - Memproses TLKM.JK...
[2026-10-05 11:04:38] [INFO] [fetcher:249] - Mengambil data TLKM.JK (interval=15m, period=60d, start=None, end=None) - Percobaan 1/3
[2026-10-05 11:04:38] [INFO] [fetcher:268] - Sukses mengambil 1271 bar data untuk TLKM.JK (2026-07-14 s/d 2026-10-05 10:45)
[2026-10-05 11:04:38] [INFO] [storage:329] - Berhasil menyimpan 1271 baris data OHLCV untuk TLKM.JK (15m).
[2026-10-05 11:04:39] [INFO] [scheduler:238] - Memproses ADRO.JK...
[2026-10-05 11:04:39] [INFO] [fetcher:249] - Mengambil data ADRO.JK (interval=15m, period=60d, start=None, end=None) - Percobaan 1/3
[2026-10-05 11:04:39] [INFO] [fetcher:268] - Sukses mengambil 1271 bar data untuk ADRO.JK (2026-07-14 s/d 2026-10-05 10:45)
[2026-10-05 11:04:39] [INFO] [storage:329] - Berhasil menyimpan 1271 baris data OHLCV untuk ADRO.JK (15m).
[2026-10-05 11:04:40] [INFO] [scheduler:238] - Memproses MEDC.JK...
[2026-10-05 11:04:40] [INFO] [fetcher:249] - Mengambil data MEDC.JK (interval=15m, period=60d, start=None, end=None) - Percobaan 1/3
[2026-10-05 11:04:40] [INFO] [fetcher:268] - Sukses mengambil 1271 bar data untuk MEDC.JK (2026-07-14 s/d 2026-10-05 10:45)
[2026-10-05 11:04:40] [INFO] [storage:329] - Berhasil menyimpan 1271 baris data OHLCV untuk MEDC.JK (15m).
[2026-10-05 11:04:41] [INFO] [scheduler:238] - Memproses PTBA.JK...
[2026-10-05 11:04:41] [INFO] [fetcher:249] - Mengambil data PTBA.JK (interval=15m, period=60d, start=None, end=None) - Percobaan 1/3
[2026-10-05 11:04:41] [INFO] [fetcher:268] - Sukses mengambil 1271 bar data untuk PTBA.JK (2026-07-14 s/d 2026-10-05 10:45)
[2026-10-05 11:04:41] [INFO] [storage:329] - Berhasil menyimpan 1271 baris data OHLCV untuk PTBA.JK (15m).
[2026-10-05 11:04:42] [INFO] [scheduler:238] - Memproses AKRA.JK...
[2026-10-05 11:04:42] [INFO] [fetcher:249] - Mengambil data AKRA.JK (interval=15m, period=60d, start=None, end=None) - Percobaan 1/3
[2026-10-05 11:04:42] [INFO] [fetcher:268] - Sukses mengambil 1271 bar data untuk AKRA.JK (2026-07-14 s/d 2026-10-05 10:45)
[2026-10-05 11:04:43] [INFO] [storage:329] - Berhasil menyimpan 1271 baris data OHLCV untuk AKRA.JK (15m).
[2026-10-05 11:04:43] [INFO] [scheduler:238] - Memproses PGAS.JK...
[2026-10-05 11:04:43] [INFO] [fetcher:249] - Mengambil data PGAS.JK (interval=15m, period=60d, start=None, end=None) - Percobaan 1/3
[2026-10-05 11:04:44] [INFO] [fetcher:268] - Sukses mengambil 1271 bar data untuk PGAS.JK (2026-07-14 s/d 2026-10-05 10:45)
[2026-10-05 11:04:44] [INFO] [storage:329] - Berhasil menyimpan 1271 baris data OHLCV untuk PGAS.JK (15m).
[2026-10-05 11:04:45] [INFO] [scheduler:238] - Memproses ANTM.JK...
[2026-10-05 11:04:45] [INFO] [fetcher:249] - Mengambil data ANTM.JK (interval=15m, period=60d, start=None, end=None) - Percobaan 1/3
[2026-10-05 11:04:45] [INFO] [fetcher:268] - Sukses mengambil 1271 bar data untuk ANTM.JK (2026-07-14 s/d 2026-10-05 10:45)
[2026-10-05 11:04:45] [INFO] [storage:329] - Berhasil menyimpan 1271 baris data OHLCV untuk ANTM.JK (15m).
[2026-10-05 11:04:45] [INFO] [fetcher:179] - Sukses mengambil 100 bar Spot Gold langsung dari terminal MT5 (XAUUSDc).
[2026-10-05 11:04:46] [INFO] [storage:329] - Berhasil menyimpan 100 baris data OHLCV untuk XAUUSD (15m).
[2026-10-05 11:04:46] [INFO] [scheduler:238] - Memproses MDKA.JK...
[2026-10-05 11:04:46] [INFO] [fetcher:249] - Mengambil data MDKA.JK (interval=15m, period=60d, start=None, end=None) - Percobaan 1/3
[2026-10-05 11:04:46] [INFO] [fetcher:268] - Sukses mengambil 1271 bar data untuk MDKA.JK (2026-07-14 s/d 2026-10-05 10:45)
[2026-10-05 11:04:47] [INFO] [storage:329] - Berhasil menyimpan 1271 baris data OHLCV untuk MDKA.JK (15m).
[2026-10-05 11:04:47] [INFO] [scheduler:238] - Memproses INCO.JK...
[2026-10-05 11:04:47] [INFO] [fetcher:249] - Mengambil data INCO.JK (interval=15m, period=60d, start=None, end=None) - Percobaan 1/3
[2026-10-05 11:04:47] [INFO] [fetcher:268] - Sukses mengambil 1271 bar data untuk INCO.JK (2026-07-14 s/d 2026-10-05 10:45)
[2026-10-05 11:04:48] [INFO] [storage:329] - Berhasil menyimpan 1271 baris data OHLCV untuk INCO.JK (15m).
[2026-10-05 11:04:48] [INFO] [scheduler:238] - Memproses TINS.JK...
[2026-10-05 11:04:48] [INFO] [fetcher:249] - Mengambil data TINS.JK (interval=15m, period=60d, start=None, end=None) - Percobaan 1/3
[2026-10-05 11:04:48] [INFO] [fetcher:268] - Sukses mengambil 1271 bar data untuk TINS.JK (2026-07-14 s/d 2026-10-05 10:45)
[2026-10-05 11:04:49] [INFO] [storage:329] - Berhasil menyimpan 1271 baris data OHLCV untuk TINS.JK (15m).
[2026-10-05 11:04:49] [INFO] [scheduler:238] - Memproses BRMS.JK...
[2026-10-05 11:04:49] [INFO] [fetcher:249] - Mengambil data BRMS.JK (interval=15m, period=60d, start=None, end=None) - Percobaan 1/3
[2026-10-05 11:04:49] [INFO] [fetcher:268] - Sukses mengambil 1271 bar data untuk BRMS.JK (2026-07-14 s/d 2026-10-05 10:45)
[2026-10-05 11:04:50] [INFO] [storage:329] - Berhasil menyimpan 1271 baris data OHLCV untuk BRMS.JK (15m).
[2026-10-05 11:04:50] [INFO] [scheduler:238] - Memproses BREN.JK...
[2026-10-05 11:04:50] [INFO] [fetcher:249] - Mengambil data BREN.JK (interval=15m, period=60d, start=None, end=None) - Percobaan 1/3
[2026-10-05 11:04:50] [INFO] [fetcher:268] - Sukses mengambil 1271 bar data untuk BREN.JK (2026-07-14 s/d 2026-10-05 10:45)
[2026-10-05 11:04:50] [INFO] [storage:329] - Berhasil menyimpan 1271 baris data OHLCV untuk BREN.JK (15m).
[2026-10-05 11:04:51] [INFO] [scheduler:238] - Memproses BRPT.JK...
[2026-10-05 11:04:51] [INFO] [fetcher:249] - Mengambil data BRPT.JK (interval=15m, period=60d, start=None, end=None) - Percobaan 1/3
[2026-10-05 11:04:51] [INFO] [fetcher:268] - Sukses mengambil 1271 bar data untuk BRPT.JK (2026-07-14 s/d 2026-10-05 10:45)
[2026-10-05 11:04:52] [INFO] [storage:329] - Berhasil menyimpan 1271 baris data OHLCV untuk BRPT.JK (15m).
[2026-10-05 11:04:52] [INFO] [scheduler:238] - Memproses AMMN.JK...
[2026-10-05 11:04:52] [INFO] [fetcher:249] - Mengambil data AMMN.JK (interval=15m, period=60d, start=None, end=None) - Percobaan 1/3
[2026-10-05 11:04:53] [INFO] [fetcher:268] - Sukses mengambil 1272 bar data untuk AMMN.JK (2026-07-14 s/d 2026-10-05 10:45)
[2026-10-05 11:04:53] [INFO] [storage:329] - Berhasil menyimpan 1272 baris data OHLCV untuk AMMN.JK (15m).
[2026-10-05 11:04:53] [INFO] [scheduler:238] - Memproses CUAN.JK...
[2026-10-05 11:04:53] [INFO] [fetcher:249] - Mengambil data CUAN.JK (interval=15m, period=60d, start=None, end=None) - Percobaan 1/3
[2026-10-05 11:04:54] [INFO] [fetcher:268] - Sukses mengambil 1271 bar data untuk CUAN.JK (2026-07-14 s/d 2026-10-05 10:45)
[2026-10-05 11:04:54] [INFO] [storage:329] - Berhasil menyimpan 1271 baris data OHLCV untuk CUAN.JK (15m).
[2026-10-05 11:04:55] [INFO] [scheduler:238] - Memproses ICBP.JK...
[2026-10-05 11:04:55] [INFO] [fetcher:249] - Mengambil data ICBP.JK (interval=15m, period=60d, start=None, end=None) - Percobaan 1/3
[2026-10-05 11:04:55] [INFO] [fetcher:268] - Sukses mengambil 1271 bar data untuk ICBP.JK (2026-07-14 s/d 2026-10-05 10:45)
[2026-10-05 11:04:55] [INFO] [storage:329] - Berhasil menyimpan 1271 baris data OHLCV untuk ICBP.JK (15m).
[2026-10-05 11:04:56] [INFO] [scheduler:238] - Memproses AMRT.JK...
[2026-10-05 11:04:56] [INFO] [fetcher:249] - Mengambil data AMRT.JK (interval=15m, period=60d, start=None, end=None) - Percobaan 1/3
[2026-10-05 11:04:56] [INFO] [fetcher:268] - Sukses mengambil 1271 bar data untuk AMRT.JK (2026-07-14 s/d 2026-10-05 10:45)
[2026-10-05 11:04:56] [INFO] [storage:329] - Berhasil menyimpan 1271 baris data OHLCV untuk AMRT.JK (15m).
[2026-10-05 11:04:57] [INFO] [scheduler:238] - Memproses MYOR.JK...
[2026-10-05 11:04:57] [INFO] [fetcher:249] - Mengambil data MYOR.JK (interval=15m, period=60d, start=None, end=None) - Percobaan 1/3
[2026-10-05 11:04:57] [INFO] [fetcher:268] - Sukses mengambil 1271 bar data untuk MYOR.JK (2026-07-14 s/d 2026-10-05 10:45)
[2026-10-05 11:04:57] [INFO] [storage:329] - Berhasil menyimpan 1271 baris data OHLCV untuk MYOR.JK (15m).
[2026-10-05 11:04:58] [INFO] [scheduler:238] - Memproses ACES.JK...
[2026-10-05 11:04:58] [INFO] [fetcher:249] - Mengambil data ACES.JK (interval=15m, period=60d, start=None, end=None) - Percobaan 1/3
[2026-10-05 11:04:58] [INFO] [fetcher:268] - Sukses mengambil 1270 bar data untuk ACES.JK (2026-07-14 s/d 2026-10-05 10:45)
[2026-10-05 11:04:58] [INFO] [storage:329] - Berhasil menyimpan 1270 baris data OHLCV untuk ACES.JK (15m).
[2026-10-05 11:04:59] [INFO] [scheduler:238] - Memproses GOTO.JK...
[2026-10-05 11:04:59] [INFO] [fetcher:249] - Mengambil data GOTO.JK (interval=15m, period=60d, start=None, end=None) - Percobaan 1/3
[2026-10-05 11:04:59] [INFO] [fetcher:268] - Sukses mengambil 1270 bar data untuk GOTO.JK (2026-07-14 s/d 2026-10-05 10:45)
[2026-10-05 11:04:59] [INFO] [storage:329] - Berhasil menyimpan 1270 baris data OHLCV untuk GOTO.JK (15m).
[2026-10-05 11:05:00] [INFO] [scheduler:238] - Memproses ARTO.JK...
[2026-10-05 11:05:00] [INFO] [fetcher:249] - Mengambil data ARTO.JK (interval=15m, period=60d, start=None, end=None) - Percobaan 1/3
[2026-10-05 11:05:00] [INFO] [fetcher:268] - Sukses mengambil 1271 bar data untuk ARTO.JK (2026-07-14 s/d 2026-10-05 10:45)
[2026-10-05 11:05:00] [INFO] [storage:329] - Berhasil menyimpan 1271 baris data OHLCV untuk ARTO.JK (15m).
[2026-10-05 11:05:00] [INFO] [fetcher:179] - Sukses mengambil 100 bar Spot Gold langsung dari terminal MT5 (XAUUSDc).
[2026-10-05 11:05:01] [INFO] [storage:329] - Berhasil menyimpan 100 baris data OHLCV untuk XAUUSD (15m).
[2026-10-05 11:05:01] [INFO] [fetcher:179] - Sukses mengambil 100 bar Spot Gold langsung dari terminal MT5 (XAUUSDc).
[2026-10-05 11:05:01] [INFO] [storage:329] - Berhasil menyimpan 100 baris data OHLCV untuk XAUUSD (15m).
[2026-10-05 11:05:01] [INFO] [scheduler:613] - === Pipeline Selesai: 28 saham diproses, 2 sinyal aktif, 0 notifikasi terkirim ===
[2026-10-05 11:05:15] [INFO] [fetcher:179] - Sukses mengambil 100 bar Spot Gold langsung dari terminal MT5 (XAUUSDc).
[2026-10-05 11:05:15] [INFO] [storage:329] - Berhasil menyimpan 100 baris data OHLCV untuk XAUUSD (15m).
[2026-10-05 11:05:30] [INFO] [fetcher:179] - Sukses mengambil 100 bar Spot Gold langsung dari terminal MT5 (XAUUSDc).
[2026-10-05 11:05:30] [INFO] [fetcher:179] - Sukses mengambil 100 bar Spot Gold langsung dari terminal MT5 (XAUUSDc).
[2026-10-05 11:05:30] [INFO] [storage:329] - Berhasil menyimpan 100 baris data OHLCV untuk XAUUSD (15m).
[2026-10-05 11:05:30] [INFO] [storage:329] - Berhasil menyimpan 100 baris data OHLCV untuk XAUUSD (15m).
[2026-10-05 11:05:45] [INFO] [fetcher:179] - Sukses mengambil 100 bar Spot Gold langsung dari terminal MT5 (XAUUSDc).
[2026-10-05 11:05:45] [INFO] [storage:329] - Berhasil menyimpan 100 baris data OHLCV untuk XAUUSD (15m).
[2026-10-05 11:06:00] [INFO] [fetcher:179] - Sukses mengambil 100 bar Spot Gold langsung dari terminal MT5 (XAUUSDc).
[2026-10-05 11:06:00] [INFO] [storage:329] - Berhasil menyimpan 100 baris data OHLCV untuk XAUUSD (15m).
[2026-10-05 11:06:15] [INFO] [fetcher:179] - Sukses mengambil 100 bar Spot Gold langsung dari terminal MT5 (XAUUSDc).
[2026-10-05 11:06:15] [INFO] [storage:329] - Berhasil menyimpan 100 baris data OHLCV untuk XAUUSD (15m).
[2026-10-05 11:06:30] [INFO] [fetcher:179] - Sukses mengambil 100 bar Spot Gold langsung dari terminal MT5 (XAUUSDc).
[2026-10-05 11:06:30] [INFO] [fetcher:179] - Sukses mengambil 100 bar Spot Gold langsung dari terminal MT5 (XAUUSDc).
[2026-10-05 11:06:30] [INFO] [storage:329] - Berhasil menyimpan 100 baris data OHLCV untuk XAUUSD (15m).
[2026-10-05 11:06:30] [INFO] [storage:329] - Berhasil menyimpan 100 baris data OHLCV untuk XAUUSD (15m).
[2026-10-05 11:06:45] [INFO] [fetcher:179] - Sukses mengambil 100 bar Spot Gold langsung dari terminal MT5 (XAUUSDc).
[2026-10-05 11:06:45] [INFO] [storage:329] - Berhasil menyimpan 100 baris data OHLCV untuk XAUUSD (15m).
[2026-10-05 11:07:00] [INFO] [fetcher:179] - Sukses mengambil 100 bar Spot Gold langsung dari terminal MT5 (XAUUSDc).
[2026-10-05 11:07:00] [INFO] [storage:329] - Berhasil menyimpan 100 baris data OHLCV untuk XAUUSD (15m).
[2026-10-05 11:07:15] [INFO] [fetcher:179] - Sukses mengambil 100 bar Spot Gold langsung dari terminal MT5 (XAUUSDc).
[2026-10-05 11:07:15] [INFO] [storage:329] - Berhasil menyimpan 100 baris data OHLCV untuk XAUUSD (15m).
[2026-10-05 11:07:30] [INFO] [fetcher:179] - Sukses mengambil 100 bar Spot Gold langsung dari terminal MT5 (XAUUSDc).
[2026-10-05 11:07:30] [INFO] [storage:329] - Berhasil menyimpan 100 baris data OHLCV untuk XAUUSD (15m).
[2026-10-05 11:07:30] [INFO] [fetcher:179] - Sukses mengambil 100 bar Spot Gold langsung dari terminal MT5 (XAUUSDc).
[2026-10-05 11:07:30] [INFO] [storage:329] - Berhasil menyimpan 100 baris data OHLCV untuk XAUUSD (15m).
[2026-10-05 11:07:45] [INFO] [fetcher:179] - Sukses mengambil 100 bar Spot Gold langsung dari terminal MT5 (XAUUSDc).
[2026-10-05 11:07:45] [INFO] [storage:329] - Berhasil menyimpan 100 baris data OHLCV untuk XAUUSD (15m).
[2026-10-05 11:08:00] [INFO] [fetcher:179] - Sukses mengambil 100 bar Spot Gold langsung dari terminal MT5 (XAUUSDc).
[2026-10-05 11:08:00] [INFO] [storage:329] - Berhasil menyimpan 100 baris data OHLCV untuk XAUUSD (15m).
[2026-10-05 11:08:15] [INFO] [fetcher:179] - Sukses mengambil 100 bar Spot Gold langsung dari terminal MT5 (XAUUSDc).
[2026-10-05 11:08:15] [INFO] [storage:329] - Berhasil menyimpan 100 baris data OHLCV untuk XAUUSD (15m).
[2026-10-05 11:08:30] [INFO] [fetcher:179] - Sukses mengambil 100 bar Spot Gold langsung dari terminal MT5 (XAUUSDc).
[2026-10-05 11:08:30] [INFO] [fetcher:179] - Sukses mengambil 100 bar Spot Gold langsung dari terminal MT5 (XAUUSDc).
[2026-10-05 11:08:30] [INFO] [storage:329] - Berhasil menyimpan 100 baris data OHLCV untuk XAUUSD (15m).
[2026-10-05 11:08:30] [INFO] [storage:329] - Berhasil menyimpan 100 baris data OHLCV untuk XAUUSD (15m).
[2026-10-05 11:08:45] [INFO] [fetcher:179] - Sukses mengambil 100 bar Spot Gold langsung dari terminal MT5 (XAUUSDc).
[2026-10-05 11:08:45] [INFO] [storage:329] - Berhasil menyimpan 100 baris data OHLCV untuk XAUUSD (15m).
[2026-10-05 11:09:00] [INFO] [fetcher:179] - Sukses mengambil 100 bar Spot Gold langsung dari terminal MT5 (XAUUSDc).
[2026-10-05 11:09:00] [INFO] [storage:329] - Berhasil menyimpan 100 baris data OHLCV untuk XAUUSD (15m).
[2026-10-05 11:09:15] [INFO] [fetcher:179] - Sukses mengambil 100 bar Spot Gold langsung dari terminal MT5 (XAUUSDc).
[2026-10-05 11:09:15] [INFO] [storage:329] - Berhasil menyimpan 100 baris data OHLCV untuk XAUUSD (15m).
[2026-10-05 11:09:30] [INFO] [fetcher:179] - Sukses mengambil 100 bar Spot Gold langsung dari terminal MT5 (XAUUSDc).
[2026-10-05 11:09:30] [INFO] [fetcher:179] - Sukses mengambil 100 bar Spot Gold langsung dari terminal MT5 (XAUUSDc).
[2026-10-05 11:09:30] [INFO] [storage:329] - Berhasil menyimpan 100 baris data OHLCV untuk XAUUSD (15m).
[2026-10-05 11:09:30] [INFO] [storage:329] - Berhasil menyimpan 100 baris data OHLCV untuk XAUUSD (15m).
[2026-10-05 11:09:45] [INFO] [fetcher:179] - Sukses mengambil 100 bar Spot Gold langsung dari terminal MT5 (XAUUSDc).
[2026-10-05 11:09:45] [INFO] [storage:329] - Berhasil menyimpan 100 baris data OHLCV untuk XAUUSD (15m).
[2026-10-05 11:10:00] [INFO] [fetcher:179] - Sukses mengambil 100 bar Spot Gold langsung dari terminal MT5 (XAUUSDc).
[2026-10-05 11:10:00] [INFO] [storage:329] - Berhasil menyimpan 100 baris data OHLCV untuk XAUUSD (15m).
[2026-10-05 11:10:15] [INFO] [fetcher:179] - Sukses mengambil 100 bar Spot Gold langsung dari terminal MT5 (XAUUSDc).
[2026-10-05 11:10:15] [INFO] [storage:329] - Berhasil menyimpan 100 baris data OHLCV untuk XAUUSD (15m).
[2026-10-05 11:10:30] [INFO] [fetcher:179] - Sukses mengambil 100 bar Spot Gold langsung dari terminal MT5 (XAUUSDc).
[2026-10-05 11:10:30] [INFO] [fetcher:179] - Sukses mengambil 100 bar Spot Gold langsung dari terminal MT5 (XAUUSDc).
[2026-10-05 11:10:30] [INFO] [storage:329] - Berhasil menyimpan 100 baris data OHLCV untuk XAUUSD (15m).
[2026-10-05 11:10:30] [INFO] [storage:329] - Berhasil menyimpan 100 baris data OHLCV untuk XAUUSD (15m).
[2026-10-05 11:10:45] [INFO] [fetcher:179] - Sukses mengambil 100 bar Spot Gold langsung dari terminal MT5 (XAUUSDc).
[2026-10-05 11:10:45] [INFO] [storage:329] - Berhasil menyimpan 100 baris data OHLCV untuk XAUUSD (15m).
[2026-10-05 11:11:00] [INFO] [fetcher:179] - Sukses mengambil 100 bar Spot Gold langsung dari terminal MT5 (XAUUSDc).
[2026-10-05 11:11:00] [INFO] [storage:329] - Berhasil menyimpan 100 baris data OHLCV untuk XAUUSD (15m).
[2026-10-05 11:11:15] [INFO] [fetcher:179] - Sukses mengambil 100 bar Spot Gold langsung dari terminal MT5 (XAUUSDc).
[2026-10-05 11:11:15] [INFO] [storage:329] - Berhasil menyimpan 100 baris data OHLCV untuk XAUUSD (15m).
[2026-10-05 11:11:30] [INFO] [fetcher:179] - Sukses mengambil 100 bar Spot Gold langsung dari terminal MT5 (XAUUSDc).
[2026-10-05 11:11:30] [INFO] [storage:329] - Berhasil menyimpan 100 baris data OHLCV untuk XAUUSD (15m).
[2026-10-05 11:11:30] [INFO] [fetcher:179] - Sukses mengambil 100 bar Spot Gold langsung dari terminal MT5 (XAUUSDc).
[2026-10-05 11:11:30] [INFO] [storage:329] - Berhasil menyimpan 100 baris data OHLCV untuk XAUUSD (15m).
[2026-10-05 11:11:45] [INFO] [fetcher:179] - Sukses mengambil 100 bar Spot Gold langsung dari terminal MT5 (XAUUSDc).
[2026-10-05 11:11:45] [INFO] [storage:329] - Berhasil menyimpan 100 baris data OHLCV untuk XAUUSD (15m).
[2026-10-05 11:12:00] [INFO] [fetcher:179] - Sukses mengambil 100 bar Spot Gold langsung dari terminal MT5 (XAUUSDc).
[2026-10-05 11:12:00] [INFO] [storage:329] - Berhasil menyimpan 100 baris data OHLCV untuk XAUUSD (15m).
[2026-10-05 11:12:15] [INFO] [fetcher:179] - Sukses mengambil 100 bar Spot Gold langsung dari terminal MT5 (XAUUSDc).
[2026-10-05 11:12:15] [INFO] [storage:329] - Berhasil menyimpan 100 baris data OHLCV untuk XAUUSD (15m).
[2026-10-05 11:12:30] [INFO] [fetcher:179] - Sukses mengambil 100 bar Spot Gold langsung dari terminal MT5 (XAUUSDc).
[2026-10-05 11:12:30] [INFO] [fetcher:179] - Sukses mengambil 100 bar Spot Gold langsung dari terminal MT5 (XAUUSDc).
[2026-10-05 11:12:30] [INFO] [storage:329] - Berhasil menyimpan 100 baris data OHLCV untuk XAUUSD (15m).
[2026-10-05 11:12:30] [INFO] [storage:329] - Berhasil menyimpan 100 baris data OHLCV untuk XAUUSD (15m).
[2026-10-05 11:12:45] [INFO] [fetcher:179] - Sukses mengambil 100 bar Spot Gold langsung dari terminal MT5 (XAUUSDc).
[2026-10-05 11:12:45] [INFO] [storage:329] - Berhasil menyimpan 100 baris data OHLCV untuk XAUUSD (15m).
[2026-10-05 11:13:00] [INFO] [fetcher:179] - Sukses mengambil 100 bar Spot Gold langsung dari terminal MT5 (XAUUSDc).
[2026-10-05 11:13:00] [INFO] [storage:329] - Berhasil menyimpan 100 baris data OHLCV untuk XAUUSD (15m).
[2026-10-05 11:13:15] [INFO] [fetcher:179] - Sukses mengambil 100 bar Spot Gold langsung dari terminal MT5 (XAUUSDc).
[2026-10-05 11:13:15] [INFO] [storage:329] - Berhasil menyimpan 100 baris data OHLCV untuk XAUUSD (15m).
[2026-10-05 11:13:30] [INFO] [fetcher:179] - Sukses mengambil 100 bar Spot Gold langsung dari terminal MT5 (XAUUSDc).
[2026-10-05 11:13:30] [INFO] [fetcher:179] - Sukses mengambil 100 bar Spot Gold langsung dari terminal MT5 (XAUUSDc).
[2026-10-05 11:13:30] [INFO] [storage:329] - Berhasil menyimpan 100 baris data OHLCV untuk XAUUSD (15m).
[2026-10-05 11:13:30] [INFO] [storage:329] - Berhasil menyimpan 100 baris data OHLCV untuk XAUUSD (15m).
[2026-10-05 11:13:45] [INFO] [fetcher:179] - Sukses mengambil 100 bar Spot Gold langsung dari terminal MT5 (XAUUSDc).
[2026-10-05 11:13:45] [INFO] [storage:329] - Berhasil menyimpan 100 baris data OHLCV untuk XAUUSD (15m).
[2026-10-05 11:14:00] [INFO] [fetcher:179] - Sukses mengambil 100 bar Spot Gold langsung dari terminal MT5 (XAUUSDc).
[2026-10-05 11:14:00] [INFO] [storage:329] - Berhasil menyimpan 100 baris data OHLCV untuk XAUUSD (15m).
[2026-10-05 11:14:15] [INFO] [fetcher:179] - Sukses mengambil 100 bar Spot Gold langsung dari terminal MT5 (XAUUSDc).
[2026-10-05 11:14:15] [INFO] [storage:329] - Berhasil menyimpan 100 baris data OHLCV untuk XAUUSD (15m).
[2026-10-05 11:14:30] [INFO] [fetcher:179] - Sukses mengambil 100 bar Spot Gold langsung dari terminal MT5 (XAUUSDc).
[2026-10-05 11:14:30] [INFO] [fetcher:179] - Sukses mengambil 100 bar Spot Gold langsung dari terminal MT5 (XAUUSDc).
[2026-10-05 11:14:30] [INFO] [storage:329] - Berhasil menyimpan 100 baris data OHLCV untuk XAUUSD (15m).
[2026-10-05 11:14:30] [INFO] [storage:329] - Berhasil menyimpan 100 baris data OHLCV untuk XAUUSD (15m).
[2026-10-05 11:14:45] [INFO] [fetcher:179] - Sukses mengambil 100 bar Spot Gold langsung dari terminal MT5 (XAUUSDc).
[2026-10-05 11:14:45] [INFO] [storage:329] - Berhasil menyimpan 100 baris data OHLCV untuk XAUUSD (15m).
[2026-10-05 11:15:00] [INFO] [fetcher:179] - Sukses mengambil 100 bar Spot Gold langsung dari terminal MT5 (XAUUSDc).
[2026-10-05 11:15:00] [INFO] [storage:329] - Berhasil menyimpan 100 baris data OHLCV untuk XAUUSD (15m).
[2026-10-05 11:15:15] [INFO] [fetcher:179] - Sukses mengambil 100 bar Spot Gold langsung dari terminal MT5 (XAUUSDc).
[2026-10-05 11:15:15] [INFO] [storage:329] - Berhasil menyimpan 100 baris data OHLCV untuk XAUUSD (15m).
[2026-10-05 11:15:30] [INFO] [fetcher:179] - Sukses mengambil 100 bar Spot Gold langsung dari terminal MT5 (XAUUSDc).
[2026-10-05 11:15:30] [INFO] [fetcher:179] - Sukses mengambil 100 bar Spot Gold langsung dari terminal MT5 (XAUUSDc).
[2026-10-05 11:15:30] [INFO] [storage:329] - Berhasil menyimpan 100 baris data OHLCV untuk XAUUSD (15m).
[2026-10-05 11:15:30] [INFO] [storage:329] - Berhasil menyimpan 100 baris data OHLCV untuk XAUUSD (15m).
[2026-10-05 11:15:45] [INFO] [fetcher:179] - Sukses mengambil 100 bar Spot Gold langsung dari terminal MT5 (XAUUSDc).
[2026-10-05 11:15:45] [INFO] [storage:329] - Berhasil menyimpan 100 baris data OHLCV untuk XAUUSD (15m).
[2026-10-05 11:16:00] [INFO] [fetcher:179] - Sukses mengambil 100 bar Spot Gold langsung dari terminal MT5 (XAUUSDc).
[2026-10-05 11:16:00] [INFO] [storage:329] - Berhasil menyimpan 100 baris data OHLCV untuk XAUUSD (15m).
[2026-10-05 11:16:15] [INFO] [fetcher:179] - Sukses mengambil 100 bar Spot Gold langsung dari terminal MT5 (XAUUSDc).
[2026-10-05 11:16:15] [INFO] [storage:329] - Berhasil menyimpan 100 baris data OHLCV untuk XAUUSD (15m).
[2026-10-05 11:16:30] [INFO] [fetcher:179] - Sukses mengambil 100 bar Spot Gold langsung dari terminal MT5 (XAUUSDc).
[2026-10-05 11:16:30] [INFO] [fetcher:179] - Sukses mengambil 100 bar Spot Gold langsung dari terminal MT5 (XAUUSDc).
[2026-10-05 11:16:30] [INFO] [storage:329] - Berhasil menyimpan 100 baris data OHLCV untuk XAUUSD (15m).
[2026-10-05 11:16:30] [INFO] [storage:329] - Berhasil menyimpan 100 baris data OHLCV untuk XAUUSD (15m).
[2026-10-05 11:16:45] [INFO] [fetcher:179] - Sukses mengambil 100 bar Spot Gold langsung dari terminal MT5 (XAUUSDc).
[2026-10-05 11:16:45] [INFO] [storage:329] - Berhasil menyimpan 100 baris data OHLCV untuk XAUUSD (15m).
[2026-10-05 11:17:00] [INFO] [fetcher:179] - Sukses mengambil 100 bar Spot Gold langsung dari terminal MT5 (XAUUSDc).
[2026-10-05 11:17:00] [INFO] [storage:329] - Berhasil menyimpan 100 baris data OHLCV untuk XAUUSD (15m).
[2026-10-05 11:17:15] [INFO] [fetcher:179] - Sukses mengambil 100 bar Spot Gold langsung dari terminal MT5 (XAUUSDc).
[2026-10-05 11:17:15] [INFO] [storage:329] - Berhasil menyimpan 100 baris data OHLCV untuk XAUUSD (15m).
[2026-10-05 11:17:30] [INFO] [fetcher:179] - Sukses mengambil 100 bar Spot Gold langsung dari terminal MT5 (XAUUSDc).
[2026-10-05 11:17:30] [INFO] [storage:329] - Berhasil menyimpan 100 baris data OHLCV untuk XAUUSD (15m).
[2026-10-05 11:17:30] [INFO] [fetcher:179] - Sukses mengambil 100 bar Spot Gold langsung dari terminal MT5 (XAUUSDc).
[2026-10-05 11:17:30] [INFO] [storage:329] - Berhasil menyimpan 100 baris data OHLCV untuk XAUUSD (15m).
[2026-10-05 11:17:45] [INFO] [fetcher:179] - Sukses mengambil 100 bar Spot Gold langsung dari terminal MT5 (XAUUSDc).
[2026-10-05 11:17:45] [INFO] [storage:329] - Berhasil menyimpan 100 baris data OHLCV untuk XAUUSD (15m).
[2026-10-05 11:18:00] [INFO] [fetcher:179] - Sukses mengambil 100 bar Spot Gold langsung dari terminal MT5 (XAUUSDc).
[2026-10-05 11:18:00] [INFO] [storage:329] - Berhasil menyimpan 100 baris data OHLCV untuk XAUUSD (15m).
[2026-10-05 11:18:15] [INFO] [fetcher:179] - Sukses mengambil 100 bar Spot Gold langsung dari terminal MT5 (XAUUSDc).
[2026-10-05 11:18:15] [INFO] [storage:329] - Berhasil menyimpan 100 baris data OHLCV untuk XAUUSD (15m).
[2026-10-05 11:18:30] [INFO] [fetcher:179] - Sukses mengambil 100 bar Spot Gold langsung dari terminal MT5 (XAUUSDc).
[2026-10-05 11:18:30] [INFO] [storage:329] - Berhasil menyimpan 100 baris data OHLCV untuk XAUUSD (15m).
[2026-10-05 11:18:30] [INFO] [fetcher:179] - Sukses mengambil 100 bar Spot Gold langsung dari terminal MT5 (XAUUSDc).
[2026-10-05 11:18:30] [INFO] [storage:329] - Berhasil menyimpan 100 baris data OHLCV untuk XAUUSD (15m).
[2026-10-05 11:18:45] [INFO] [fetcher:179] - Sukses mengambil 100 bar Spot Gold langsung dari terminal MT5 (XAUUSDc).
[2026-10-05 11:18:45] [INFO] [storage:329] - Berhasil menyimpan 100 baris data OHLCV untuk XAUUSD (15m).
[2026-10-05 11:19:00] [INFO] [fetcher:179] - Sukses mengambil 100 bar Spot Gold langsung dari terminal MT5 (XAUUSDc).
[2026-10-05 11:19:00] [INFO] [storage:329] - Berhasil menyimpan 100 baris data OHLCV untuk XAUUSD (15m).
[2026-10-05 11:19:08] [INFO] [mt5_bridge:91] - MT5Bridge diinisialisasi. Enabled: True, Hours: all, Platform: win32, Lib Available: True
[2026-10-05 11:19:08] [INFO] [mt5_bridge:239] - 🔄 [AUTO-RECONNECT] Koneksi IPC MT5 terputus. Menginisialisasi ulang...
[2026-10-05 11:19:08] [INFO] [mt5_bridge:106] - Ditemukan instalasi terminal MT5 di: C:\Program Files\MetaTrader 5\terminal64.exe
[2026-10-05 11:19:08] [INFO] [mt5_bridge:508] - Koneksi MT5 aktif! Akun #114202389 (HFMarketsGlobal-Live7 - Real | Cent (USC)) | Saldo: 101.72 USC (~ $1.02 USD)
[2026-10-05 11:19:15] [INFO] [fetcher:179] - Sukses mengambil 100 bar Spot Gold langsung dari terminal MT5 (XAUUSDc).
[2026-10-05 11:19:15] [INFO] [storage:329] - Berhasil menyimpan 100 baris data OHLCV untuk XAUUSD (15m).
[2026-10-05 11:19:30] [INFO] [scheduler:174] - === Memulai Siklus Pipeline Analisis Saham & Komoditas ===
[2026-10-05 11:19:30] [INFO] [fetcher:179] - Sukses mengambil 100 bar Spot Gold langsung dari terminal MT5 (XAUUSDc).
[2026-10-05 11:19:30] [INFO] [storage:329] - Berhasil menyimpan 100 baris data OHLCV untuk XAUUSD (15m).
[2026-10-05 11:19:30] [INFO] [fetcher:179] - Sukses mengambil 100 bar Spot Gold langsung dari terminal MT5 (XAUUSDc).
[2026-10-05 11:19:30] [INFO] [storage:329] - Berhasil menyimpan 100 baris data OHLCV untuk XAUUSD (15m).
[2026-10-05 11:19:30] [INFO] [fetcher:179] - Sukses mengambil 100 bar Spot Gold langsung dari terminal MT5 (XAUUSDc).
[2026-10-05 11:19:30] [INFO] [storage:329] - Berhasil menyimpan 100 baris data OHLCV untuk XAUUSD (15m).
[2026-10-05 11:19:31] [INFO] [scheduler:182] - Status Pasar: IDX=BUKA | GOLD=BUKA
[2026-10-05 11:19:31] [INFO] [scheduler:203] - Mode Trading: INTRADAY (Interval: 15m, Watchlist: 28)
[2026-10-05 11:19:31] [INFO] [scheduler:238] - Memproses XAUUSD...
[2026-10-05 11:19:31] [INFO] [fetcher:179] - Sukses mengambil 100 bar Spot Gold langsung dari terminal MT5 (XAUUSDc).
[2026-10-05 11:19:31] [INFO] [storage:329] - Berhasil menyimpan 100 baris data OHLCV untuk XAUUSD (15m).
[2026-10-05 11:19:31] [INFO] [storage:608] - 🎯 Sinyal #640 SELL XAUUSD terselesaikan: WIN @ 4134.01 (PnL: +0.29%) pada 2026-10-05 11:15:00
[2026-10-05 11:19:31] [INFO] [scheduler:262] - 🎯 Laporan TP/SL: XAUUSD SELL -> WIN (+0.29%)
[2026-10-05 11:19:32] [INFO] [chart_generator:492] - Berhasil membuat chart visual TradingView: data\charts\chart_XAUUSD_15m_20261005_111931_81.png
[2026-10-05 11:19:32] [INFO] [mt5_bridge:951] - Batas posisi tercapai (1/1 posisi XAUUSD aktif di MT5). Mode: CENT USC Disiplin (Maks 1 Posisi). Menunggu posisi selesai (TP/SL) sebelum membuka posisi baru.
[2026-10-05 11:19:32] [INFO] [scheduler:589] - ℹ️ [AUTO-EXECUTE A+ DITAHAN MT5 GUARD] Batas posisi tercapai (1/1 posisi XAUUSD aktif di MT5). Mode: CENT USC Disiplin (Maks 1 Posisi). Menunggu posisi selesai (TP/SL) sebelum membuka posisi baru.
[2026-10-05 11:19:32] [INFO] [scheduler:238] - Memproses BBCA.JK...
[2026-10-05 11:19:32] [INFO] [fetcher:249] - Mengambil data BBCA.JK (interval=15m, period=60d, start=None, end=None) - Percobaan 1/3
[2026-10-05 11:19:32] [INFO] [fetcher:268] - Sukses mengambil 1272 bar data untuk BBCA.JK (2026-07-14 s/d 2026-10-05 11:00)
[2026-10-05 11:19:32] [INFO] [storage:329] - Berhasil menyimpan 1272 baris data OHLCV untuk BBCA.JK (15m).
[2026-10-05 11:19:33] [INFO] [scheduler:238] - Memproses BBRI.JK...
[2026-10-05 11:19:33] [INFO] [fetcher:249] - Mengambil data BBRI.JK (interval=15m, period=60d, start=None, end=None) - Percobaan 1/3
[2026-10-05 11:19:34] [INFO] [fetcher:268] - Sukses mengambil 1272 bar data untuk BBRI.JK (2026-07-14 s/d 2026-10-05 11:00)
[2026-10-05 11:19:34] [INFO] [storage:329] - Berhasil menyimpan 1272 baris data OHLCV untuk BBRI.JK (15m).
[2026-10-05 11:19:35] [INFO] [scheduler:238] - Memproses BMRI.JK...
[2026-10-05 11:19:35] [INFO] [fetcher:249] - Mengambil data BMRI.JK (interval=15m, period=60d, start=None, end=None) - Percobaan 1/3
[2026-10-05 11:19:35] [INFO] [fetcher:268] - Sukses mengambil 1272 bar data untuk BMRI.JK (2026-07-14 s/d 2026-10-05 11:00)
[2026-10-05 11:19:35] [INFO] [storage:329] - Berhasil menyimpan 1272 baris data OHLCV untuk BMRI.JK (15m).
[2026-10-05 11:19:36] [INFO] [scheduler:238] - Memproses BBNI.JK...
[2026-10-05 11:19:36] [INFO] [fetcher:249] - Mengambil data BBNI.JK (interval=15m, period=60d, start=None, end=None) - Percobaan 1/3
[2026-10-05 11:19:36] [INFO] [fetcher:268] - Sukses mengambil 1272 bar data untuk BBNI.JK (2026-07-14 s/d 2026-10-05 11:00)
[2026-10-05 11:19:36] [INFO] [storage:329] - Berhasil menyimpan 1272 baris data OHLCV untuk BBNI.JK (15m).
[2026-10-05 11:19:37] [INFO] [scheduler:238] - Memproses BRIS.JK...
[2026-10-05 11:19:37] [INFO] [fetcher:249] - Mengambil data BRIS.JK (interval=15m, period=60d, start=None, end=None) - Percobaan 1/3
[2026-10-05 11:19:37] [INFO] [fetcher:268] - Sukses mengambil 1272 bar data untuk BRIS.JK (2026-07-14 s/d 2026-10-05 11:00)
[2026-10-05 11:19:37] [INFO] [storage:329] - Berhasil menyimpan 1272 baris data OHLCV untuk BRIS.JK (15m).
[2026-10-05 11:19:39] [INFO] [scheduler:238] - Memproses ASII.JK...
[2026-10-05 11:19:39] [INFO] [fetcher:249] - Mengambil data ASII.JK (interval=15m, period=60d, start=None, end=None) - Percobaan 1/3
[2026-10-05 11:19:39] [INFO] [fetcher:268] - Sukses mengambil 1272 bar data untuk ASII.JK (2026-07-14 s/d 2026-10-05 11:00)
[2026-10-05 11:19:39] [INFO] [storage:329] - Berhasil menyimpan 1272 baris data OHLCV untuk ASII.JK (15m).
[2026-10-05 11:19:41] [INFO] [scheduler:238] - Memproses TLKM.JK...
[2026-10-05 11:19:41] [INFO] [fetcher:249] - Mengambil data TLKM.JK (interval=15m, period=60d, start=None, end=None) - Percobaan 1/3
[2026-10-05 11:19:41] [INFO] [fetcher:268] - Sukses mengambil 1272 bar data untuk TLKM.JK (2026-07-14 s/d 2026-10-05 11:00)
[2026-10-05 11:19:41] [INFO] [storage:329] - Berhasil menyimpan 1272 baris data OHLCV untuk TLKM.JK (15m).
[2026-10-05 11:19:42] [INFO] [scheduler:238] - Memproses ADRO.JK...
[2026-10-05 11:19:42] [INFO] [fetcher:249] - Mengambil data ADRO.JK (interval=15m, period=60d, start=None, end=None) - Percobaan 1/3
[2026-10-05 11:19:42] [INFO] [fetcher:268] - Sukses mengambil 1272 bar data untuk ADRO.JK (2026-07-14 s/d 2026-10-05 11:00)
[2026-10-05 11:19:42] [INFO] [storage:329] - Berhasil menyimpan 1272 baris data OHLCV untuk ADRO.JK (15m).
[2026-10-05 11:19:43] [INFO] [scheduler:238] - Memproses MEDC.JK...
[2026-10-05 11:19:43] [INFO] [fetcher:249] - Mengambil data MEDC.JK (interval=15m, period=60d, start=None, end=None) - Percobaan 1/3
[2026-10-05 11:19:43] [INFO] [fetcher:268] - Sukses mengambil 1272 bar data untuk MEDC.JK (2026-07-14 s/d 2026-10-05 11:00)
[2026-10-05 11:19:43] [INFO] [storage:329] - Berhasil menyimpan 1272 baris data OHLCV untuk MEDC.JK (15m).
[2026-10-05 11:19:44] [INFO] [scheduler:238] - Memproses PTBA.JK...
[2026-10-05 11:19:44] [INFO] [fetcher:249] - Mengambil data PTBA.JK (interval=15m, period=60d, start=None, end=None) - Percobaan 1/3
[2026-10-05 11:19:44] [INFO] [fetcher:268] - Sukses mengambil 1272 bar data untuk PTBA.JK (2026-07-14 s/d 2026-10-05 11:00)
[2026-10-05 11:19:44] [INFO] [storage:329] - Berhasil menyimpan 1272 baris data OHLCV untuk PTBA.JK (15m).
[2026-10-05 11:19:45] [INFO] [fetcher:179] - Sukses mengambil 100 bar Spot Gold langsung dari terminal MT5 (XAUUSDc).
[2026-10-05 11:19:46] [INFO] [scheduler:238] - Memproses AKRA.JK...
[2026-10-05 11:19:46] [INFO] [fetcher:249] - Mengambil data AKRA.JK (interval=15m, period=60d, start=None, end=None) - Percobaan 1/3
[2026-10-05 11:19:46] [INFO] [storage:329] - Berhasil menyimpan 100 baris data OHLCV untuk XAUUSD (15m).
[2026-10-05 11:19:46] [INFO] [fetcher:268] - Sukses mengambil 1272 bar data untuk AKRA.JK (2026-07-14 s/d 2026-10-05 11:00)
[2026-10-05 11:19:46] [INFO] [storage:329] - Berhasil menyimpan 1272 baris data OHLCV untuk AKRA.JK (15m).
[2026-10-05 11:19:47] [INFO] [scheduler:238] - Memproses PGAS.JK...
[2026-10-05 11:19:47] [INFO] [fetcher:249] - Mengambil data PGAS.JK (interval=15m, period=60d, start=None, end=None) - Percobaan 1/3
[2026-10-05 11:19:47] [INFO] [fetcher:268] - Sukses mengambil 1272 bar data untuk PGAS.JK (2026-07-14 s/d 2026-10-05 11:00)
[2026-10-05 11:19:47] [INFO] [storage:329] - Berhasil menyimpan 1272 baris data OHLCV untuk PGAS.JK (15m).
[2026-10-05 11:19:48] [INFO] [scheduler:238] - Memproses ANTM.JK...
[2026-10-05 11:19:48] [INFO] [fetcher:249] - Mengambil data ANTM.JK (interval=15m, period=60d, start=None, end=None) - Percobaan 1/3
[2026-10-05 11:19:48] [INFO] [fetcher:268] - Sukses mengambil 1272 bar data untuk ANTM.JK (2026-07-14 s/d 2026-10-05 11:00)
[2026-10-05 11:19:49] [INFO] [storage:329] - Berhasil menyimpan 1272 baris data OHLCV untuk ANTM.JK (15m).
[2026-10-05 11:19:50] [INFO] [scheduler:238] - Memproses MDKA.JK...
[2026-10-05 11:19:50] [INFO] [fetcher:249] - Mengambil data MDKA.JK (interval=15m, period=60d, start=None, end=None) - Percobaan 1/3
[2026-10-05 11:19:50] [INFO] [fetcher:268] - Sukses mengambil 1272 bar data untuk MDKA.JK (2026-07-14 s/d 2026-10-05 11:00)
[2026-10-05 11:19:50] [INFO] [storage:329] - Berhasil menyimpan 1272 baris data OHLCV untuk MDKA.JK (15m).
[2026-10-05 11:19:51] [INFO] [scheduler:238] - Memproses INCO.JK...
[2026-10-05 11:19:51] [INFO] [fetcher:249] - Mengambil data INCO.JK (interval=15m, period=60d, start=None, end=None) - Percobaan 1/3
[2026-10-05 11:19:51] [INFO] [fetcher:268] - Sukses mengambil 1272 bar data untuk INCO.JK (2026-07-14 s/d 2026-10-05 11:00)
[2026-10-05 11:19:51] [INFO] [storage:329] - Berhasil menyimpan 1272 baris data OHLCV untuk INCO.JK (15m).
[2026-10-05 11:19:52] [INFO] [scheduler:238] - Memproses TINS.JK...
[2026-10-05 11:19:52] [INFO] [fetcher:249] - Mengambil data TINS.JK (interval=15m, period=60d, start=None, end=None) - Percobaan 1/3
[2026-10-05 11:19:52] [INFO] [fetcher:268] - Sukses mengambil 1272 bar data untuk TINS.JK (2026-07-14 s/d 2026-10-05 11:00)
[2026-10-05 11:19:52] [INFO] [storage:329] - Berhasil menyimpan 1272 baris data OHLCV untuk TINS.JK (15m).
[2026-10-05 11:19:53] [INFO] [scheduler:238] - Memproses BRMS.JK...
[2026-10-05 11:19:53] [INFO] [fetcher:249] - Mengambil data BRMS.JK (interval=15m, period=60d, start=None, end=None) - Percobaan 1/3
[2026-10-05 11:19:53] [INFO] [fetcher:268] - Sukses mengambil 1272 bar data untuk BRMS.JK (2026-07-14 s/d 2026-10-05 11:00)
[2026-10-05 11:19:53] [INFO] [storage:329] - Berhasil menyimpan 1272 baris data OHLCV untuk BRMS.JK (15m).
[2026-10-05 11:19:54] [INFO] [scheduler:238] - Memproses BREN.JK...
[2026-10-05 11:19:54] [INFO] [fetcher:249] - Mengambil data BREN.JK (interval=15m, period=60d, start=None, end=None) - Percobaan 1/3
[2026-10-05 11:19:54] [INFO] [fetcher:268] - Sukses mengambil 1272 bar data untuk BREN.JK (2026-07-14 s/d 2026-10-05 11:00)
[2026-10-05 11:19:54] [INFO] [storage:329] - Berhasil menyimpan 1272 baris data OHLCV untuk BREN.JK (15m).
[2026-10-05 11:19:55] [INFO] [scheduler:238] - Memproses BRPT.JK...
[2026-10-05 11:19:55] [INFO] [fetcher:249] - Mengambil data BRPT.JK (interval=15m, period=60d, start=None, end=None) - Percobaan 1/3
[2026-10-05 11:19:55] [INFO] [fetcher:268] - Sukses mengambil 1272 bar data untuk BRPT.JK (2026-07-14 s/d 2026-10-05 11:00)
[2026-10-05 11:19:55] [INFO] [storage:329] - Berhasil menyimpan 1272 baris data OHLCV untuk BRPT.JK (15m).
[2026-10-05 11:19:56] [INFO] [scheduler:238] - Memproses AMMN.JK...
[2026-10-05 11:19:56] [INFO] [fetcher:249] - Mengambil data AMMN.JK (interval=15m, period=60d, start=None, end=None) - Percobaan 1/3
[2026-10-05 11:19:56] [INFO] [fetcher:268] - Sukses mengambil 1273 bar data untuk AMMN.JK (2026-07-14 s/d 2026-10-05 11:00)
[2026-10-05 11:19:56] [INFO] [storage:329] - Berhasil menyimpan 1273 baris data OHLCV untuk AMMN.JK (15m).
[2026-10-05 11:19:57] [INFO] [scheduler:238] - Memproses CUAN.JK...
[2026-10-05 11:19:57] [INFO] [fetcher:249] - Mengambil data CUAN.JK (interval=15m, period=60d, start=None, end=None) - Percobaan 1/3
[2026-10-05 11:19:58] [INFO] [fetcher:268] - Sukses mengambil 1272 bar data untuk CUAN.JK (2026-07-14 s/d 2026-10-05 11:00)
[2026-10-05 11:19:58] [INFO] [storage:329] - Berhasil menyimpan 1272 baris data OHLCV untuk CUAN.JK (15m).
[2026-10-05 11:19:59] [INFO] [scheduler:238] - Memproses ICBP.JK...
[2026-10-05 11:19:59] [INFO] [fetcher:249] - Mengambil data ICBP.JK (interval=15m, period=60d, start=None, end=None) - Percobaan 1/3
[2026-10-05 11:20:00] [INFO] [fetcher:268] - Sukses mengambil 1272 bar data untuk ICBP.JK (2026-07-14 s/d 2026-10-05 11:00)
[2026-10-05 11:20:00] [INFO] [storage:329] - Berhasil menyimpan 1272 baris data OHLCV untuk ICBP.JK (15m).
[2026-10-05 11:20:00] [INFO] [fetcher:179] - Sukses mengambil 100 bar Spot Gold langsung dari terminal MT5 (XAUUSDc).
[2026-10-05 11:20:00] [INFO] [storage:329] - Berhasil menyimpan 100 baris data OHLCV untuk XAUUSD (15m).
[2026-10-05 11:20:02] [INFO] [scheduler:238] - Memproses AMRT.JK...
[2026-10-05 11:20:02] [INFO] [fetcher:249] - Mengambil data AMRT.JK (interval=15m, period=60d, start=None, end=None) - Percobaan 1/3
[2026-10-05 11:20:02] [INFO] [fetcher:268] - Sukses mengambil 1272 bar data untuk AMRT.JK (2026-07-14 s/d 2026-10-05 11:00)
[2026-10-05 11:20:02] [INFO] [storage:329] - Berhasil menyimpan 1272 baris data OHLCV untuk AMRT.JK (15m).
[2026-10-05 11:20:03] [INFO] [scheduler:238] - Memproses MYOR.JK...
[2026-10-05 11:20:03] [INFO] [fetcher:249] - Mengambil data MYOR.JK (interval=15m, period=60d, start=None, end=None) - Percobaan 1/3
[2026-10-05 11:20:03] [INFO] [fetcher:268] - Sukses mengambil 1272 bar data untuk MYOR.JK (2026-07-14 s/d 2026-10-05 11:00)
[2026-10-05 11:20:04] [INFO] [storage:329] - Berhasil menyimpan 1272 baris data OHLCV untuk MYOR.JK (15m).
[2026-10-05 11:20:05] [INFO] [scheduler:238] - Memproses ACES.JK...
[2026-10-05 11:20:05] [INFO] [fetcher:249] - Mengambil data ACES.JK (interval=15m, period=60d, start=None, end=None) - Percobaan 1/3
[2026-10-05 11:20:05] [INFO] [fetcher:268] - Sukses mengambil 1271 bar data untuk ACES.JK (2026-07-14 s/d 2026-10-05 11:00)
[2026-10-05 11:20:05] [INFO] [storage:329] - Berhasil menyimpan 1271 baris data OHLCV untuk ACES.JK (15m).
[2026-10-05 11:20:07] [INFO] [scheduler:238] - Memproses GOTO.JK...
[2026-10-05 11:20:07] [INFO] [fetcher:249] - Mengambil data GOTO.JK (interval=15m, period=60d, start=None, end=None) - Percobaan 1/3
[2026-10-05 11:20:07] [INFO] [fetcher:268] - Sukses mengambil 1271 bar data untuk GOTO.JK (2026-07-14 s/d 2026-10-05 11:00)
[2026-10-05 11:20:07] [INFO] [storage:329] - Berhasil menyimpan 1271 baris data OHLCV untuk GOTO.JK (15m).
[2026-10-05 11:20:08] [INFO] [scheduler:238] - Memproses ARTO.JK...
[2026-10-05 11:20:08] [INFO] [fetcher:249] - Mengambil data ARTO.JK (interval=15m, period=60d, start=None, end=None) - Percobaan 1/3
[2026-10-05 11:20:08] [INFO] [fetcher:268] - Sukses mengambil 1272 bar data untuk ARTO.JK (2026-07-14 s/d 2026-10-05 11:00)
[2026-10-05 11:20:08] [INFO] [storage:329] - Berhasil menyimpan 1272 baris data OHLCV untuk ARTO.JK (15m).
[2026-10-05 11:20:10] [INFO] [fetcher:179] - Sukses mengambil 100 bar Spot Gold langsung dari terminal MT5 (XAUUSDc).
[2026-10-05 11:20:10] [INFO] [storage:329] - Berhasil menyimpan 100 baris data OHLCV untuk XAUUSD (15m).
[2026-10-05 11:20:10] [INFO] [scheduler:613] - === Pipeline Selesai: 28 saham diproses, 0 sinyal aktif, 0 notifikasi terkirim ===
[2026-10-05 11:20:15] [INFO] [fetcher:179] - Sukses mengambil 100 bar Spot Gold langsung dari terminal MT5 (XAUUSDc).
[2026-10-05 11:20:15] [INFO] [storage:329] - Berhasil menyimpan 100 baris data OHLCV untuk XAUUSD (15m).
[2026-10-05 11:20:30] [INFO] [fetcher:179] - Sukses mengambil 100 bar Spot Gold langsung dari terminal MT5 (XAUUSDc).
[2026-10-05 11:20:30] [INFO] [fetcher:179] - Sukses mengambil 100 bar Spot Gold langsung dari terminal MT5 (XAUUSDc).
[2026-10-05 11:20:30] [INFO] [storage:329] - Berhasil menyimpan 100 baris data OHLCV untuk XAUUSD (15m).
[2026-10-05 11:20:30] [INFO] [storage:329] - Berhasil menyimpan 100 baris data OHLCV untuk XAUUSD (15m).
[2026-10-05 11:20:45] [INFO] [fetcher:179] - Sukses mengambil 100 bar Spot Gold langsung dari terminal MT5 (XAUUSDc).
[2026-10-05 11:20:45] [INFO] [storage:329] - Berhasil menyimpan 100 baris data OHLCV untuk XAUUSD (15m).
[2026-10-05 11:21:00] [INFO] [fetcher:179] - Sukses mengambil 100 bar Spot Gold langsung dari terminal MT5 (XAUUSDc).
[2026-10-05 11:21:00] [INFO] [storage:329] - Berhasil menyimpan 100 baris data OHLCV untuk XAUUSD (15m).
[2026-10-05 11:21:15] [INFO] [fetcher:179] - Sukses mengambil 100 bar Spot Gold langsung dari terminal MT5 (XAUUSDc).
[2026-10-05 11:21:15] [INFO] [storage:329] - Berhasil menyimpan 100 baris data OHLCV untuk XAUUSD (15m).
[2026-10-05 11:21:30] [INFO] [fetcher:179] - Sukses mengambil 100 bar Spot Gold langsung dari terminal MT5 (XAUUSDc).
[2026-10-05 11:21:30] [INFO] [storage:329] - Berhasil menyimpan 100 baris data OHLCV untuk XAUUSD (15m).
[2026-10-05 11:21:30] [INFO] [fetcher:179] - Sukses mengambil 100 bar Spot Gold langsung dari terminal MT5 (XAUUSDc).
[2026-10-05 11:21:30] [INFO] [storage:329] - Berhasil menyimpan 100 baris data OHLCV untuk XAUUSD (15m).
[2026-10-05 11:21:45] [INFO] [fetcher:179] - Sukses mengambil 100 bar Spot Gold langsung dari terminal MT5 (XAUUSDc).
[2026-10-05 11:21:45] [INFO] [storage:329] - Berhasil menyimpan 100 baris data OHLCV untuk XAUUSD (15m).
[2026-10-05 11:22:00] [INFO] [fetcher:179] - Sukses mengambil 100 bar Spot Gold langsung dari terminal MT5 (XAUUSDc).
[2026-10-05 11:22:00] [INFO] [storage:329] - Berhasil menyimpan 100 baris data OHLCV untuk XAUUSD (15m).
[2026-10-05 11:22:15] [INFO] [fetcher:179] - Sukses mengambil 100 bar Spot Gold langsung dari terminal MT5 (XAUUSDc).
[2026-10-05 11:22:15] [INFO] [storage:329] - Berhasil menyimpan 100 baris data OHLCV untuk XAUUSD (15m).
[2026-10-05 11:22:30] [INFO] [fetcher:179] - Sukses mengambil 100 bar Spot Gold langsung dari terminal MT5 (XAUUSDc).
[2026-10-05 11:22:30] [INFO] [storage:329] - Berhasil menyimpan 100 baris data OHLCV untuk XAUUSD (15m).
[2026-10-05 11:22:30] [INFO] [fetcher:179] - Sukses mengambil 100 bar Spot Gold langsung dari terminal MT5 (XAUUSDc).
[2026-10-05 11:22:30] [INFO] [storage:329] - Berhasil menyimpan 100 baris data OHLCV untuk XAUUSD (15m).
[2026-10-05 11:22:32] [INFO] [telegram_bot:84] - Telegram Notifier siap dalam mode Live.
[2026-10-05 11:22:32] [WARNING] [telegram_bot:79] - Kredensial Telegram (TELEGRAM_BOT_TOKEN / TELEGRAM_CHAT_ID) belum disetel di .env. Berjalan dalam mode Simulasi (Mock Mode) - pesan akan dicetak ke log.
[2026-10-05 11:22:32] [INFO] [telegram_bot:326] - [SIMULASI TELEGRAM DOC] C:\Users\USER\AppData\Local\Temp\pytest-of-USER\pytest-155\test_copier_broadcast_and_docu0\member_copier.zip
📦 <b>UPDATE AUTO-COPIER MT5 (VIP 9 BUKU PDF)</b> 🚀
━━━━━━━━━━━━━━━━━━━━━━
Halo Trader VIP! Master merilis pembaruan Auto-Copier MT5.

✨ <b>FITUR & LOGIKA BARU:</b>
1. 🎯 <b>Retest Entry (Diskon/Premium):</b> Entry posisi terbaik di ayunan bawah/atas S/R & Order Block.
2. ⚖️ <b>Min TP/SL 60 Pips (1:1):</b> Target terkunci minimal 60 pips ($6.00 USD), TP >= SL.
3. 🏛️ <b>Konfirmasi H1 London & Anti-Judas Swing:</b> Filter manipulasi likuiditas sesi London.
4. ⚡ <b>Fast Impulsive Reversal & Auto-Flip:</b> Cut loss dini & membalik arah instan.
5. 🛡️ <b>Anti-Hedging & Auto Filling Mode:</b> Kompatibel FOK/IOC/RETURN (bebas error 10030).

🔄 <b>FITUR AUTO-UPDATE OTOMATIS:</b>
Bagi member yang aplikasinya sedang berjalan, sistem otomatis mengunduh & me-restart sendiri (bebas repot timpa ZIP)!
━━━━━━━━━━━━━━━━━━━━━━
[2026-10-05 11:22:32] [INFO] [telegram_bot:326] - [SIMULASI TELEGRAM DOC] C:\Users\USER\AppData\Local\Temp\pytest-of-USER\pytest-155\test_copier_broadcast_and_docu0\member_copier.zip
📦 <b>UPDATE AUTO-COPIER MT5 (VIP 9 BUKU PDF)</b> 🚀
━━━━━━━━━━━━━━━━━━━━━━
Halo Trader VIP! Master merilis pembaruan Auto-Copier MT5.

✨ <b>FITUR & LOGIKA BARU:</b>
1. 🎯 <b>Retest Entry (Diskon/Premium):</b> Entry posisi terbaik di ayunan bawah/atas S/R & Order Block.
2. ⚖️ <b>Min TP/SL 60 Pips (1:1):</b> Target terkunci minimal 60 pips ($6.00 USD), TP >= SL.
3. 🏛️ <b>Konfirmasi H1 London & Anti-Judas Swing:</b> Filter manipulasi likuiditas sesi London.
4. ⚡ <b>Fast Impulsive Reversal & Auto-Flip:</b> Cut loss dini & membalik arah instan.
5. 🛡️ <b>Anti-Hedging & Auto Filling Mode:</b> Kompatibel FOK/IOC/RETURN (bebas error 10030).

🔄 <b>FITUR AUTO-UPDATE OTOMATIS:</b>
Bagi member yang aplikasinya sedang berjalan, sistem otomatis mengunduh & me-restart sendiri (bebas repot timpa ZIP)!
━━━━━━━━━━━━━━━━━━━━━━
[2026-10-05 11:22:32] [INFO] [telegram_bot:326] - [SIMULASI TELEGRAM DOC] C:\Users\USER\AppData\Local\Temp\pytest-of-USER\pytest-155\test_copier_broadcast_and_docu0\member_copier.zip
Test
[2026-10-05 11:22:32] [ERROR] [auto_updater:98] - Error saat memeriksa update Git: 
[2026-10-05 11:22:32] [INFO] [auto_updater:227] - 🚀 Terdeteksi kodingan baru di GitHub (def5678 -> Updatin). Memulai git pull...
[2026-10-05 11:22:32] [ERROR] [auto_updater:131] - Error saat apply git pull: 
[2026-10-05 11:22:32] [ERROR] [auto_updater:247] - ❌ Gagal melakukan git pull: 
[2026-10-05 11:22:32] [INFO] [telegram_bot:84] - Telegram Notifier siap dalam mode Live.
[2026-10-05 11:22:32] [INFO] [telegram_bot:84] - Telegram Notifier siap dalam mode Live.
[2026-10-05 11:22:32] [INFO] [telegram_bot:84] - Telegram Notifier siap dalam mode Live.
[2026-10-05 11:22:32] [INFO] [scheduler:174] - === Memulai Siklus Pipeline Analisis Saham & Komoditas ===
[2026-10-05 11:22:32] [INFO] [scheduler:182] - Status Pasar: IDX=TUTUP | GOLD=BUKA
[2026-10-05 11:22:32] [INFO] [scheduler:203] - Mode Trading: INTRADAY (Interval: 15m, Watchlist: 1)
[2026-10-05 11:22:32] [INFO] [scheduler:238] - Memproses XAUUSD...
[2026-10-05 11:22:33] [INFO] [chart_generator:492] - Berhasil membuat chart visual TradingView: data\charts\chart_XAUUSD_15m_20261005_112232_97.png
[2026-10-05 11:22:33] [INFO] [scheduler:537] - 🚀 [AUTO-EXECUTE A+] MT5 Order Sukses: #998877 SELL 0.05 lot @ $3,045.50
[2026-10-05 11:22:33] [INFO] [scheduler:613] - === Pipeline Selesai: 1 saham diproses, 0 sinyal aktif, 1 notifikasi terkirim ===
[2026-10-05 11:22:33] [INFO] [scheduler:174] - === Memulai Siklus Pipeline Analisis Saham & Komoditas ===
[2026-10-05 11:22:33] [INFO] [scheduler:182] - Status Pasar: IDX=TUTUP | GOLD=BUKA
[2026-10-05 11:22:33] [INFO] [scheduler:203] - Mode Trading: INTRADAY (Interval: 15m, Watchlist: 1)
[2026-10-05 11:22:33] [INFO] [scheduler:238] - Memproses XAUUSD...
[2026-10-05 11:22:33] [INFO] [scheduler:613] - === Pipeline Selesai: 1 saham diproses, 0 sinyal aktif, 0 notifikasi terkirim ===
[2026-10-05 11:22:34] [INFO] [chart_generator:492] - Berhasil membuat chart visual TradingView: data\charts\chart_XAUUSD_15m_20261005_112233_73.png
[2026-10-05 11:22:34] [INFO] [chart_generator:492] - Berhasil membuat chart visual TradingView: data\charts\chart_BBCA_JK_1d_20261005_112234_27.png
[2026-10-05 11:22:37] [INFO] [backtester:382] - Grafik equity curve tersimpan di: D:\bot saham\reports\backtest_BBCA_DayTrading_Intraday_Momentum.png
[2026-10-05 11:22:37] [INFO] [backtester:382] - Grafik equity curve tersimpan di: D:\bot saham\reports\backtest_BBCA_Daily_Swing_Pullback.png
[2026-10-05 11:22:37] [INFO] [telegram_bot:84] - Telegram Notifier siap dalam mode Live.
[2026-10-05 11:22:40] [INFO] [telegram_bot:84] - Telegram Notifier siap dalam mode Live.
[2026-10-05 11:22:45] [INFO] [fetcher:179] - Sukses mengambil 100 bar Spot Gold langsung dari terminal MT5 (XAUUSDc).
[2026-10-05 11:22:45] [INFO] [storage:329] - Berhasil menyimpan 100 baris data OHLCV untuk XAUUSD (15m).
[2026-10-05 11:22:45] [INFO] [fetcher:249] - Mengambil data EURUSD=X (interval=5m, period=1d, start=None, end=None) - Percobaan 1/3
[2026-10-05 11:22:45] [INFO] [fetcher:281] - Menunggu 1.0 detik sebelum retry...
[2026-10-05 11:22:46] [INFO] [fetcher:249] - Mengambil data EURUSD=X (interval=5m, period=1d, start=None, end=None) - Percobaan 2/3
[2026-10-05 11:22:46] [INFO] [fetcher:281] - Menunggu 2.0 detik sebelum retry...
[2026-10-05 11:22:48] [INFO] [fetcher:249] - Mengambil data EURUSD=X (interval=5m, period=1d, start=None, end=None) - Percobaan 3/3
[2026-10-05 11:22:49] [ERROR] [fetcher:284] - Gagal mengambil data EURUSD=X setelah 3 percobaan.
[2026-10-05 11:22:49] [INFO] [mt5_bridge:91] - MT5Bridge diinisialisasi. Enabled: True, Hours: all, Platform: win32, Lib Available: True
[2026-10-05 11:22:49] [WARNING] [mt5_bridge:848] - ❌ Eksekusi MT5 Ditolak: Skor konfluensi 9 Buku PDF (50%) belum tembus batas minimal akurasi (65%). Sinyal tanpa konfluensi 9 PDF dilarang dieksekusi!
[2026-10-05 11:22:49] [INFO] [mt5_bridge:1050] - 🤖 [SIMULASI] Order MT5 #100001 BUY XAUUSD (0.05 lot) @ 2750.0 (TP: 2775.0, SL: 2735.0) sukses dieksekusi.
[2026-10-05 11:22:49] [INFO] [mt5_bridge:1050] - 🤖 [SIMULASI] Order MT5 #100002 SELL XAUUSD (0.01 lot) @ 2760.0 (TP: 2740.0, SL: 2770.0) sukses dieksekusi.
[2026-10-05 11:22:49] [INFO] [mt5_bridge:1050] - 🤖 [SIMULASI] Order MT5 #100003 BUY XAUUSD (0.05 lot) @ 2750.0 (TP: 2775.0, SL: 2735.0) sukses dieksekusi.
[2026-10-05 11:22:49] [INFO] [mt5_bridge:1050] - 🤖 [SIMULASI] Order MT5 #100004 BUY XAUUSD (0.01 lot) @ 2750.0 (TP: 2775.0, SL: 2735.0) sukses dieksekusi.
[2026-10-05 11:22:49] [INFO] [mt5_bridge:1050] - 🤖 [SIMULASI] Order MT5 #100005 BUY XAUUSD (0.08 lot) @ 2750.0 (TP: 2775.0, SL: 2735.0) sukses dieksekusi.
[2026-10-05 11:22:49] [INFO] [mt5_bridge:801] - Eksekusi MT5 dilewati: Di luar jam aktif trading (19:00-23:00 WIB). Waktu saat ini: 12:00 WIB.
[2026-10-05 11:22:49] [INFO] [mt5_bridge:1050] - 🤖 [SIMULASI] Order MT5 #100006 BUY XAUUSD (0.08 lot) @ 2750.0 (TP: 2775.0, SL: 2735.0) sukses dieksekusi.
[2026-10-05 11:22:49] [INFO] [mt5_bridge:1050] - 🤖 [SIMULASI] Order MT5 #100007 BUY XAUUSD (0.08 lot) @ 2750.0 (TP: 2775.0, SL: 2735.0) sukses dieksekusi.
[2026-10-05 11:22:49] [INFO] [mt5_bridge:968] - ⛔ Penumpukan Posisi Dicegah: Sudah ada posisi XAUUSD aktif di area harga ini (jarak harga saat ini $0.00 < minimal grid spacing $1.00 USD). Menjaga modal dari risiko over-exposure di titik harga yang sama.
[2026-10-05 11:22:49] [INFO] [mt5_bridge:968] - ⛔ Penumpukan Posisi Dicegah: Sudah ada posisi XAUUSD aktif di area harga ini (jarak harga saat ini $0.50 < minimal grid spacing $1.00 USD). Menjaga modal dari risiko over-exposure di titik harga yang sama.
[2026-10-05 11:22:49] [INFO] [telegram_bot:84] - Telegram Notifier siap dalam mode Live.
[2026-10-05 11:22:49] [INFO] [scheduler:1456] - 🔄 [REVERSAL FLIP AUTHORIZED] Sinyal pembalikan BUY XAUUSD (Skor: 95.0%) diizinkan melewati Anti-Hedging Guard untuk pembalikan arah (Cut Loss posisi lawan & Masuk BUY)!
[2026-10-05 11:22:49] [INFO] [mt5_bridge:887] - 🔄 [REVERSAL FLIP 90-100% 9 BUKU PDF] Terdeteksi sinyal pembalikan arah BUY super kuat (Skor: 95.0% >= 90.0%). Menutup posisi lawan [#99999 (SELL @ 2750.0)] untuk cut loss & flip ke BUY!
[2026-10-05 11:22:49] [INFO] [mt5_bridge:1050] - 🤖 [SIMULASI] Order MT5 #100008 BUY XAUUSD (0.08 lot) @ 2755.0 (TP: 2780.0, SL: 2740.0) sukses dieksekusi.
[2026-10-05 11:22:49] [INFO] [mt5_bridge:1022] - 🛡️ [USD STANDARD FILTER] Sinyal XAUUSD BUY adalah sinyal standar/kurang bagus (Skor 70%, Grade A). Sesuai arahan pengguna: Akun Standard USD DILARANG masuk pada sinyal 0.01 standar. HANYA masuk pada sinyal Grade A+ (0.05 lot bagus). Order dilewati demi melindungi modal USD!
[2026-10-05 11:22:49] [INFO] [mt5_bridge:1029] - 💎 [USD HIGH GRADE] Sinyal Grade A+ (85%) untuk Akun Standard USD: Membuka posisi disiplin 0.01 Lot.
[2026-10-05 11:22:49] [INFO] [mt5_bridge:1050] - 🤖 [SIMULASI] Order MT5 #100009 BUY XAUUSD (0.01 lot) @ 2750.0 (TP: 2775.0, SL: 2735.0) sukses dieksekusi.
[2026-10-05 11:22:49] [INFO] [mt5_bridge:951] - Batas posisi tercapai (1/1 posisi XAUUSD aktif di MT5). Mode: CENT USC Disiplin (Maks 1 Posisi). Menunggu posisi selesai (TP/SL) sebelum membuka posisi baru.
[2026-10-05 11:22:49] [INFO] [mt5_bridge:1050] - 🤖 [SIMULASI] Order MT5 #100010 BUY XAUUSD (0.08 lot) @ 2750.0 (TP: 2775.0, SL: 2735.0) sukses dieksekusi.
[2026-10-05 11:22:49] [INFO] [telegram_bot:84] - Telegram Notifier siap dalam mode Live.
[2026-10-05 11:22:49] [INFO] [mt5_bridge:205] - 🟢 Reversal Cooldown MT5 dihapus. Trading XAU/USD kembali normal.
[2026-10-05 11:22:49] [INFO] [mt5_bridge:175] - ⏸️ Reversal Cooldown MT5 diaktifkan selama 30 menit (sampai 11:52 WIB). Alasan: Uji Coba Reversal
[2026-10-05 11:22:49] [INFO] [mt5_bridge:205] - 🟢 Reversal Cooldown MT5 dihapus. Trading XAU/USD kembali normal.
[2026-10-05 11:22:49] [INFO] [telegram_bot:84] - Telegram Notifier siap dalam mode Live.
[2026-10-05 11:22:50] [INFO] [telegram_bot:84] - Telegram Notifier siap dalam mode Live.
[2026-10-05 11:22:50] [INFO] [fetcher:249] - Mengambil data BBCA.JK (interval=1d, period=1y, start=None, end=None) - Percobaan 1/3
[2026-10-05 11:22:50] [INFO] [fetcher:268] - Sukses mengambil 239 bar data untuk BBCA.JK (2025-10-06 s/d 2026-10-05 00:00)
[2026-10-05 11:22:50] [INFO] [storage:329] - Berhasil menyimpan 239 baris data OHLCV untuk BBCA.JK (1d).
[2026-10-05 11:22:50] [INFO] [fetcher:249] - Mengambil data BBCA.JK (interval=15m, period=5d, start=None, end=None) - Percobaan 1/3
[2026-10-05 11:22:50] [INFO] [fetcher:268] - Sukses mengambil 97 bar data untuk BBCA.JK (2026-09-29 s/d 2026-10-05 11:00)
[2026-10-05 11:22:50] [INFO] [storage:329] - Berhasil menyimpan 97 baris data OHLCV untuk BBCA.JK (15m).
[2026-10-05 11:22:51] [INFO] [backtester:382] - Grafik equity curve tersimpan di: D:\bot saham\reports\backtest_BBCA_Default_RSI_EMA_Volume.png
[2026-10-05 11:22:52] [INFO] [backtester:382] - Grafik equity curve tersimpan di: D:\bot saham\reports\backtest_BBCA_EMA_Golden_Cross.png
[2026-10-05 11:22:52] [INFO] [backtester:398] - Memulai parameter sweep untuk BBCA.JK...
[2026-10-05 11:23:00] [INFO] [fetcher:179] - Sukses mengambil 100 bar Spot Gold langsung dari terminal MT5 (XAUUSDc).
[2026-10-05 11:23:00] [INFO] [storage:329] - Berhasil menyimpan 100 baris data OHLCV untuk XAUUSD (15m).
[2026-10-05 11:23:05] [WARNING] [telegram_bot:79] - Kredensial Telegram (TELEGRAM_BOT_TOKEN / TELEGRAM_CHAT_ID) belum disetel di .env. Berjalan dalam mode Simulasi (Mock Mode) - pesan akan dicetak ke log.
[2026-10-05 11:23:05] [INFO] [storage:453] - Sinyal BUY untuk BBCA.JK tersimpan (ID: 133).
[2026-10-05 11:23:05] [INFO] [storage:453] - Sinyal SELL untuk BBRI.JK tersimpan (ID: 134).
[2026-10-05 11:23:05] [INFO] [telegram_bot:244] - [SIMULASI TELEGRAM]
🟢 <b>SINYAL ENTRY (MASUK / BUY): BBCA</b>
📍 <b>Harga Entry:</b> <code>Rp 6,275</code>
⏱️ <b>11:23 WIB</b> | RSI: <b>28.4</b> | Vol: <b>1.8x</b>
💡 <i>RSI Oversold</i>
[2026-10-05 11:23:05] [INFO] [telegram_bot:244] - [SIMULASI TELEGRAM]
🟢 <b>SINYAL ENTRY (MASUK / BUY): BBCA</b>
📍 <b>Harga Entry:</b> <code>Rp 6,275</code>
⏱️ <b>11:23 WIB</b> | RSI: <b>28.4</b> | Vol: <b>1.8x</b>
💡 <i>RSI Oversold</i>
[2026-10-05 11:23:05] [INFO] [telegram_bot:84] - Telegram Notifier siap dalam mode Live.
[2026-10-05 11:23:05] [INFO] [storage:453] - Sinyal BUY untuk DUMMY_1791174185598.JK tersimpan (ID: 641).
[2026-10-05 11:23:05] [INFO] [scheduler:174] - === Memulai Siklus Pipeline Analisis Saham & Komoditas ===
[2026-10-05 11:23:05] [INFO] [scheduler:182] - Status Pasar: IDX=BUKA | GOLD=BUKA
[2026-10-05 11:23:05] [INFO] [scheduler:203] - Mode Trading: INTRADAY (Interval: 15m, Watchlist: 2)
[2026-10-05 11:23:05] [INFO] [scheduler:238] - Memproses BBCA.JK...
[2026-10-05 11:23:05] [INFO] [fetcher:249] - Mengambil data BBCA.JK (interval=15m, period=60d, start=None, end=None) - Percobaan 1/3
[2026-10-05 11:23:05] [INFO] [fetcher:268] - Sukses mengambil 1272 bar data untuk BBCA.JK (2026-07-14 s/d 2026-10-05 11:00)
[2026-10-05 11:23:05] [INFO] [storage:329] - Berhasil menyimpan 1272 baris data OHLCV untuk BBCA.JK (15m).
[2026-10-05 11:23:06] [INFO] [scheduler:442] - Sinyal BUY untuk BBCA.JK tidak dinotifikasikan (Candle kedaluwarsa/telat (23m lalu > batas 16m)).
[2026-10-05 11:23:06] [INFO] [scheduler:238] - Memproses BBRI.JK...
[2026-10-05 11:23:06] [INFO] [fetcher:249] - Mengambil data BBRI.JK (interval=15m, period=60d, start=None, end=None) - Percobaan 1/3
[2026-10-05 11:23:06] [INFO] [fetcher:268] - Sukses mengambil 1272 bar data untuk BBRI.JK (2026-07-14 s/d 2026-10-05 11:00)
[2026-10-05 11:23:06] [INFO] [storage:329] - Berhasil menyimpan 1272 baris data OHLCV untuk BBRI.JK (15m).
[2026-10-05 11:23:09] [INFO] [fetcher:118] - Sukses mengambil 101 bar Spot Gold (XAU/USD) dari direct spot feed (2026-10-02 09:15 s/d 2026-10-05 11:15)
[2026-10-05 11:23:09] [INFO] [storage:329] - Berhasil menyimpan 101 baris data OHLCV untuk XAUUSD (15m).
[2026-10-05 11:23:09] [INFO] [scheduler:613] - === Pipeline Selesai: 2 saham diproses, 1 sinyal aktif, 0 notifikasi terkirim ===
[2026-10-05 11:23:09] [INFO] [storage:329] - Berhasil menyimpan 5 baris data OHLCV untuk BBCA.JK (1d).
[2026-10-05 11:23:09] [INFO] [storage:453] - Sinyal BUY untuk BBCA.JK tersimpan (ID: 1).
[2026-10-05 11:23:09] [INFO] [storage:453] - Sinyal BUY untuk BBCA.JK tersimpan (ID: 1).
[2026-10-05 11:23:09] [INFO] [storage:453] - Sinyal SELL untuk GC=F tersimpan (ID: 2).
[2026-10-05 11:23:09] [INFO] [storage:608] - 🎯 Sinyal #1 BUY BBCA.JK terselesaikan: WIN @ 105.0 (PnL: +5.00%) pada 2026-01-01 12:00:00
[2026-10-05 11:23:09] [INFO] [storage:608] - 🎯 Sinyal #2 SELL GC=F terselesaikan: WIN @ 2680.0 (PnL: +0.74%) pada 2026-01-01 12:00:00
[2026-10-05 11:23:10] [INFO] [telegram_bot:84] - Telegram Notifier siap dalam mode Live.
[2026-10-05 11:23:10] [INFO] [telegram_bot:84] - Telegram Notifier siap dalam mode Live.
[2026-10-05 11:23:10] [INFO] [telegram_bot:84] - Telegram Notifier siap dalam mode Live.
[2026-10-05 11:23:10] [INFO] [telegram_bot:84] - Telegram Notifier siap dalam mode Live.
[2026-10-05 11:23:11] [INFO] [telegram_bot:84] - Telegram Notifier siap dalam mode Live.
[2026-10-05 11:23:15] [INFO] [fetcher:179] - Sukses mengambil 100 bar Spot Gold langsung dari terminal MT5 (XAUUSDc).
[2026-10-05 11:23:15] [INFO] [storage:329] - Berhasil menyimpan 100 baris data OHLCV untuk XAUUSD (15m).
[2026-10-05 11:23:30] [INFO] [fetcher:179] - Sukses mengambil 100 bar Spot Gold langsung dari terminal MT5 (XAUUSDc).
[2026-10-05 11:23:30] [INFO] [fetcher:179] - Sukses mengambil 100 bar Spot Gold langsung dari terminal MT5 (XAUUSDc).
[2026-10-05 11:23:30] [INFO] [storage:329] - Berhasil menyimpan 100 baris data OHLCV untuk XAUUSD (15m).
[2026-10-05 11:23:30] [INFO] [storage:329] - Berhasil menyimpan 100 baris data OHLCV untuk XAUUSD (15m).
[2026-10-05 11:23:45] [INFO] [fetcher:179] - Sukses mengambil 100 bar Spot Gold langsung dari terminal MT5 (XAUUSDc).
[2026-10-05 11:23:45] [INFO] [storage:329] - Berhasil menyimpan 100 baris data OHLCV untuk XAUUSD (15m).
[2026-10-05 11:24:00] [INFO] [fetcher:179] - Sukses mengambil 100 bar Spot Gold langsung dari terminal MT5 (XAUUSDc).
[2026-10-05 11:24:00] [INFO] [storage:329] - Berhasil menyimpan 100 baris data OHLCV untuk XAUUSD (15m).
[2026-10-05 11:24:15] [INFO] [fetcher:179] - Sukses mengambil 100 bar Spot Gold langsung dari terminal MT5 (XAUUSDc).
[2026-10-05 11:24:15] [INFO] [storage:329] - Berhasil menyimpan 100 baris data OHLCV untuk XAUUSD (15m).
[2026-10-05 11:24:30] [INFO] [fetcher:179] - Sukses mengambil 100 bar Spot Gold langsung dari terminal MT5 (XAUUSDc).
[2026-10-05 11:24:30] [INFO] [storage:329] - Berhasil menyimpan 100 baris data OHLCV untuk XAUUSD (15m).
[2026-10-05 11:24:30] [INFO] [fetcher:179] - Sukses mengambil 100 bar Spot Gold langsung dari terminal MT5 (XAUUSDc).
[2026-10-05 11:24:30] [INFO] [storage:329] - Berhasil menyimpan 100 baris data OHLCV untuk XAUUSD (15m).
[2026-10-05 11:24:45] [INFO] [fetcher:179] - Sukses mengambil 100 bar Spot Gold langsung dari terminal MT5 (XAUUSDc).
[2026-10-05 11:24:45] [INFO] [storage:329] - Berhasil menyimpan 100 baris data OHLCV untuk XAUUSD (15m).
[2026-10-05 11:25:00] [INFO] [fetcher:179] - Sukses mengambil 100 bar Spot Gold langsung dari terminal MT5 (XAUUSDc).
[2026-10-05 11:25:00] [INFO] [storage:329] - Berhasil menyimpan 100 baris data OHLCV untuk XAUUSD (15m).
[2026-10-05 11:25:15] [INFO] [fetcher:179] - Sukses mengambil 100 bar Spot Gold langsung dari terminal MT5 (XAUUSDc).
[2026-10-05 11:25:15] [INFO] [storage:329] - Berhasil menyimpan 100 baris data OHLCV untuk XAUUSD (15m).
[2026-10-05 11:25:30] [INFO] [fetcher:179] - Sukses mengambil 100 bar Spot Gold langsung dari terminal MT5 (XAUUSDc).
[2026-10-05 11:25:30] [INFO] [storage:329] - Berhasil menyimpan 100 baris data OHLCV untuk XAUUSD (15m).
[2026-10-05 11:25:30] [INFO] [fetcher:179] - Sukses mengambil 100 bar Spot Gold langsung dari terminal MT5 (XAUUSDc).
[2026-10-05 11:25:30] [INFO] [storage:329] - Berhasil menyimpan 100 baris data OHLCV untuk XAUUSD (15m).
[2026-10-05 11:25:45] [INFO] [fetcher:179] - Sukses mengambil 100 bar Spot Gold langsung dari terminal MT5 (XAUUSDc).
[2026-10-05 11:25:45] [INFO] [storage:329] - Berhasil menyimpan 100 baris data OHLCV untuk XAUUSD (15m).
[2026-10-05 11:26:00] [INFO] [fetcher:179] - Sukses mengambil 100 bar Spot Gold langsung dari terminal MT5 (XAUUSDc).
[2026-10-05 11:26:00] [INFO] [storage:329] - Berhasil menyimpan 100 baris data OHLCV untuk XAUUSD (15m).
[2026-10-05 11:26:09] [ERROR] [auto_updater:98] - Error saat memeriksa update Git: 
[2026-10-05 11:26:10] [INFO] [auto_updater:226] - 🚀 Terdeteksi kodingan baru di GitHub (abc1234 -> def5678). Memulai git pull...
[2026-10-05 11:26:10] [INFO] [auto_updater:230] - ✅ Git pull berhasil! Commit: def5678 - feat: new trailing stop (selobrow)
[2026-10-05 11:26:15] [INFO] [fetcher:179] - Sukses mengambil 100 bar Spot Gold langsung dari terminal MT5 (XAUUSDc).
[2026-10-05 11:26:15] [INFO] [storage:329] - Berhasil menyimpan 100 baris data OHLCV untuk XAUUSD (15m).
[2026-10-05 11:26:21] [INFO] [telegram_bot:84] - Telegram Notifier siap dalam mode Live.
[2026-10-05 11:26:22] [WARNING] [telegram_bot:79] - Kredensial Telegram (TELEGRAM_BOT_TOKEN / TELEGRAM_CHAT_ID) belum disetel di .env. Berjalan dalam mode Simulasi (Mock Mode) - pesan akan dicetak ke log.
[2026-10-05 11:26:22] [INFO] [telegram_bot:326] - [SIMULASI TELEGRAM DOC] C:\Users\USER\AppData\Local\Temp\pytest-of-USER\pytest-156\test_copier_broadcast_and_docu0\member_copier.zip
📦 <b>UPDATE AUTO-COPIER MT5 (VIP 9 BUKU PDF)</b> 🚀
━━━━━━━━━━━━━━━━━━━━━━
Halo Trader VIP! Master merilis pembaruan Auto-Copier MT5.

✨ <b>FITUR & LOGIKA BARU:</b>
1. 🎯 <b>Retest Entry (Diskon/Premium):</b> Entry posisi terbaik di ayunan bawah/atas S/R & Order Block.
2. ⚖️ <b>Min TP/SL 60 Pips (1:1):</b> Target terkunci minimal 60 pips ($6.00 USD), TP >= SL.
3. 🏛️ <b>Konfirmasi H1 London & Anti-Judas Swing:</b> Filter manipulasi likuiditas sesi London.
4. ⚡ <b>Fast Impulsive Reversal & Auto-Flip:</b> Cut loss dini & membalik arah instan.
5. 🛡️ <b>Anti-Hedging & Auto Filling Mode:</b> Kompatibel FOK/IOC/RETURN (bebas error 10030).

🔄 <b>FITUR AUTO-UPDATE OTOMATIS:</b>
Bagi member yang aplikasinya sedang berjalan, sistem otomatis mengunduh & me-restart sendiri (bebas repot timpa ZIP)!
━━━━━━━━━━━━━━━━━━━━━━
[2026-10-05 11:26:22] [INFO] [telegram_bot:326] - [SIMULASI TELEGRAM DOC] C:\Users\USER\AppData\Local\Temp\pytest-of-USER\pytest-156\test_copier_broadcast_and_docu0\member_copier.zip
📦 <b>UPDATE AUTO-COPIER MT5 (VIP 9 BUKU PDF)</b> 🚀
━━━━━━━━━━━━━━━━━━━━━━
Halo Trader VIP! Master merilis pembaruan Auto-Copier MT5.

✨ <b>FITUR & LOGIKA BARU:</b>
1. 🎯 <b>Retest Entry (Diskon/Premium):</b> Entry posisi terbaik di ayunan bawah/atas S/R & Order Block.
2. ⚖️ <b>Min TP/SL 60 Pips (1:1):</b> Target terkunci minimal 60 pips ($6.00 USD), TP >= SL.
3. 🏛️ <b>Konfirmasi H1 London & Anti-Judas Swing:</b> Filter manipulasi likuiditas sesi London.
4. ⚡ <b>Fast Impulsive Reversal & Auto-Flip:</b> Cut loss dini & membalik arah instan.
5. 🛡️ <b>Anti-Hedging & Auto Filling Mode:</b> Kompatibel FOK/IOC/RETURN (bebas error 10030).

🔄 <b>FITUR AUTO-UPDATE OTOMATIS:</b>
Bagi member yang aplikasinya sedang berjalan, sistem otomatis mengunduh & me-restart sendiri (bebas repot timpa ZIP)!
━━━━━━━━━━━━━━━━━━━━━━
[2026-10-05 11:26:22] [INFO] [telegram_bot:326] - [SIMULASI TELEGRAM DOC] C:\Users\USER\AppData\Local\Temp\pytest-of-USER\pytest-156\test_copier_broadcast_and_docu0\member_copier.zip
Test
[2026-10-05 11:26:22] [ERROR] [auto_updater:98] - Error saat memeriksa update Git: 
[2026-10-05 11:26:22] [INFO] [auto_updater:226] - 🚀 Terdeteksi kodingan baru di GitHub (abc1234 -> def5678). Memulai git pull...
[2026-10-05 11:26:22] [INFO] [auto_updater:230] - ✅ Git pull berhasil! Commit: def5678 - feat: new trailing stop (selobrow)
[2026-10-05 11:26:22] [INFO] [telegram_bot:84] - Telegram Notifier siap dalam mode Live.
[2026-10-05 11:26:22] [INFO] [telegram_bot:84] - Telegram Notifier siap dalam mode Live.
[2026-10-05 11:26:22] [INFO] [telegram_bot:84] - Telegram Notifier siap dalam mode Live.
[2026-10-05 11:26:22] [INFO] [scheduler:174] - === Memulai Siklus Pipeline Analisis Saham & Komoditas ===
[2026-10-05 11:26:22] [INFO] [scheduler:182] - Status Pasar: IDX=TUTUP | GOLD=BUKA
[2026-10-05 11:26:22] [INFO] [scheduler:203] - Mode Trading: INTRADAY (Interval: 15m, Watchlist: 1)
[2026-10-05 11:26:22] [INFO] [scheduler:238] - Memproses XAUUSD...
[2026-10-05 11:26:23] [INFO] [chart_generator:492] - Berhasil membuat chart visual TradingView: data\charts\chart_XAUUSD_15m_20261005_112622_58.png
[2026-10-05 11:26:23] [INFO] [scheduler:537] - 🚀 [AUTO-EXECUTE A+] MT5 Order Sukses: #998877 SELL 0.05 lot @ $3,045.50
[2026-10-05 11:26:23] [INFO] [scheduler:613] - === Pipeline Selesai: 1 saham diproses, 0 sinyal aktif, 1 notifikasi terkirim ===
[2026-10-05 11:26:23] [INFO] [scheduler:174] - === Memulai Siklus Pipeline Analisis Saham & Komoditas ===
[2026-10-05 11:26:23] [INFO] [scheduler:182] - Status Pasar: IDX=TUTUP | GOLD=BUKA
[2026-10-05 11:26:23] [INFO] [scheduler:203] - Mode Trading: INTRADAY (Interval: 15m, Watchlist: 1)
[2026-10-05 11:26:23] [INFO] [scheduler:238] - Memproses XAUUSD...
[2026-10-05 11:26:23] [INFO] [scheduler:613] - === Pipeline Selesai: 1 saham diproses, 0 sinyal aktif, 0 notifikasi terkirim ===
[2026-10-05 11:26:23] [INFO] [chart_generator:492] - Berhasil membuat chart visual TradingView: data\charts\chart_XAUUSD_15m_20261005_112623_33.png
[2026-10-05 11:26:24] [INFO] [chart_generator:492] - Berhasil membuat chart visual TradingView: data\charts\chart_BBCA_JK_1d_20261005_112623_86.png
[2026-10-05 11:26:26] [INFO] [backtester:382] - Grafik equity curve tersimpan di: D:\bot saham\reports\backtest_BBCA_DayTrading_Intraday_Momentum.png
[2026-10-05 11:26:27] [INFO] [backtester:382] - Grafik equity curve tersimpan di: D:\bot saham\reports\backtest_BBCA_Daily_Swing_Pullback.png
[2026-10-05 11:26:27] [INFO] [telegram_bot:84] - Telegram Notifier siap dalam mode Live.
[2026-10-05 11:26:29] [INFO] [telegram_bot:84] - Telegram Notifier siap dalam mode Live.
[2026-10-05 11:26:29] [INFO] [fetcher:249] - Mengambil data EURUSD=X (interval=5m, period=1d, start=None, end=None) - Percobaan 1/3
[2026-10-05 11:26:29] [INFO] [fetcher:281] - Menunggu 1.0 detik sebelum retry...
[2026-10-05 11:26:30] [INFO] [fetcher:179] - Sukses mengambil 100 bar Spot Gold langsung dari terminal MT5 (XAUUSDc).
[2026-10-05 11:26:30] [INFO] [storage:329] - Berhasil menyimpan 100 baris data OHLCV untuk XAUUSD (15m).
[2026-10-05 11:26:30] [INFO] [fetcher:179] - Sukses mengambil 100 bar Spot Gold langsung dari terminal MT5 (XAUUSDc).
[2026-10-05 11:26:30] [INFO] [storage:329] - Berhasil menyimpan 100 baris data OHLCV untuk XAUUSD (15m).
[2026-10-05 11:26:30] [INFO] [fetcher:249] - Mengambil data EURUSD=X (interval=5m, period=1d, start=None, end=None) - Percobaan 2/3
[2026-10-05 11:26:31] [INFO] [fetcher:281] - Menunggu 2.0 detik sebelum retry...
[2026-10-05 11:26:33] [INFO] [fetcher:249] - Mengambil data EURUSD=X (interval=5m, period=1d, start=None, end=None) - Percobaan 3/3
[2026-10-05 11:26:33] [ERROR] [fetcher:284] - Gagal mengambil data EURUSD=X setelah 3 percobaan.
[2026-10-05 11:26:33] [INFO] [mt5_bridge:91] - MT5Bridge diinisialisasi. Enabled: True, Hours: all, Platform: win32, Lib Available: True
[2026-10-05 11:26:33] [WARNING] [mt5_bridge:848] - ❌ Eksekusi MT5 Ditolak: Skor konfluensi 9 Buku PDF (50%) belum tembus batas minimal akurasi (65%). Sinyal tanpa konfluensi 9 PDF dilarang dieksekusi!
[2026-10-05 11:26:33] [INFO] [mt5_bridge:1050] - 🤖 [SIMULASI] Order MT5 #100001 BUY XAUUSD (0.05 lot) @ 2750.0 (TP: 2775.0, SL: 2735.0) sukses dieksekusi.
[2026-10-05 11:26:33] [INFO] [mt5_bridge:1050] - 🤖 [SIMULASI] Order MT5 #100002 SELL XAUUSD (0.01 lot) @ 2760.0 (TP: 2740.0, SL: 2770.0) sukses dieksekusi.
[2026-10-05 11:26:33] [INFO] [mt5_bridge:1050] - 🤖 [SIMULASI] Order MT5 #100003 BUY XAUUSD (0.05 lot) @ 2750.0 (TP: 2775.0, SL: 2735.0) sukses dieksekusi.
[2026-10-05 11:26:33] [INFO] [mt5_bridge:1050] - 🤖 [SIMULASI] Order MT5 #100004 BUY XAUUSD (0.01 lot) @ 2750.0 (TP: 2775.0, SL: 2735.0) sukses dieksekusi.
[2026-10-05 11:26:33] [INFO] [mt5_bridge:1050] - 🤖 [SIMULASI] Order MT5 #100005 BUY XAUUSD (0.08 lot) @ 2750.0 (TP: 2775.0, SL: 2735.0) sukses dieksekusi.
[2026-10-05 11:26:33] [INFO] [mt5_bridge:801] - Eksekusi MT5 dilewati: Di luar jam aktif trading (19:00-23:00 WIB). Waktu saat ini: 12:00 WIB.
[2026-10-05 11:26:33] [INFO] [mt5_bridge:1050] - 🤖 [SIMULASI] Order MT5 #100006 BUY XAUUSD (0.08 lot) @ 2750.0 (TP: 2775.0, SL: 2735.0) sukses dieksekusi.
[2026-10-05 11:26:33] [INFO] [mt5_bridge:1050] - 🤖 [SIMULASI] Order MT5 #100007 BUY XAUUSD (0.08 lot) @ 2750.0 (TP: 2775.0, SL: 2735.0) sukses dieksekusi.
[2026-10-05 11:26:33] [INFO] [mt5_bridge:968] - ⛔ Penumpukan Posisi Dicegah: Sudah ada posisi XAUUSD aktif di area harga ini (jarak harga saat ini $0.00 < minimal grid spacing $1.00 USD). Menjaga modal dari risiko over-exposure di titik harga yang sama.
[2026-10-05 11:26:33] [INFO] [mt5_bridge:968] - ⛔ Penumpukan Posisi Dicegah: Sudah ada posisi XAUUSD aktif di area harga ini (jarak harga saat ini $0.50 < minimal grid spacing $1.00 USD). Menjaga modal dari risiko over-exposure di titik harga yang sama.
[2026-10-05 11:26:33] [INFO] [telegram_bot:84] - Telegram Notifier siap dalam mode Live.
[2026-10-05 11:26:33] [INFO] [scheduler:1456] - 🔄 [REVERSAL FLIP AUTHORIZED] Sinyal pembalikan BUY XAUUSD (Skor: 95.0%) diizinkan melewati Anti-Hedging Guard untuk pembalikan arah (Cut Loss posisi lawan & Masuk BUY)!
[2026-10-05 11:26:33] [INFO] [mt5_bridge:887] - 🔄 [REVERSAL FLIP 90-100% 9 BUKU PDF] Terdeteksi sinyal pembalikan arah BUY super kuat (Skor: 95.0% >= 90.0%). Menutup posisi lawan [#99999 (SELL @ 2750.0)] untuk cut loss & flip ke BUY!
[2026-10-05 11:26:33] [INFO] [mt5_bridge:1050] - 🤖 [SIMULASI] Order MT5 #100008 BUY XAUUSD (0.08 lot) @ 2755.0 (TP: 2780.0, SL: 2740.0) sukses dieksekusi.
[2026-10-05 11:26:33] [INFO] [mt5_bridge:1022] - 🛡️ [USD STANDARD FILTER] Sinyal XAUUSD BUY adalah sinyal standar/kurang bagus (Skor 70%, Grade A). Sesuai arahan pengguna: Akun Standard USD DILARANG masuk pada sinyal 0.01 standar. HANYA masuk pada sinyal Grade A+ (0.05 lot bagus). Order dilewati demi melindungi modal USD!
[2026-10-05 11:26:33] [INFO] [mt5_bridge:1029] - 💎 [USD HIGH GRADE] Sinyal Grade A+ (85%) untuk Akun Standard USD: Membuka posisi disiplin 0.01 Lot.
[2026-10-05 11:26:33] [INFO] [mt5_bridge:1050] - 🤖 [SIMULASI] Order MT5 #100009 BUY XAUUSD (0.01 lot) @ 2750.0 (TP: 2775.0, SL: 2735.0) sukses dieksekusi.
[2026-10-05 11:26:33] [INFO] [mt5_bridge:951] - Batas posisi tercapai (1/1 posisi XAUUSD aktif di MT5). Mode: CENT USC Disiplin (Maks 1 Posisi). Menunggu posisi selesai (TP/SL) sebelum membuka posisi baru.
[2026-10-05 11:26:33] [INFO] [mt5_bridge:1050] - 🤖 [SIMULASI] Order MT5 #100010 BUY XAUUSD (0.08 lot) @ 2750.0 (TP: 2775.0, SL: 2735.0) sukses dieksekusi.
[2026-10-05 11:26:33] [INFO] [telegram_bot:84] - Telegram Notifier siap dalam mode Live.
[2026-10-05 11:26:33] [INFO] [mt5_bridge:205] - 🟢 Reversal Cooldown MT5 dihapus. Trading XAU/USD kembali normal.
[2026-10-05 11:26:33] [INFO] [mt5_bridge:175] - ⏸️ Reversal Cooldown MT5 diaktifkan selama 30 menit (sampai 11:56 WIB). Alasan: Uji Coba Reversal
[2026-10-05 11:26:33] [INFO] [mt5_bridge:205] - 🟢 Reversal Cooldown MT5 dihapus. Trading XAU/USD kembali normal.
[2026-10-05 11:26:34] [INFO] [telegram_bot:84] - Telegram Notifier siap dalam mode Live.
[2026-10-05 11:26:34] [INFO] [telegram_bot:84] - Telegram Notifier siap dalam mode Live.
[2026-10-05 11:26:34] [INFO] [fetcher:249] - Mengambil data BBCA.JK (interval=1d, period=1y, start=None, end=None) - Percobaan 1/3
[2026-10-05 11:26:34] [INFO] [fetcher:268] - Sukses mengambil 239 bar data untuk BBCA.JK (2025-10-06 s/d 2026-10-05 00:00)
[2026-10-05 11:26:34] [INFO] [storage:329] - Berhasil menyimpan 239 baris data OHLCV untuk BBCA.JK (1d).
[2026-10-05 11:26:34] [INFO] [fetcher:249] - Mengambil data BBCA.JK (interval=15m, period=5d, start=None, end=None) - Percobaan 1/3
[2026-10-05 11:26:34] [INFO] [fetcher:268] - Sukses mengambil 98 bar data untuk BBCA.JK (2026-09-29 s/d 2026-10-05 11:15)
[2026-10-05 11:26:34] [INFO] [storage:329] - Berhasil menyimpan 98 baris data OHLCV untuk BBCA.JK (15m).
[2026-10-05 11:26:35] [INFO] [backtester:382] - Grafik equity curve tersimpan di: D:\bot saham\reports\backtest_BBCA_Default_RSI_EMA_Volume.png
[2026-10-05 11:26:36] [INFO] [backtester:382] - Grafik equity curve tersimpan di: D:\bot saham\reports\backtest_BBCA_EMA_Golden_Cross.png
[2026-10-05 11:26:36] [INFO] [backtester:398] - Memulai parameter sweep untuk BBCA.JK...
[2026-10-05 11:26:45] [WARNING] [telegram_bot:79] - Kredensial Telegram (TELEGRAM_BOT_TOKEN / TELEGRAM_CHAT_ID) belum disetel di .env. Berjalan dalam mode Simulasi (Mock Mode) - pesan akan dicetak ke log.
[2026-10-05 11:26:45] [INFO] [storage:453] - Sinyal BUY untuk BBCA.JK tersimpan (ID: 135).
[2026-10-05 11:26:45] [INFO] [storage:453] - Sinyal SELL untuk BBRI.JK tersimpan (ID: 136).
[2026-10-05 11:26:45] [INFO] [telegram_bot:244] - [SIMULASI TELEGRAM]
🟢 <b>SINYAL ENTRY (MASUK / BUY): BBCA</b>
📍 <b>Harga Entry:</b> <code>Rp 6,275</code>
⏱️ <b>11:26 WIB</b> | RSI: <b>28.4</b> | Vol: <b>1.8x</b>
💡 <i>RSI Oversold</i>
[2026-10-05 11:26:45] [INFO] [telegram_bot:244] - [SIMULASI TELEGRAM]
🟢 <b>SINYAL ENTRY (MASUK / BUY): BBCA</b>
📍 <b>Harga Entry:</b> <code>Rp 6,275</code>
⏱️ <b>11:26 WIB</b> | RSI: <b>28.4</b> | Vol: <b>1.8x</b>
💡 <i>RSI Oversold</i>
[2026-10-05 11:26:45] [INFO] [telegram_bot:84] - Telegram Notifier siap dalam mode Live.
[2026-10-05 11:26:45] [INFO] [storage:453] - Sinyal BUY untuk DUMMY_1791174405303.JK tersimpan (ID: 642).
[2026-10-05 11:26:45] [INFO] [scheduler:174] - === Memulai Siklus Pipeline Analisis Saham & Komoditas ===
[2026-10-05 11:26:45] [INFO] [scheduler:182] - Status Pasar: IDX=BUKA | GOLD=BUKA
[2026-10-05 11:26:45] [INFO] [scheduler:203] - Mode Trading: INTRADAY (Interval: 15m, Watchlist: 2)
[2026-10-05 11:26:45] [INFO] [scheduler:238] - Memproses BBCA.JK...
[2026-10-05 11:26:45] [INFO] [fetcher:249] - Mengambil data BBCA.JK (interval=15m, period=60d, start=None, end=None) - Percobaan 1/3
[2026-10-05 11:26:45] [INFO] [fetcher:179] - Sukses mengambil 100 bar Spot Gold langsung dari terminal MT5 (XAUUSDc).
[2026-10-05 11:26:45] [INFO] [storage:329] - Berhasil menyimpan 100 baris data OHLCV untuk XAUUSD (15m).
[2026-10-05 11:26:45] [INFO] [fetcher:268] - Sukses mengambil 1273 bar data untuk BBCA.JK (2026-07-14 s/d 2026-10-05 11:15)
[2026-10-05 11:26:45] [INFO] [storage:329] - Berhasil menyimpan 1273 baris data OHLCV untuk BBCA.JK (15m).
[2026-10-05 11:26:46] [INFO] [scheduler:238] - Memproses BBRI.JK...
[2026-10-05 11:26:46] [INFO] [fetcher:249] - Mengambil data BBRI.JK (interval=15m, period=60d, start=None, end=None) - Percobaan 1/3
[2026-10-05 11:26:46] [INFO] [fetcher:268] - Sukses mengambil 1273 bar data untuk BBRI.JK (2026-07-14 s/d 2026-10-05 11:15)
[2026-10-05 11:26:46] [INFO] [storage:329] - Berhasil menyimpan 1273 baris data OHLCV untuk BBRI.JK (15m).
[2026-10-05 11:26:48] [INFO] [fetcher:118] - Sukses mengambil 101 bar Spot Gold (XAU/USD) dari direct spot feed (2026-10-02 09:15 s/d 2026-10-05 11:15)
[2026-10-05 11:26:48] [INFO] [storage:329] - Berhasil menyimpan 101 baris data OHLCV untuk XAUUSD (15m).
[2026-10-05 11:26:48] [INFO] [scheduler:613] - === Pipeline Selesai: 2 saham diproses, 0 sinyal aktif, 0 notifikasi terkirim ===
[2026-10-05 11:26:48] [INFO] [storage:329] - Berhasil menyimpan 5 baris data OHLCV untuk BBCA.JK (1d).
[2026-10-05 11:26:48] [INFO] [storage:453] - Sinyal BUY untuk BBCA.JK tersimpan (ID: 1).
[2026-10-05 11:26:48] [INFO] [storage:453] - Sinyal BUY untuk BBCA.JK tersimpan (ID: 1).
[2026-10-05 11:26:48] [INFO] [storage:453] - Sinyal SELL untuk GC=F tersimpan (ID: 2).
[2026-10-05 11:26:48] [INFO] [storage:608] - 🎯 Sinyal #1 BUY BBCA.JK terselesaikan: WIN @ 105.0 (PnL: +5.00%) pada 2026-01-01 12:00:00
[2026-10-05 11:26:48] [INFO] [storage:608] - 🎯 Sinyal #2 SELL GC=F terselesaikan: WIN @ 2680.0 (PnL: +0.74%) pada 2026-01-01 12:00:00
[2026-10-05 11:26:49] [INFO] [telegram_bot:84] - Telegram Notifier siap dalam mode Live.
[2026-10-05 11:26:49] [INFO] [telegram_bot:84] - Telegram Notifier siap dalam mode Live.
[2026-10-05 11:26:49] [INFO] [telegram_bot:84] - Telegram Notifier siap dalam mode Live.
[2026-10-05 11:26:49] [INFO] [telegram_bot:84] - Telegram Notifier siap dalam mode Live.
[2026-10-05 11:26:49] [INFO] [telegram_bot:84] - Telegram Notifier siap dalam mode Live.
[2026-10-05 11:27:00] [INFO] [fetcher:179] - Sukses mengambil 100 bar Spot Gold langsung dari terminal MT5 (XAUUSDc).
[2026-10-05 11:27:00] [INFO] [storage:329] - Berhasil menyimpan 100 baris data OHLCV untuk XAUUSD (15m).
[2026-10-05 11:27:15] [INFO] [fetcher:179] - Sukses mengambil 100 bar Spot Gold langsung dari terminal MT5 (XAUUSDc).
[2026-10-05 11:27:15] [INFO] [storage:329] - Berhasil menyimpan 100 baris data OHLCV untuk XAUUSD (15m).
[2026-10-05 11:27:30] [INFO] [fetcher:179] - Sukses mengambil 100 bar Spot Gold langsung dari terminal MT5 (XAUUSDc).
[2026-10-05 11:27:30] [INFO] [fetcher:179] - Sukses mengambil 100 bar Spot Gold langsung dari terminal MT5 (XAUUSDc).
[2026-10-05 11:27:30] [INFO] [storage:329] - Berhasil menyimpan 100 baris data OHLCV untuk XAUUSD (15m).
[2026-10-05 11:27:30] [INFO] [storage:329] - Berhasil menyimpan 100 baris data OHLCV untuk XAUUSD (15m).
[2026-10-05 11:27:45] [INFO] [fetcher:179] - Sukses mengambil 100 bar Spot Gold langsung dari terminal MT5 (XAUUSDc).
[2026-10-05 11:27:45] [INFO] [storage:329] - Berhasil menyimpan 100 baris data OHLCV untuk XAUUSD (15m).
[2026-10-05 11:28:02] [INFO] [telegram_bot:84] - Telegram Notifier siap dalam mode Live.
[2026-10-05 11:28:02] [INFO] [main:291] - Git Auto-Puller aktif: memeriksa commit origin/main tiap 5 menit.
[2026-10-05 11:28:02] [INFO] [main:294] - BackgroundScheduler aktif (interval: 15m, news: 1m, MT5 watcher: 15s LIVE, git auto-pull: 5m).
[2026-10-05 11:28:02] [INFO] [telegram_bot:84] - Telegram Notifier siap dalam mode Live.
[2026-10-05 11:28:02] [INFO] [main:318] - Telegram Bot Polling listener berjalan di main thread...
[2026-10-05 11:28:02] [INFO] [economic_calendar:123] - Berhasil mengunduh 79 event dari Forex Factory.
[2026-10-05 11:28:02] [INFO] [economic_calendar:305] - Kalender ekonomi berhasil disinkronisasi: 10 event tersimpan.
[2026-10-05 11:28:02] [INFO] [scheduler:174] - === Memulai Siklus Pipeline Analisis Saham & Komoditas ===
[2026-10-05 11:28:02] [INFO] [mt5_bridge:91] - MT5Bridge diinisialisasi. Enabled: True, Hours: all, Platform: win32, Lib Available: True
[2026-10-05 11:28:02] [INFO] [mt5_bridge:106] - Ditemukan instalasi terminal MT5 di: C:\Program Files\MetaTrader 5\terminal64.exe
[2026-10-05 11:28:02] [INFO] [mt5_bridge:508] - Koneksi MT5 aktif! Akun #114202389 (HFMarketsGlobal-Live7 - Real | Cent (USC)) | Saldo: 101.72 USC (~ $1.02 USD)
[2026-10-05 11:28:02] [INFO] [telegram_bot:84] - Telegram Notifier siap dalam mode Live.
[2026-10-05 11:28:02] [INFO] [fetcher:179] - Sukses mengambil 100 bar Spot Gold langsung dari terminal MT5 (XAUUSDc).
[2026-10-05 11:28:02] [INFO] [storage:329] - Berhasil menyimpan 100 baris data OHLCV untuk XAUUSD (15m).
[2026-10-05 11:28:03] [INFO] [scheduler:182] - Status Pasar: IDX=BUKA | GOLD=BUKA
[2026-10-05 11:28:03] [INFO] [scheduler:203] - Mode Trading: INTRADAY (Interval: 15m, Watchlist: 28)
[2026-10-05 11:28:03] [INFO] [scheduler:238] - Memproses XAUUSD...
[2026-10-05 11:28:03] [INFO] [fetcher:179] - Sukses mengambil 100 bar Spot Gold langsung dari terminal MT5 (XAUUSDc).
[2026-10-05 11:28:03] [INFO] [storage:329] - Berhasil menyimpan 100 baris data OHLCV untuk XAUUSD (15m).
[2026-10-05 11:28:03] [INFO] [scheduler:238] - Memproses BBCA.JK...
[2026-10-05 11:28:03] [INFO] [fetcher:249] - Mengambil data BBCA.JK (interval=15m, period=60d, start=None, end=None) - Percobaan 1/3
[2026-10-05 11:28:03] [INFO] [fetcher:268] - Sukses mengambil 1273 bar data untuk BBCA.JK (2026-07-14 s/d 2026-10-05 11:15)
[2026-10-05 11:28:04] [INFO] [storage:329] - Berhasil menyimpan 1273 baris data OHLCV untuk BBCA.JK (15m).
[2026-10-05 11:28:05] [INFO] [scheduler:238] - Memproses BBRI.JK...
[2026-10-05 11:28:05] [INFO] [fetcher:249] - Mengambil data BBRI.JK (interval=15m, period=60d, start=None, end=None) - Percobaan 1/3
[2026-10-05 11:28:05] [INFO] [fetcher:268] - Sukses mengambil 1273 bar data untuk BBRI.JK (2026-07-14 s/d 2026-10-05 11:15)
[2026-10-05 11:28:06] [INFO] [storage:329] - Berhasil menyimpan 1273 baris data OHLCV untuk BBRI.JK (15m).
[2026-10-05 11:28:07] [INFO] [scheduler:238] - Memproses BMRI.JK...
[2026-10-05 11:28:07] [INFO] [fetcher:249] - Mengambil data BMRI.JK (interval=15m, period=60d, start=None, end=None) - Percobaan 1/3
[2026-10-05 11:28:07] [INFO] [fetcher:268] - Sukses mengambil 1273 bar data untuk BMRI.JK (2026-07-14 s/d 2026-10-05 11:15)
[2026-10-05 11:28:07] [INFO] [storage:329] - Berhasil menyimpan 1273 baris data OHLCV untuk BMRI.JK (15m).
[2026-10-05 11:28:08] [INFO] [scheduler:238] - Memproses BBNI.JK...
[2026-10-05 11:28:08] [INFO] [fetcher:249] - Mengambil data BBNI.JK (interval=15m, period=60d, start=None, end=None) - Percobaan 1/3
[2026-10-05 11:28:09] [INFO] [fetcher:268] - Sukses mengambil 1273 bar data untuk BBNI.JK (2026-07-14 s/d 2026-10-05 11:15)
[2026-10-05 11:28:09] [INFO] [storage:329] - Berhasil menyimpan 1273 baris data OHLCV untuk BBNI.JK (15m).
[2026-10-05 11:28:10] [INFO] [scheduler:238] - Memproses BRIS.JK...
[2026-10-05 11:28:10] [INFO] [fetcher:249] - Mengambil data BRIS.JK (interval=15m, period=60d, start=None, end=None) - Percobaan 1/3
[2026-10-05 11:28:11] [INFO] [fetcher:268] - Sukses mengambil 1273 bar data untuk BRIS.JK (2026-07-14 s/d 2026-10-05 11:15)
[2026-10-05 11:28:11] [INFO] [storage:329] - Berhasil menyimpan 1273 baris data OHLCV untuk BRIS.JK (15m).
[2026-10-05 11:28:12] [INFO] [scheduler:238] - Memproses ASII.JK...
[2026-10-05 11:28:12] [INFO] [fetcher:249] - Mengambil data ASII.JK (interval=15m, period=60d, start=None, end=None) - Percobaan 1/3
[2026-10-05 11:28:12] [INFO] [fetcher:268] - Sukses mengambil 1273 bar data untuk ASII.JK (2026-07-14 s/d 2026-10-05 11:15)
[2026-10-05 11:28:12] [INFO] [storage:329] - Berhasil menyimpan 1273 baris data OHLCV untuk ASII.JK (15m).
[2026-10-05 11:28:13] [INFO] [scheduler:238] - Memproses TLKM.JK...
[2026-10-05 11:28:13] [INFO] [fetcher:249] - Mengambil data TLKM.JK (interval=15m, period=60d, start=None, end=None) - Percobaan 1/3
[2026-10-05 11:28:14] [INFO] [fetcher:268] - Sukses mengambil 1273 bar data untuk TLKM.JK (2026-07-14 s/d 2026-10-05 11:15)
[2026-10-05 11:28:14] [INFO] [storage:329] - Berhasil menyimpan 1273 baris data OHLCV untuk TLKM.JK (15m).
[2026-10-05 11:28:15] [INFO] [scheduler:238] - Memproses ADRO.JK...
[2026-10-05 11:28:15] [INFO] [fetcher:249] - Mengambil data ADRO.JK (interval=15m, period=60d, start=None, end=None) - Percobaan 1/3
[2026-10-05 11:28:15] [INFO] [fetcher:268] - Sukses mengambil 1273 bar data untuk ADRO.JK (2026-07-14 s/d 2026-10-05 11:15)
[2026-10-05 11:28:15] [INFO] [storage:329] - Berhasil menyimpan 1273 baris data OHLCV untuk ADRO.JK (15m).
[2026-10-05 11:28:17] [INFO] [scheduler:238] - Memproses MEDC.JK...
[2026-10-05 11:28:17] [INFO] [fetcher:249] - Mengambil data MEDC.JK (interval=15m, period=60d, start=None, end=None) - Percobaan 1/3
[2026-10-05 11:28:17] [INFO] [fetcher:268] - Sukses mengambil 1273 bar data untuk MEDC.JK (2026-07-14 s/d 2026-10-05 11:15)
[2026-10-05 11:28:17] [INFO] [storage:329] - Berhasil menyimpan 1273 baris data OHLCV untuk MEDC.JK (15m).
[2026-10-05 11:28:17] [INFO] [fetcher:179] - Sukses mengambil 100 bar Spot Gold langsung dari terminal MT5 (XAUUSDc).
[2026-10-05 11:28:19] [INFO] [storage:329] - Berhasil menyimpan 100 baris data OHLCV untuk XAUUSD (15m).
[2026-10-05 11:28:20] [INFO] [scheduler:238] - Memproses PTBA.JK...
[2026-10-05 11:28:20] [INFO] [fetcher:249] - Mengambil data PTBA.JK (interval=15m, period=60d, start=None, end=None) - Percobaan 1/3
[2026-10-05 11:28:20] [INFO] [fetcher:268] - Sukses mengambil 1273 bar data untuk PTBA.JK (2026-07-14 s/d 2026-10-05 11:15)
[2026-10-05 11:28:20] [INFO] [storage:329] - Berhasil menyimpan 1273 baris data OHLCV untuk PTBA.JK (15m).
[2026-10-05 11:28:21] [INFO] [scheduler:238] - Memproses AKRA.JK...
[2026-10-05 11:28:21] [INFO] [fetcher:249] - Mengambil data AKRA.JK (interval=15m, period=60d, start=None, end=None) - Percobaan 1/3
[2026-10-05 11:28:21] [INFO] [fetcher:268] - Sukses mengambil 1273 bar data untuk AKRA.JK (2026-07-14 s/d 2026-10-05 11:15)
[2026-10-05 11:28:21] [INFO] [storage:329] - Berhasil menyimpan 1273 baris data OHLCV untuk AKRA.JK (15m).
[2026-10-05 11:28:22] [INFO] [scheduler:238] - Memproses PGAS.JK...
[2026-10-05 11:28:22] [INFO] [fetcher:249] - Mengambil data PGAS.JK (interval=15m, period=60d, start=None, end=None) - Percobaan 1/3
[2026-10-05 11:28:23] [INFO] [fetcher:268] - Sukses mengambil 1273 bar data untuk PGAS.JK (2026-07-14 s/d 2026-10-05 11:15)
[2026-10-05 11:28:23] [INFO] [storage:329] - Berhasil menyimpan 1273 baris data OHLCV untuk PGAS.JK (15m).
[2026-10-05 11:28:24] [INFO] [scheduler:238] - Memproses ANTM.JK...
[2026-10-05 11:28:24] [INFO] [fetcher:249] - Mengambil data ANTM.JK (interval=15m, period=60d, start=None, end=None) - Percobaan 1/3
[2026-10-05 11:28:25] [INFO] [fetcher:268] - Sukses mengambil 1273 bar data untuk ANTM.JK (2026-07-14 s/d 2026-10-05 11:15)
[2026-10-05 11:28:25] [INFO] [storage:329] - Berhasil menyimpan 1273 baris data OHLCV untuk ANTM.JK (15m).
[2026-10-05 11:28:26] [INFO] [scheduler:238] - Memproses MDKA.JK...
[2026-10-05 11:28:26] [INFO] [fetcher:249] - Mengambil data MDKA.JK (interval=15m, period=60d, start=None, end=None) - Percobaan 1/3
[2026-10-05 11:28:26] [INFO] [fetcher:268] - Sukses mengambil 1273 bar data untuk MDKA.JK (2026-07-14 s/d 2026-10-05 11:15)
[2026-10-05 11:28:26] [INFO] [storage:329] - Berhasil menyimpan 1273 baris data OHLCV untuk MDKA.JK (15m).
[2026-10-05 11:28:27] [INFO] [scheduler:238] - Memproses INCO.JK...
[2026-10-05 11:28:27] [INFO] [fetcher:249] - Mengambil data INCO.JK (interval=15m, period=60d, start=None, end=None) - Percobaan 1/3
[2026-10-05 11:28:27] [INFO] [fetcher:268] - Sukses mengambil 1272 bar data untuk INCO.JK (2026-07-14 s/d 2026-10-05 11:00)
[2026-10-05 11:28:27] [INFO] [storage:329] - Berhasil menyimpan 1272 baris data OHLCV untuk INCO.JK (15m).
[2026-10-05 11:28:28] [INFO] [scheduler:238] - Memproses TINS.JK...
[2026-10-05 11:28:28] [INFO] [fetcher:249] - Mengambil data TINS.JK (interval=15m, period=60d, start=None, end=None) - Percobaan 1/3
[2026-10-05 11:28:28] [INFO] [fetcher:268] - Sukses mengambil 1273 bar data untuk TINS.JK (2026-07-14 s/d 2026-10-05 11:15)
[2026-10-05 11:28:28] [INFO] [storage:329] - Berhasil menyimpan 1273 baris data OHLCV untuk TINS.JK (15m).
[2026-10-05 11:28:30] [INFO] [scheduler:238] - Memproses BRMS.JK...
[2026-10-05 11:28:30] [INFO] [fetcher:249] - Mengambil data BRMS.JK (interval=15m, period=60d, start=None, end=None) - Percobaan 1/3
[2026-10-05 11:28:30] [INFO] [fetcher:268] - Sukses mengambil 1273 bar data untuk BRMS.JK (2026-07-14 s/d 2026-10-05 11:15)
[2026-10-05 11:28:30] [INFO] [storage:329] - Berhasil menyimpan 1273 baris data OHLCV untuk BRMS.JK (15m).
[2026-10-05 11:28:31] [INFO] [scheduler:238] - Memproses BREN.JK...
[2026-10-05 11:28:31] [INFO] [fetcher:249] - Mengambil data BREN.JK (interval=15m, period=60d, start=None, end=None) - Percobaan 1/3
[2026-10-05 11:28:31] [INFO] [fetcher:268] - Sukses mengambil 1273 bar data untuk BREN.JK (2026-07-14 s/d 2026-10-05 11:15)
[2026-10-05 11:28:31] [INFO] [storage:329] - Berhasil menyimpan 1273 baris data OHLCV untuk BREN.JK (15m).
[2026-10-05 11:28:33] [INFO] [fetcher:179] - Sukses mengambil 100 bar Spot Gold langsung dari terminal MT5 (XAUUSDc).
[2026-10-05 11:28:33] [INFO] [scheduler:238] - Memproses BRPT.JK...
[2026-10-05 11:28:33] [INFO] [storage:329] - Berhasil menyimpan 100 baris data OHLCV untuk XAUUSD (15m).
[2026-10-05 11:28:33] [INFO] [fetcher:249] - Mengambil data BRPT.JK (interval=15m, period=60d, start=None, end=None) - Percobaan 1/3
[2026-10-05 11:28:34] [INFO] [fetcher:268] - Sukses mengambil 1273 bar data untuk BRPT.JK (2026-07-14 s/d 2026-10-05 11:15)
[2026-10-05 11:28:34] [INFO] [storage:329] - Berhasil menyimpan 1273 baris data OHLCV untuk BRPT.JK (15m).
[2026-10-05 11:28:35] [INFO] [scheduler:238] - Memproses AMMN.JK...
[2026-10-05 11:28:35] [INFO] [fetcher:249] - Mengambil data AMMN.JK (interval=15m, period=60d, start=None, end=None) - Percobaan 1/3
[2026-10-05 11:28:35] [INFO] [fetcher:268] - Sukses mengambil 1274 bar data untuk AMMN.JK (2026-07-14 s/d 2026-10-05 11:15)
[2026-10-05 11:28:35] [INFO] [storage:329] - Berhasil menyimpan 1274 baris data OHLCV untuk AMMN.JK (15m).
[2026-10-05 11:28:36] [INFO] [scheduler:238] - Memproses CUAN.JK...
[2026-10-05 11:28:36] [INFO] [fetcher:249] - Mengambil data CUAN.JK (interval=15m, period=60d, start=None, end=None) - Percobaan 1/3
[2026-10-05 11:28:36] [INFO] [fetcher:268] - Sukses mengambil 1273 bar data untuk CUAN.JK (2026-07-14 s/d 2026-10-05 11:15)
[2026-10-05 11:28:36] [INFO] [storage:329] - Berhasil menyimpan 1273 baris data OHLCV untuk CUAN.JK (15m).
[2026-10-05 11:28:37] [INFO] [scheduler:238] - Memproses ICBP.JK...
[2026-10-05 11:28:37] [INFO] [fetcher:249] - Mengambil data ICBP.JK (interval=15m, period=60d, start=None, end=None) - Percobaan 1/3
[2026-10-05 11:28:37] [INFO] [fetcher:268] - Sukses mengambil 1273 bar data untuk ICBP.JK (2026-07-14 s/d 2026-10-05 11:15)
[2026-10-05 11:28:37] [INFO] [storage:329] - Berhasil menyimpan 1273 baris data OHLCV untuk ICBP.JK (15m).
[2026-10-05 11:28:38] [INFO] [scheduler:238] - Memproses AMRT.JK...
[2026-10-05 11:28:38] [INFO] [fetcher:249] - Mengambil data AMRT.JK (interval=15m, period=60d, start=None, end=None) - Percobaan 1/3
[2026-10-05 11:28:38] [INFO] [fetcher:268] - Sukses mengambil 1273 bar data untuk AMRT.JK (2026-07-14 s/d 2026-10-05 11:15)
[2026-10-05 11:28:38] [INFO] [storage:329] - Berhasil menyimpan 1273 baris data OHLCV untuk AMRT.JK (15m).
[2026-10-05 11:28:39] [INFO] [scheduler:238] - Memproses MYOR.JK...
[2026-10-05 11:28:39] [INFO] [fetcher:249] - Mengambil data MYOR.JK (interval=15m, period=60d, start=None, end=None) - Percobaan 1/3
[2026-10-05 11:28:39] [INFO] [fetcher:268] - Sukses mengambil 1273 bar data untuk MYOR.JK (2026-07-14 s/d 2026-10-05 11:15)
[2026-10-05 11:28:39] [INFO] [storage:329] - Berhasil menyimpan 1273 baris data OHLCV untuk MYOR.JK (15m).
[2026-10-05 11:28:40] [INFO] [scheduler:238] - Memproses ACES.JK...
[2026-10-05 11:28:40] [INFO] [fetcher:249] - Mengambil data ACES.JK (interval=15m, period=60d, start=None, end=None) - Percobaan 1/3
[2026-10-05 11:28:41] [INFO] [fetcher:268] - Sukses mengambil 1271 bar data untuk ACES.JK (2026-07-14 s/d 2026-10-05 11:00)
[2026-10-05 11:28:41] [INFO] [storage:329] - Berhasil menyimpan 1271 baris data OHLCV untuk ACES.JK (15m).
[2026-10-05 11:28:41] [INFO] [scheduler:238] - Memproses GOTO.JK...
[2026-10-05 11:28:41] [INFO] [fetcher:249] - Mengambil data GOTO.JK (interval=15m, period=60d, start=None, end=None) - Percobaan 1/3
[2026-10-05 11:28:42] [INFO] [fetcher:268] - Sukses mengambil 1272 bar data untuk GOTO.JK (2026-07-14 s/d 2026-10-05 11:15)
[2026-10-05 11:28:42] [INFO] [storage:329] - Berhasil menyimpan 1272 baris data OHLCV untuk GOTO.JK (15m).
[2026-10-05 11:28:43] [INFO] [scheduler:238] - Memproses ARTO.JK...
[2026-10-05 11:28:43] [INFO] [fetcher:249] - Mengambil data ARTO.JK (interval=15m, period=60d, start=None, end=None) - Percobaan 1/3
[2026-10-05 11:28:43] [INFO] [fetcher:268] - Sukses mengambil 1273 bar data untuk ARTO.JK (2026-07-14 s/d 2026-10-05 11:15)
[2026-10-05 11:28:43] [INFO] [storage:329] - Berhasil menyimpan 1273 baris data OHLCV untuk ARTO.JK (15m).
[2026-10-05 11:28:45] [INFO] [fetcher:179] - Sukses mengambil 100 bar Spot Gold langsung dari terminal MT5 (XAUUSDc).
[2026-10-05 11:28:45] [INFO] [storage:329] - Berhasil menyimpan 100 baris data OHLCV untuk XAUUSD (15m).
[2026-10-05 11:28:45] [INFO] [scheduler:613] - === Pipeline Selesai: 28 saham diproses, 0 sinyal aktif, 0 notifikasi terkirim ===
[2026-10-05 11:28:47] [INFO] [fetcher:179] - Sukses mengambil 100 bar Spot Gold langsung dari terminal MT5 (XAUUSDc).
[2026-10-05 11:28:47] [INFO] [storage:329] - Berhasil menyimpan 100 baris data OHLCV untuk XAUUSD (15m).
[2026-10-05 11:29:02] [INFO] [fetcher:179] - Sukses mengambil 100 bar Spot Gold langsung dari terminal MT5 (XAUUSDc).
[2026-10-05 11:29:02] [INFO] [fetcher:179] - Sukses mengambil 100 bar Spot Gold langsung dari terminal MT5 (XAUUSDc).
[2026-10-05 11:29:02] [INFO] [storage:329] - Berhasil menyimpan 100 baris data OHLCV untuk XAUUSD (15m).
[2026-10-05 11:29:02] [INFO] [storage:329] - Berhasil menyimpan 100 baris data OHLCV untuk XAUUSD (15m).
[2026-10-05 11:29:17] [INFO] [fetcher:179] - Sukses mengambil 100 bar Spot Gold langsung dari terminal MT5 (XAUUSDc).
[2026-10-05 11:29:17] [INFO] [storage:329] - Berhasil menyimpan 100 baris data OHLCV untuk XAUUSD (15m).
[2026-10-05 11:29:32] [INFO] [fetcher:179] - Sukses mengambil 100 bar Spot Gold langsung dari terminal MT5 (XAUUSDc).
[2026-10-05 11:29:32] [INFO] [storage:329] - Berhasil menyimpan 100 baris data OHLCV untuk XAUUSD (15m).
[2026-10-05 11:29:47] [INFO] [fetcher:179] - Sukses mengambil 100 bar Spot Gold langsung dari terminal MT5 (XAUUSDc).
[2026-10-05 11:29:47] [INFO] [storage:329] - Berhasil menyimpan 100 baris data OHLCV untuk XAUUSD (15m).
[2026-10-05 11:30:02] [INFO] [fetcher:179] - Sukses mengambil 100 bar Spot Gold langsung dari terminal MT5 (XAUUSDc).
[2026-10-05 11:30:02] [INFO] [fetcher:179] - Sukses mengambil 100 bar Spot Gold langsung dari terminal MT5 (XAUUSDc).
[2026-10-05 11:30:02] [INFO] [storage:329] - Berhasil menyimpan 100 baris data OHLCV untuk XAUUSD (15m).
[2026-10-05 11:30:02] [INFO] [storage:329] - Berhasil menyimpan 100 baris data OHLCV untuk XAUUSD (15m).
[2026-10-05 11:30:17] [INFO] [fetcher:179] - Sukses mengambil 100 bar Spot Gold langsung dari terminal MT5 (XAUUSDc).
[2026-10-05 11:30:17] [INFO] [storage:329] - Berhasil menyimpan 100 baris data OHLCV untuk XAUUSD (15m).
[2026-10-05 11:30:32] [INFO] [fetcher:179] - Sukses mengambil 100 bar Spot Gold langsung dari terminal MT5 (XAUUSDc).
[2026-10-05 11:30:32] [INFO] [storage:329] - Berhasil menyimpan 100 baris data OHLCV untuk XAUUSD (15m).
[2026-10-05 11:30:47] [INFO] [fetcher:179] - Sukses mengambil 100 bar Spot Gold langsung dari terminal MT5 (XAUUSDc).
[2026-10-05 11:30:47] [INFO] [storage:329] - Berhasil menyimpan 100 baris data OHLCV untuk XAUUSD (15m).
[2026-10-05 11:31:02] [INFO] [fetcher:179] - Sukses mengambil 100 bar Spot Gold langsung dari terminal MT5 (XAUUSDc).
[2026-10-05 11:31:02] [INFO] [fetcher:179] - Sukses mengambil 100 bar Spot Gold langsung dari terminal MT5 (XAUUSDc).
[2026-10-05 11:31:02] [INFO] [storage:329] - Berhasil menyimpan 100 baris data OHLCV untuk XAUUSD (15m).
[2026-10-05 11:31:02] [INFO] [storage:329] - Berhasil menyimpan 100 baris data OHLCV untuk XAUUSD (15m).
[2026-10-05 11:31:17] [INFO] [fetcher:179] - Sukses mengambil 100 bar Spot Gold langsung dari terminal MT5 (XAUUSDc).
[2026-10-05 11:31:17] [INFO] [storage:329] - Berhasil menyimpan 100 baris data OHLCV untuk XAUUSD (15m).
[2026-10-05 11:31:32] [INFO] [fetcher:179] - Sukses mengambil 100 bar Spot Gold langsung dari terminal MT5 (XAUUSDc).
[2026-10-05 11:31:32] [INFO] [storage:329] - Berhasil menyimpan 100 baris data OHLCV untuk XAUUSD (15m).
[2026-10-05 11:31:47] [INFO] [fetcher:179] - Sukses mengambil 100 bar Spot Gold langsung dari terminal MT5 (XAUUSDc).
[2026-10-05 11:31:47] [INFO] [storage:329] - Berhasil menyimpan 100 baris data OHLCV untuk XAUUSD (15m).
[2026-10-05 11:31:55] [INFO] [telegram_bot:84] - Telegram Notifier siap dalam mode Live.
[2026-10-05 11:31:55] [WARNING] [telegram_bot:79] - Kredensial Telegram (TELEGRAM_BOT_TOKEN / TELEGRAM_CHAT_ID) belum disetel di .env. Berjalan dalam mode Simulasi (Mock Mode) - pesan akan dicetak ke log.
[2026-10-05 11:31:55] [INFO] [telegram_bot:326] - [SIMULASI TELEGRAM DOC] C:\Users\USER\AppData\Local\Temp\pytest-of-USER\pytest-157\test_copier_broadcast_and_docu0\member_copier.zip
📦 <b>UPDATE AUTO-COPIER MT5 (VIP 9 BUKU PDF)</b> 🚀
━━━━━━━━━━━━━━━━━━━━━━
Halo Trader VIP! Master merilis pembaruan Auto-Copier MT5.

✨ <b>FITUR & LOGIKA BARU:</b>
1. 🎯 <b>Retest Entry (Diskon/Premium):</b> Entry posisi terbaik di ayunan bawah/atas S/R & Order Block.
2. ⚖️ <b>Min TP/SL 60 Pips (1:1):</b> Target terkunci minimal 60 pips ($6.00 USD), TP >= SL.
3. 🏛️ <b>Konfirmasi H1 London & Anti-Judas Swing:</b> Filter manipulasi likuiditas sesi London.
4. ⚡ <b>Fast Impulsive Reversal & Auto-Flip:</b> Cut loss dini & membalik arah instan.
5. 🛡️ <b>Anti-Hedging & Auto Filling Mode:</b> Kompatibel FOK/IOC/RETURN (bebas error 10030).

🔄 <b>FITUR AUTO-UPDATE OTOMATIS:</b>
Bagi member yang aplikasinya sedang berjalan, sistem otomatis mengunduh & me-restart sendiri (bebas repot timpa ZIP)!
━━━━━━━━━━━━━━━━━━━━━━
[2026-10-05 11:31:55] [INFO] [telegram_bot:326] - [SIMULASI TELEGRAM DOC] C:\Users\USER\AppData\Local\Temp\pytest-of-USER\pytest-157\test_copier_broadcast_and_docu0\member_copier.zip
📦 <b>UPDATE AUTO-COPIER MT5 (VIP 9 BUKU PDF)</b> 🚀
━━━━━━━━━━━━━━━━━━━━━━
Halo Trader VIP! Master merilis pembaruan Auto-Copier MT5.

✨ <b>FITUR & LOGIKA BARU:</b>
1. 🎯 <b>Retest Entry (Diskon/Premium):</b> Entry posisi terbaik di ayunan bawah/atas S/R & Order Block.
2. ⚖️ <b>Min TP/SL 60 Pips (1:1):</b> Target terkunci minimal 60 pips ($6.00 USD), TP >= SL.
3. 🏛️ <b>Konfirmasi H1 London & Anti-Judas Swing:</b> Filter manipulasi likuiditas sesi London.
4. ⚡ <b>Fast Impulsive Reversal & Auto-Flip:</b> Cut loss dini & membalik arah instan.
5. 🛡️ <b>Anti-Hedging & Auto Filling Mode:</b> Kompatibel FOK/IOC/RETURN (bebas error 10030).

🔄 <b>FITUR AUTO-UPDATE OTOMATIS:</b>
Bagi member yang aplikasinya sedang berjalan, sistem otomatis mengunduh & me-restart sendiri (bebas repot timpa ZIP)!
━━━━━━━━━━━━━━━━━━━━━━
[2026-10-05 11:31:55] [INFO] [telegram_bot:326] - [SIMULASI TELEGRAM DOC] C:\Users\USER\AppData\Local\Temp\pytest-of-USER\pytest-157\test_copier_broadcast_and_docu0\member_copier.zip
Test
[2026-10-05 11:31:55] [ERROR] [auto_updater:98] - Error saat memeriksa update Git: 
[2026-10-05 11:31:55] [INFO] [auto_updater:226] - 🚀 Terdeteksi kodingan baru di GitHub (abc1234 -> def5678). Memulai git pull...
[2026-10-05 11:31:55] [INFO] [auto_updater:230] - ✅ Git pull berhasil! Commit: def5678 - feat: new trailing stop (selobrow)
[2026-10-05 11:31:55] [INFO] [telegram_bot:84] - Telegram Notifier siap dalam mode Live.
[2026-10-05 11:31:55] [INFO] [telegram_bot:84] - Telegram Notifier siap dalam mode Live.
[2026-10-05 11:31:55] [INFO] [telegram_bot:84] - Telegram Notifier siap dalam mode Live.
[2026-10-05 11:31:56] [INFO] [scheduler:174] - === Memulai Siklus Pipeline Analisis Saham & Komoditas ===
[2026-10-05 11:31:56] [INFO] [scheduler:182] - Status Pasar: IDX=TUTUP | GOLD=BUKA
[2026-10-05 11:31:56] [INFO] [scheduler:203] - Mode Trading: INTRADAY (Interval: 15m, Watchlist: 1)
[2026-10-05 11:31:56] [INFO] [scheduler:238] - Memproses XAUUSD...
[2026-10-05 11:31:56] [INFO] [chart_generator:492] - Berhasil membuat chart visual TradingView: data\charts\chart_XAUUSD_15m_20261005_113156_23.png
[2026-10-05 11:31:56] [INFO] [scheduler:537] - 🚀 [AUTO-EXECUTE A+] MT5 Order Sukses: #998877 SELL 0.05 lot @ $3,045.50
[2026-10-05 11:31:56] [INFO] [scheduler:613] - === Pipeline Selesai: 1 saham diproses, 0 sinyal aktif, 1 notifikasi terkirim ===
[2026-10-05 11:31:56] [INFO] [scheduler:174] - === Memulai Siklus Pipeline Analisis Saham & Komoditas ===
[2026-10-05 11:31:56] [INFO] [scheduler:182] - Status Pasar: IDX=TUTUP | GOLD=BUKA
[2026-10-05 11:31:56] [INFO] [scheduler:203] - Mode Trading: INTRADAY (Interval: 15m, Watchlist: 1)
[2026-10-05 11:31:56] [INFO] [scheduler:238] - Memproses XAUUSD...
[2026-10-05 11:31:56] [INFO] [scheduler:613] - === Pipeline Selesai: 1 saham diproses, 0 sinyal aktif, 0 notifikasi terkirim ===
[2026-10-05 11:31:57] [INFO] [chart_generator:492] - Berhasil membuat chart visual TradingView: data\charts\chart_XAUUSD_15m_20261005_113156_95.png
[2026-10-05 11:31:57] [INFO] [chart_generator:492] - Berhasil membuat chart visual TradingView: data\charts\chart_BBCA_JK_1d_20261005_113157_46.png
[2026-10-05 11:32:00] [INFO] [backtester:382] - Grafik equity curve tersimpan di: D:\bot saham\reports\backtest_BBCA_DayTrading_Intraday_Momentum.png
[2026-10-05 11:32:00] [INFO] [backtester:382] - Grafik equity curve tersimpan di: D:\bot saham\reports\backtest_BBCA_Daily_Swing_Pullback.png
[2026-10-05 11:32:00] [INFO] [telegram_bot:84] - Telegram Notifier siap dalam mode Live.
[2026-10-05 11:32:02] [INFO] [fetcher:179] - Sukses mengambil 100 bar Spot Gold langsung dari terminal MT5 (XAUUSDc).
[2026-10-05 11:32:02] [INFO] [fetcher:179] - Sukses mengambil 100 bar Spot Gold langsung dari terminal MT5 (XAUUSDc).
[2026-10-05 11:32:02] [INFO] [storage:329] - Berhasil menyimpan 100 baris data OHLCV untuk XAUUSD (15m).
[2026-10-05 11:32:02] [INFO] [storage:329] - Berhasil menyimpan 100 baris data OHLCV untuk XAUUSD (15m).
[2026-10-05 11:32:03] [INFO] [telegram_bot:84] - Telegram Notifier siap dalam mode Live.
[2026-10-05 11:32:03] [INFO] [fetcher:249] - Mengambil data EURUSD=X (interval=5m, period=1d, start=None, end=None) - Percobaan 1/3
[2026-10-05 11:32:03] [INFO] [fetcher:281] - Menunggu 1.0 detik sebelum retry...
[2026-10-05 11:32:04] [INFO] [fetcher:249] - Mengambil data EURUSD=X (interval=5m, period=1d, start=None, end=None) - Percobaan 2/3
[2026-10-05 11:32:04] [INFO] [fetcher:281] - Menunggu 2.0 detik sebelum retry...
[2026-10-05 11:32:06] [INFO] [fetcher:249] - Mengambil data EURUSD=X (interval=5m, period=1d, start=None, end=None) - Percobaan 3/3
[2026-10-05 11:32:06] [ERROR] [fetcher:284] - Gagal mengambil data EURUSD=X setelah 3 percobaan.
[2026-10-05 11:32:06] [INFO] [mt5_bridge:91] - MT5Bridge diinisialisasi. Enabled: True, Hours: all, Platform: win32, Lib Available: True
[2026-10-05 11:32:06] [WARNING] [mt5_bridge:848] - ❌ Eksekusi MT5 Ditolak: Skor konfluensi 9 Buku PDF (50%) belum tembus batas minimal akurasi (65%). Sinyal tanpa konfluensi 9 PDF dilarang dieksekusi!
[2026-10-05 11:32:06] [INFO] [mt5_bridge:1050] - 🤖 [SIMULASI] Order MT5 #100001 BUY XAUUSD (0.05 lot) @ 2750.0 (TP: 2775.0, SL: 2735.0) sukses dieksekusi.
[2026-10-05 11:32:06] [INFO] [mt5_bridge:1050] - 🤖 [SIMULASI] Order MT5 #100002 SELL XAUUSD (0.01 lot) @ 2760.0 (TP: 2740.0, SL: 2770.0) sukses dieksekusi.
[2026-10-05 11:32:06] [INFO] [mt5_bridge:1050] - 🤖 [SIMULASI] Order MT5 #100003 BUY XAUUSD (0.05 lot) @ 2750.0 (TP: 2775.0, SL: 2735.0) sukses dieksekusi.
[2026-10-05 11:32:06] [INFO] [mt5_bridge:1050] - 🤖 [SIMULASI] Order MT5 #100004 BUY XAUUSD (0.01 lot) @ 2750.0 (TP: 2775.0, SL: 2735.0) sukses dieksekusi.
[2026-10-05 11:32:06] [INFO] [mt5_bridge:1050] - 🤖 [SIMULASI] Order MT5 #100005 BUY XAUUSD (0.08 lot) @ 2750.0 (TP: 2775.0, SL: 2735.0) sukses dieksekusi.
[2026-10-05 11:32:06] [INFO] [mt5_bridge:801] - Eksekusi MT5 dilewati: Di luar jam aktif trading (19:00-23:00 WIB). Waktu saat ini: 12:00 WIB.
[2026-10-05 11:32:06] [INFO] [mt5_bridge:1050] - 🤖 [SIMULASI] Order MT5 #100006 BUY XAUUSD (0.08 lot) @ 2750.0 (TP: 2775.0, SL: 2735.0) sukses dieksekusi.
[2026-10-05 11:32:06] [INFO] [mt5_bridge:1050] - 🤖 [SIMULASI] Order MT5 #100007 BUY XAUUSD (0.08 lot) @ 2750.0 (TP: 2775.0, SL: 2735.0) sukses dieksekusi.
[2026-10-05 11:32:06] [INFO] [mt5_bridge:968] - ⛔ Penumpukan Posisi Dicegah: Sudah ada posisi XAUUSD aktif di area harga ini (jarak harga saat ini $0.00 < minimal grid spacing $1.00 USD). Menjaga modal dari risiko over-exposure di titik harga yang sama.
[2026-10-05 11:32:06] [INFO] [mt5_bridge:968] - ⛔ Penumpukan Posisi Dicegah: Sudah ada posisi XAUUSD aktif di area harga ini (jarak harga saat ini $0.50 < minimal grid spacing $1.00 USD). Menjaga modal dari risiko over-exposure di titik harga yang sama.
[2026-10-05 11:32:06] [INFO] [telegram_bot:84] - Telegram Notifier siap dalam mode Live.
[2026-10-05 11:32:06] [INFO] [scheduler:1456] - 🔄 [REVERSAL FLIP AUTHORIZED] Sinyal pembalikan BUY XAUUSD (Skor: 95.0%) diizinkan melewati Anti-Hedging Guard untuk pembalikan arah (Cut Loss posisi lawan & Masuk BUY)!
[2026-10-05 11:32:06] [INFO] [mt5_bridge:887] - 🔄 [REVERSAL FLIP 90-100% 9 BUKU PDF] Terdeteksi sinyal pembalikan arah BUY super kuat (Skor: 95.0% >= 90.0%). Menutup posisi lawan [#99999 (SELL @ 2750.0)] untuk cut loss & flip ke BUY!
[2026-10-05 11:32:07] [INFO] [mt5_bridge:1050] - 🤖 [SIMULASI] Order MT5 #100008 BUY XAUUSD (0.08 lot) @ 2755.0 (TP: 2780.0, SL: 2740.0) sukses dieksekusi.
[2026-10-05 11:32:07] [INFO] [mt5_bridge:1022] - 🛡️ [USD STANDARD FILTER] Sinyal XAUUSD BUY adalah sinyal standar/kurang bagus (Skor 70%, Grade A). Sesuai arahan pengguna: Akun Standard USD DILARANG masuk pada sinyal 0.01 standar. HANYA masuk pada sinyal Grade A+ (0.05 lot bagus). Order dilewati demi melindungi modal USD!
[2026-10-05 11:32:07] [INFO] [mt5_bridge:1029] - 💎 [USD HIGH GRADE] Sinyal Grade A+ (85%) untuk Akun Standard USD: Membuka posisi disiplin 0.01 Lot.
[2026-10-05 11:32:07] [INFO] [mt5_bridge:1050] - 🤖 [SIMULASI] Order MT5 #100009 BUY XAUUSD (0.01 lot) @ 2750.0 (TP: 2775.0, SL: 2735.0) sukses dieksekusi.
[2026-10-05 11:32:07] [INFO] [mt5_bridge:951] - Batas posisi tercapai (1/1 posisi XAUUSD aktif di MT5). Mode: CENT USC Disiplin (Maks 1 Posisi). Menunggu posisi selesai (TP/SL) sebelum membuka posisi baru.
[2026-10-05 11:32:07] [INFO] [mt5_bridge:1050] - 🤖 [SIMULASI] Order MT5 #100010 BUY XAUUSD (0.08 lot) @ 2750.0 (TP: 2775.0, SL: 2735.0) sukses dieksekusi.
[2026-10-05 11:32:07] [INFO] [telegram_bot:84] - Telegram Notifier siap dalam mode Live.
[2026-10-05 11:32:07] [INFO] [mt5_bridge:205] - 🟢 Reversal Cooldown MT5 dihapus. Trading XAU/USD kembali normal.
[2026-10-05 11:32:07] [INFO] [mt5_bridge:175] - ⏸️ Reversal Cooldown MT5 diaktifkan selama 30 menit (sampai 12:02 WIB). Alasan: Uji Coba Reversal
[2026-10-05 11:32:07] [INFO] [mt5_bridge:205] - 🟢 Reversal Cooldown MT5 dihapus. Trading XAU/USD kembali normal.
[2026-10-05 11:32:07] [INFO] [telegram_bot:84] - Telegram Notifier siap dalam mode Live.
[2026-10-05 11:32:07] [INFO] [telegram_bot:84] - Telegram Notifier siap dalam mode Live.
[2026-10-05 11:32:07] [INFO] [fetcher:249] - Mengambil data BBCA.JK (interval=1d, period=1y, start=None, end=None) - Percobaan 1/3
[2026-10-05 11:32:07] [INFO] [fetcher:268] - Sukses mengambil 239 bar data untuk BBCA.JK (2025-10-06 s/d 2026-10-05 00:00)
[2026-10-05 11:32:07] [INFO] [storage:329] - Berhasil menyimpan 239 baris data OHLCV untuk BBCA.JK (1d).
[2026-10-05 11:32:07] [INFO] [fetcher:249] - Mengambil data BBCA.JK (interval=15m, period=5d, start=None, end=None) - Percobaan 1/3
[2026-10-05 11:32:07] [INFO] [fetcher:268] - Sukses mengambil 98 bar data untuk BBCA.JK (2026-09-29 s/d 2026-10-05 11:15)
[2026-10-05 11:32:07] [INFO] [storage:329] - Berhasil menyimpan 98 baris data OHLCV untuk BBCA.JK (15m).
[2026-10-05 11:32:09] [INFO] [backtester:382] - Grafik equity curve tersimpan di: D:\bot saham\reports\backtest_BBCA_Default_RSI_EMA_Volume.png
[2026-10-05 11:32:09] [INFO] [backtester:382] - Grafik equity curve tersimpan di: D:\bot saham\reports\backtest_BBCA_EMA_Golden_Cross.png
[2026-10-05 11:32:09] [INFO] [backtester:398] - Memulai parameter sweep untuk BBCA.JK...
[2026-10-05 11:32:17] [INFO] [fetcher:179] - Sukses mengambil 100 bar Spot Gold langsung dari terminal MT5 (XAUUSDc).
[2026-10-05 11:32:17] [INFO] [storage:329] - Berhasil menyimpan 100 baris data OHLCV untuk XAUUSD (15m).
[2026-10-05 11:32:18] [WARNING] [telegram_bot:79] - Kredensial Telegram (TELEGRAM_BOT_TOKEN / TELEGRAM_CHAT_ID) belum disetel di .env. Berjalan dalam mode Simulasi (Mock Mode) - pesan akan dicetak ke log.
[2026-10-05 11:32:18] [INFO] [storage:453] - Sinyal BUY untuk BBCA.JK tersimpan (ID: 137).
[2026-10-05 11:32:18] [INFO] [storage:453] - Sinyal SELL untuk BBRI.JK tersimpan (ID: 138).
[2026-10-05 11:32:18] [INFO] [telegram_bot:244] - [SIMULASI TELEGRAM]
🟢 <b>SINYAL ENTRY (MASUK / BUY): BBCA</b>
📍 <b>Harga Entry:</b> <code>Rp 6,275</code>
⏱️ <b>11:32 WIB</b> | RSI: <b>28.4</b> | Vol: <b>1.8x</b>
💡 <i>RSI Oversold</i>
[2026-10-05 11:32:18] [INFO] [telegram_bot:244] - [SIMULASI TELEGRAM]
🟢 <b>SINYAL ENTRY (MASUK / BUY): BBCA</b>
📍 <b>Harga Entry:</b> <code>Rp 6,275</code>
⏱️ <b>11:32 WIB</b> | RSI: <b>28.4</b> | Vol: <b>1.8x</b>
💡 <i>RSI Oversold</i>
[2026-10-05 11:32:18] [INFO] [telegram_bot:84] - Telegram Notifier siap dalam mode Live.
[2026-10-05 11:32:18] [INFO] [storage:453] - Sinyal BUY untuk DUMMY_1791174738415.JK tersimpan (ID: 643).
[2026-10-05 11:32:18] [INFO] [scheduler:174] - === Memulai Siklus Pipeline Analisis Saham & Komoditas ===
[2026-10-05 11:32:18] [INFO] [scheduler:182] - Status Pasar: IDX=TUTUP | GOLD=BUKA
[2026-10-05 11:32:18] [INFO] [scheduler:203] - Mode Trading: INTRADAY (Interval: 15m, Watchlist: 2)
[2026-10-05 11:32:18] [INFO] [scheduler:238] - Memproses BBCA.JK...
[2026-10-05 11:32:18] [INFO] [fetcher:249] - Mengambil data BBCA.JK (interval=15m, period=60d, start=None, end=None) - Percobaan 1/3
[2026-10-05 11:32:18] [INFO] [fetcher:268] - Sukses mengambil 1273 bar data untuk BBCA.JK (2026-07-14 s/d 2026-10-05 11:15)
[2026-10-05 11:32:18] [INFO] [storage:329] - Berhasil menyimpan 1273 baris data OHLCV untuk BBCA.JK (15m).
[2026-10-05 11:32:19] [INFO] [scheduler:238] - Memproses BBRI.JK...
[2026-10-05 11:32:19] [INFO] [fetcher:249] - Mengambil data BBRI.JK (interval=15m, period=60d, start=None, end=None) - Percobaan 1/3
[2026-10-05 11:32:19] [INFO] [fetcher:268] - Sukses mengambil 1273 bar data untuk BBRI.JK (2026-07-14 s/d 2026-10-05 11:15)
[2026-10-05 11:32:19] [INFO] [storage:329] - Berhasil menyimpan 1273 baris data OHLCV untuk BBRI.JK (15m).
[2026-10-05 11:32:21] [INFO] [fetcher:118] - Sukses mengambil 101 bar Spot Gold (XAU/USD) dari direct spot feed (2026-10-02 09:30 s/d 2026-10-05 11:30)
[2026-10-05 11:32:21] [INFO] [storage:329] - Berhasil menyimpan 101 baris data OHLCV untuk XAUUSD (15m).
[2026-10-05 11:32:21] [INFO] [scheduler:613] - === Pipeline Selesai: 2 saham diproses, 0 sinyal aktif, 0 notifikasi terkirim ===
[2026-10-05 11:32:21] [INFO] [storage:329] - Berhasil menyimpan 5 baris data OHLCV untuk BBCA.JK (1d).
[2026-10-05 11:32:21] [INFO] [storage:453] - Sinyal BUY untuk BBCA.JK tersimpan (ID: 1).
[2026-10-05 11:32:22] [INFO] [storage:453] - Sinyal BUY untuk BBCA.JK tersimpan (ID: 1).
[2026-10-05 11:32:22] [INFO] [storage:453] - Sinyal SELL untuk GC=F tersimpan (ID: 2).
[2026-10-05 11:32:22] [INFO] [storage:608] - 🎯 Sinyal #1 BUY BBCA.JK terselesaikan: WIN @ 105.0 (PnL: +5.00%) pada 2026-01-01 12:00:00
[2026-10-05 11:32:22] [INFO] [storage:608] - 🎯 Sinyal #2 SELL GC=F terselesaikan: WIN @ 2680.0 (PnL: +0.74%) pada 2026-01-01 12:00:00
[2026-10-05 11:32:22] [INFO] [telegram_bot:84] - Telegram Notifier siap dalam mode Live.
[2026-10-05 11:32:22] [INFO] [telegram_bot:84] - Telegram Notifier siap dalam mode Live.
[2026-10-05 11:32:22] [INFO] [telegram_bot:84] - Telegram Notifier siap dalam mode Live.
[2026-10-05 11:32:22] [INFO] [telegram_bot:84] - Telegram Notifier siap dalam mode Live.
[2026-10-05 11:32:23] [INFO] [telegram_bot:84] - Telegram Notifier siap dalam mode Live.
[2026-10-05 11:32:32] [INFO] [fetcher:179] - Sukses mengambil 100 bar Spot Gold langsung dari terminal MT5 (XAUUSDc).
[2026-10-05 11:32:32] [INFO] [storage:329] - Berhasil menyimpan 100 baris data OHLCV untuk XAUUSD (15m).
[2026-10-05 11:32:47] [INFO] [fetcher:179] - Sukses mengambil 100 bar Spot Gold langsung dari terminal MT5 (XAUUSDc).
[2026-10-05 11:32:47] [INFO] [storage:329] - Berhasil menyimpan 100 baris data OHLCV untuk XAUUSD (15m).
[2026-10-05 11:32:55] [INFO] [telegram_bot:84] - Telegram Notifier siap dalam mode Live.
[2026-10-05 11:32:57] [INFO] [telegram_bot:363] - Dokumen D:\bot saham\member_copier.zip berhasil terkirim ke Telegram (8301678027).
[2026-10-05 11:32:58] [INFO] [telegram_bot:363] - Dokumen D:\bot saham\member_copier.zip berhasil terkirim ke Telegram (7170889507).
[2026-10-05 11:33:00] [INFO] [telegram_bot:363] - Dokumen D:\bot saham\member_copier.zip berhasil terkirim ke Telegram (8754997836).
[2026-10-05 11:33:02] [INFO] [fetcher:179] - Sukses mengambil 100 bar Spot Gold langsung dari terminal MT5 (XAUUSDc).
[2026-10-05 11:33:02] [INFO] [fetcher:179] - Sukses mengambil 100 bar Spot Gold langsung dari terminal MT5 (XAUUSDc).
[2026-10-05 11:33:02] [INFO] [storage:329] - Berhasil menyimpan 100 baris data OHLCV untuk XAUUSD (15m).
[2026-10-05 11:33:02] [INFO] [storage:329] - Berhasil menyimpan 100 baris data OHLCV untuk XAUUSD (15m).
[2026-10-05 11:33:03] [INFO] [auto_updater:218] - 🚀 Terdeteksi kodingan lokal berubah (c14fa83 -> a6b80e6). Me-restart proses bot...
[2026-10-05 11:33:03] [INFO] [auto_updater:160] - 🔄 Me-restart proses bot Master agar kode terbaru langsung aktif...
[2026-10-05 11:33:05] [INFO] [telegram_bot:84] - Telegram Notifier siap dalam mode Live.
[2026-10-05 11:33:05] [INFO] [main:291] - Git Auto-Puller aktif: memeriksa commit origin/main tiap 5 menit.
[2026-10-05 11:33:05] [INFO] [main:294] - BackgroundScheduler aktif (interval: 15m, news: 1m, MT5 watcher: 15s LIVE, git auto-pull: 5m).
[2026-10-05 11:33:05] [INFO] [telegram_bot:84] - Telegram Notifier siap dalam mode Live.
[2026-10-05 11:33:05] [INFO] [main:318] - Telegram Bot Polling listener berjalan di main thread...
[2026-10-05 11:33:05] [INFO] [economic_calendar:123] - Berhasil mengunduh 79 event dari Forex Factory.
[2026-10-05 11:33:05] [INFO] [economic_calendar:305] - Kalender ekonomi berhasil disinkronisasi: 10 event tersimpan.
[2026-10-05 11:33:05] [INFO] [scheduler:174] - === Memulai Siklus Pipeline Analisis Saham & Komoditas ===
[2026-10-05 11:33:05] [INFO] [mt5_bridge:91] - MT5Bridge diinisialisasi. Enabled: True, Hours: all, Platform: win32, Lib Available: True
[2026-10-05 11:33:05] [INFO] [mt5_bridge:106] - Ditemukan instalasi terminal MT5 di: C:\Program Files\MetaTrader 5\terminal64.exe
[2026-10-05 11:33:05] [INFO] [mt5_bridge:508] - Koneksi MT5 aktif! Akun #114202389 (HFMarketsGlobal-Live7 - Real | Cent (USC)) | Saldo: 101.72 USC (~ $1.02 USD)
[2026-10-05 11:33:05] [INFO] [telegram_bot:84] - Telegram Notifier siap dalam mode Live.
[2026-10-05 11:33:06] [INFO] [fetcher:179] - Sukses mengambil 100 bar Spot Gold langsung dari terminal MT5 (XAUUSDc).
[2026-10-05 11:33:06] [INFO] [storage:329] - Berhasil menyimpan 100 baris data OHLCV untuk XAUUSD (15m).
[2026-10-05 11:33:06] [INFO] [scheduler:182] - Status Pasar: IDX=TUTUP | GOLD=BUKA
[2026-10-05 11:33:06] [INFO] [scheduler:203] - Mode Trading: INTRADAY (Interval: 15m, Watchlist: 28)
[2026-10-05 11:33:06] [INFO] [scheduler:238] - Memproses XAUUSD...
[2026-10-05 11:33:06] [INFO] [fetcher:179] - Sukses mengambil 100 bar Spot Gold langsung dari terminal MT5 (XAUUSDc).
[2026-10-05 11:33:06] [INFO] [storage:329] - Berhasil menyimpan 100 baris data OHLCV untuk XAUUSD (15m).
[2026-10-05 11:33:06] [INFO] [fetcher:179] - Sukses mengambil 100 bar Spot Gold langsung dari terminal MT5 (XAUUSDc).
[2026-10-05 11:33:06] [INFO] [storage:329] - Berhasil menyimpan 100 baris data OHLCV untuk XAUUSD (15m).
[2026-10-05 11:33:06] [INFO] [scheduler:613] - === Pipeline Selesai: 1 saham diproses, 0 sinyal aktif, 0 notifikasi terkirim ===
[2026-10-05 11:33:08] [INFO] [main:225] - 🔄 Terdeteksi instance bot lama (PID 2784). Menutup instance lama agar proses baru mengambil alih...
[2026-10-05 11:33:08] [INFO] [telegram_bot:84] - Telegram Notifier siap dalam mode Live.
[2026-10-05 11:33:08] [INFO] [main:291] - Git Auto-Puller aktif: memeriksa commit origin/main tiap 5 menit.
[2026-10-05 11:33:08] [INFO] [main:294] - BackgroundScheduler aktif (interval: 15m, news: 1m, MT5 watcher: 15s LIVE, git auto-pull: 5m).
[2026-10-05 11:33:08] [INFO] [telegram_bot:84] - Telegram Notifier siap dalam mode Live.
[2026-10-05 11:33:08] [INFO] [main:318] - Telegram Bot Polling listener berjalan di main thread...
[2026-10-05 11:33:08] [INFO] [economic_calendar:123] - Berhasil mengunduh 79 event dari Forex Factory.
[2026-10-05 11:33:08] [INFO] [economic_calendar:305] - Kalender ekonomi berhasil disinkronisasi: 10 event tersimpan.
[2026-10-05 11:33:08] [INFO] [scheduler:174] - === Memulai Siklus Pipeline Analisis Saham & Komoditas ===
[2026-10-05 11:33:08] [INFO] [mt5_bridge:91] - MT5Bridge diinisialisasi. Enabled: True, Hours: all, Platform: win32, Lib Available: True
[2026-10-05 11:33:08] [INFO] [mt5_bridge:106] - Ditemukan instalasi terminal MT5 di: C:\Program Files\MetaTrader 5\terminal64.exe
[2026-10-05 11:33:08] [INFO] [mt5_bridge:508] - Koneksi MT5 aktif! Akun #114202389 (HFMarketsGlobal-Live7 - Real | Cent (USC)) | Saldo: 101.72 USC (~ $1.02 USD)
[2026-10-05 11:33:08] [INFO] [telegram_bot:84] - Telegram Notifier siap dalam mode Live.
[2026-10-05 11:33:09] [INFO] [fetcher:179] - Sukses mengambil 100 bar Spot Gold langsung dari terminal MT5 (XAUUSDc).
[2026-10-05 11:33:09] [INFO] [storage:329] - Berhasil menyimpan 100 baris data OHLCV untuk XAUUSD (15m).
[2026-10-05 11:33:09] [INFO] [scheduler:182] - Status Pasar: IDX=TUTUP | GOLD=BUKA
[2026-10-05 11:33:09] [INFO] [scheduler:203] - Mode Trading: INTRADAY (Interval: 15m, Watchlist: 28)
[2026-10-05 11:33:09] [INFO] [scheduler:238] - Memproses XAUUSD...
[2026-10-05 11:33:09] [INFO] [fetcher:179] - Sukses mengambil 100 bar Spot Gold langsung dari terminal MT5 (XAUUSDc).
[2026-10-05 11:33:09] [INFO] [storage:329] - Berhasil menyimpan 100 baris data OHLCV untuk XAUUSD (15m).
[2026-10-05 11:33:09] [INFO] [fetcher:179] - Sukses mengambil 100 bar Spot Gold langsung dari terminal MT5 (XAUUSDc).
[2026-10-05 11:33:09] [INFO] [storage:329] - Berhasil menyimpan 100 baris data OHLCV untuk XAUUSD (15m).
[2026-10-05 11:33:09] [INFO] [scheduler:613] - === Pipeline Selesai: 1 saham diproses, 0 sinyal aktif, 0 notifikasi terkirim ===
[2026-10-05 11:33:24] [INFO] [fetcher:179] - Sukses mengambil 100 bar Spot Gold langsung dari terminal MT5 (XAUUSDc).
[2026-10-05 11:33:24] [INFO] [storage:329] - Berhasil menyimpan 100 baris data OHLCV untuk XAUUSD (15m).
[2026-10-05 11:33:38] [INFO] [fetcher:179] - Sukses mengambil 100 bar Spot Gold langsung dari terminal MT5 (XAUUSDc).
[2026-10-05 11:33:38] [INFO] [storage:329] - Berhasil menyimpan 100 baris data OHLCV untuk XAUUSD (15m).
[2026-10-05 11:33:53] [INFO] [fetcher:179] - Sukses mengambil 100 bar Spot Gold langsung dari terminal MT5 (XAUUSDc).
[2026-10-05 11:33:53] [INFO] [storage:329] - Berhasil menyimpan 100 baris data OHLCV untuk XAUUSD (15m).
[2026-10-05 11:34:08] [INFO] [fetcher:179] - Sukses mengambil 100 bar Spot Gold langsung dari terminal MT5 (XAUUSDc).
[2026-10-05 11:34:08] [INFO] [fetcher:179] - Sukses mengambil 100 bar Spot Gold langsung dari terminal MT5 (XAUUSDc).
[2026-10-05 11:34:08] [INFO] [storage:329] - Berhasil menyimpan 100 baris data OHLCV untuk XAUUSD (15m).
[2026-10-05 11:34:08] [INFO] [storage:329] - Berhasil menyimpan 100 baris data OHLCV untuk XAUUSD (15m).
[2026-10-05 11:34:23] [INFO] [fetcher:179] - Sukses mengambil 100 bar Spot Gold langsung dari terminal MT5 (XAUUSDc).
[2026-10-05 11:34:23] [INFO] [storage:329] - Berhasil menyimpan 100 baris data OHLCV untuk XAUUSD (15m).
[2026-10-05 11:34:38] [INFO] [fetcher:179] - Sukses mengambil 100 bar Spot Gold langsung dari terminal MT5 (XAUUSDc).
[2026-10-05 11:34:38] [INFO] [storage:329] - Berhasil menyimpan 100 baris data OHLCV untuk XAUUSD (15m).
[2026-10-05 11:34:53] [INFO] [fetcher:179] - Sukses mengambil 100 bar Spot Gold langsung dari terminal MT5 (XAUUSDc).
[2026-10-05 11:34:53] [INFO] [storage:329] - Berhasil menyimpan 100 baris data OHLCV untuk XAUUSD (15m).
[2026-10-05 11:35:08] [INFO] [fetcher:179] - Sukses mengambil 100 bar Spot Gold langsung dari terminal MT5 (XAUUSDc).
[2026-10-05 11:35:08] [INFO] [fetcher:179] - Sukses mengambil 100 bar Spot Gold langsung dari terminal MT5 (XAUUSDc).
[2026-10-05 11:35:08] [INFO] [storage:329] - Berhasil menyimpan 100 baris data OHLCV untuk XAUUSD (15m).
[2026-10-05 11:35:08] [INFO] [storage:329] - Berhasil menyimpan 100 baris data OHLCV untuk XAUUSD (15m).
[2026-10-05 11:35:23] [INFO] [fetcher:179] - Sukses mengambil 100 bar Spot Gold langsung dari terminal MT5 (XAUUSDc).
[2026-10-05 11:35:23] [INFO] [storage:329] - Berhasil menyimpan 100 baris data OHLCV untuk XAUUSD (15m).
[2026-10-05 11:35:38] [INFO] [fetcher:179] - Sukses mengambil 100 bar Spot Gold langsung dari terminal MT5 (XAUUSDc).
[2026-10-05 11:35:38] [INFO] [storage:329] - Berhasil menyimpan 100 baris data OHLCV untuk XAUUSD (15m).
[2026-10-05 11:35:53] [INFO] [fetcher:179] - Sukses mengambil 100 bar Spot Gold langsung dari terminal MT5 (XAUUSDc).
[2026-10-05 11:35:53] [INFO] [storage:329] - Berhasil menyimpan 100 baris data OHLCV untuk XAUUSD (15m).
[2026-10-05 11:36:08] [INFO] [fetcher:179] - Sukses mengambil 100 bar Spot Gold langsung dari terminal MT5 (XAUUSDc).
[2026-10-05 11:36:08] [INFO] [fetcher:179] - Sukses mengambil 100 bar Spot Gold langsung dari terminal MT5 (XAUUSDc).
[2026-10-05 11:36:08] [INFO] [storage:329] - Berhasil menyimpan 100 baris data OHLCV untuk XAUUSD (15m).
[2026-10-05 11:36:08] [INFO] [storage:329] - Berhasil menyimpan 100 baris data OHLCV untuk XAUUSD (15m).
[2026-10-05 11:36:23] [INFO] [fetcher:179] - Sukses mengambil 100 bar Spot Gold langsung dari terminal MT5 (XAUUSDc).
[2026-10-05 11:36:23] [INFO] [storage:329] - Berhasil menyimpan 100 baris data OHLCV untuk XAUUSD (15m).
[2026-10-05 11:36:38] [INFO] [fetcher:179] - Sukses mengambil 100 bar Spot Gold langsung dari terminal MT5 (XAUUSDc).
[2026-10-05 11:36:38] [INFO] [storage:329] - Berhasil menyimpan 100 baris data OHLCV untuk XAUUSD (15m).
[2026-10-05 11:36:53] [INFO] [fetcher:179] - Sukses mengambil 100 bar Spot Gold langsung dari terminal MT5 (XAUUSDc).
[2026-10-05 11:36:53] [INFO] [storage:329] - Berhasil menyimpan 100 baris data OHLCV untuk XAUUSD (15m).
[2026-10-05 11:37:08] [INFO] [fetcher:179] - Sukses mengambil 100 bar Spot Gold langsung dari terminal MT5 (XAUUSDc).
[2026-10-05 11:37:08] [INFO] [fetcher:179] - Sukses mengambil 100 bar Spot Gold langsung dari terminal MT5 (XAUUSDc).
[2026-10-05 11:37:08] [INFO] [storage:329] - Berhasil menyimpan 100 baris data OHLCV untuk XAUUSD (15m).
[2026-10-05 11:37:08] [INFO] [storage:329] - Berhasil menyimpan 100 baris data OHLCV untuk XAUUSD (15m).
[2026-10-05 11:37:23] [INFO] [fetcher:179] - Sukses mengambil 100 bar Spot Gold langsung dari terminal MT5 (XAUUSDc).
[2026-10-05 11:37:23] [INFO] [storage:329] - Berhasil menyimpan 100 baris data OHLCV untuk XAUUSD (15m).
[2026-10-05 11:37:38] [INFO] [fetcher:179] - Sukses mengambil 100 bar Spot Gold langsung dari terminal MT5 (XAUUSDc).
[2026-10-05 11:37:38] [INFO] [storage:329] - Berhasil menyimpan 100 baris data OHLCV untuk XAUUSD (15m).
[2026-10-05 11:37:53] [INFO] [fetcher:179] - Sukses mengambil 100 bar Spot Gold langsung dari terminal MT5 (XAUUSDc).
[2026-10-05 11:37:53] [INFO] [storage:329] - Berhasil menyimpan 100 baris data OHLCV untuk XAUUSD (15m).
[2026-10-05 11:38:08] [INFO] [fetcher:179] - Sukses mengambil 100 bar Spot Gold langsung dari terminal MT5 (XAUUSDc).
[2026-10-05 11:38:08] [INFO] [fetcher:179] - Sukses mengambil 100 bar Spot Gold langsung dari terminal MT5 (XAUUSDc).
[2026-10-05 11:38:08] [INFO] [storage:329] - Berhasil menyimpan 100 baris data OHLCV untuk XAUUSD (15m).
[2026-10-05 11:38:08] [INFO] [storage:329] - Berhasil menyimpan 100 baris data OHLCV untuk XAUUSD (15m).
[2026-10-05 11:38:23] [INFO] [fetcher:179] - Sukses mengambil 100 bar Spot Gold langsung dari terminal MT5 (XAUUSDc).
[2026-10-05 11:38:23] [INFO] [storage:329] - Berhasil menyimpan 100 baris data OHLCV untuk XAUUSD (15m).
[2026-10-05 11:38:38] [INFO] [fetcher:179] - Sukses mengambil 100 bar Spot Gold langsung dari terminal MT5 (XAUUSDc).
[2026-10-05 11:38:38] [INFO] [storage:329] - Berhasil menyimpan 100 baris data OHLCV untuk XAUUSD (15m).
[2026-10-05 11:38:53] [INFO] [fetcher:179] - Sukses mengambil 100 bar Spot Gold langsung dari terminal MT5 (XAUUSDc).
[2026-10-05 11:38:53] [INFO] [storage:329] - Berhasil menyimpan 100 baris data OHLCV untuk XAUUSD (15m).
[2026-10-05 11:39:08] [INFO] [fetcher:179] - Sukses mengambil 100 bar Spot Gold langsung dari terminal MT5 (XAUUSDc).
[2026-10-05 11:39:08] [INFO] [fetcher:179] - Sukses mengambil 100 bar Spot Gold langsung dari terminal MT5 (XAUUSDc).
[2026-10-05 11:39:08] [INFO] [storage:329] - Berhasil menyimpan 100 baris data OHLCV untuk XAUUSD (15m).
[2026-10-05 11:39:08] [INFO] [storage:329] - Berhasil menyimpan 100 baris data OHLCV untuk XAUUSD (15m).
[2026-10-05 11:39:24] [INFO] [fetcher:179] - Sukses mengambil 100 bar Spot Gold langsung dari terminal MT5 (XAUUSDc).
[2026-10-05 11:39:24] [INFO] [storage:329] - Berhasil menyimpan 100 baris data OHLCV untuk XAUUSD (15m).
[2026-10-05 11:39:38] [INFO] [fetcher:179] - Sukses mengambil 100 bar Spot Gold langsung dari terminal MT5 (XAUUSDc).
[2026-10-05 11:39:38] [INFO] [storage:329] - Berhasil menyimpan 100 baris data OHLCV untuk XAUUSD (15m).
[2026-10-05 11:39:53] [INFO] [fetcher:179] - Sukses mengambil 100 bar Spot Gold langsung dari terminal MT5 (XAUUSDc).
[2026-10-05 11:39:53] [INFO] [storage:329] - Berhasil menyimpan 100 baris data OHLCV untuk XAUUSD (15m).
[2026-10-05 11:40:08] [INFO] [fetcher:179] - Sukses mengambil 100 bar Spot Gold langsung dari terminal MT5 (XAUUSDc).
[2026-10-05 11:40:08] [INFO] [fetcher:179] - Sukses mengambil 100 bar Spot Gold langsung dari terminal MT5 (XAUUSDc).
[2026-10-05 11:40:08] [INFO] [storage:329] - Berhasil menyimpan 100 baris data OHLCV untuk XAUUSD (15m).
[2026-10-05 11:40:09] [INFO] [storage:329] - Berhasil menyimpan 100 baris data OHLCV untuk XAUUSD (15m).
[2026-10-05 11:40:23] [INFO] [fetcher:179] - Sukses mengambil 100 bar Spot Gold langsung dari terminal MT5 (XAUUSDc).
[2026-10-05 11:40:23] [INFO] [storage:329] - Berhasil menyimpan 100 baris data OHLCV untuk XAUUSD (15m).
[2026-10-05 11:40:38] [INFO] [fetcher:179] - Sukses mengambil 100 bar Spot Gold langsung dari terminal MT5 (XAUUSDc).
[2026-10-05 11:40:38] [INFO] [storage:329] - Berhasil menyimpan 100 baris data OHLCV untuk XAUUSD (15m).
[2026-10-05 11:40:53] [INFO] [fetcher:179] - Sukses mengambil 100 bar Spot Gold langsung dari terminal MT5 (XAUUSDc).
[2026-10-05 11:40:53] [INFO] [storage:329] - Berhasil menyimpan 100 baris data OHLCV untuk XAUUSD (15m).
[2026-10-05 11:41:08] [INFO] [fetcher:179] - Sukses mengambil 100 bar Spot Gold langsung dari terminal MT5 (XAUUSDc).
[2026-10-05 11:41:08] [INFO] [fetcher:179] - Sukses mengambil 100 bar Spot Gold langsung dari terminal MT5 (XAUUSDc).
[2026-10-05 11:41:08] [INFO] [storage:329] - Berhasil menyimpan 100 baris data OHLCV untuk XAUUSD (15m).
[2026-10-05 11:41:08] [INFO] [storage:329] - Berhasil menyimpan 100 baris data OHLCV untuk XAUUSD (15m).
[2026-10-05 11:41:23] [INFO] [fetcher:179] - Sukses mengambil 100 bar Spot Gold langsung dari terminal MT5 (XAUUSDc).
[2026-10-05 11:41:23] [INFO] [storage:329] - Berhasil menyimpan 100 baris data OHLCV untuk XAUUSD (15m).
[2026-10-05 11:41:33] [INFO] [fetcher:179] - Sukses mengambil 100 bar Spot Gold langsung dari terminal MT5 (XAUUSDc).
[2026-10-05 11:41:33] [INFO] [storage:329] - Berhasil menyimpan 100 baris data OHLCV untuk XAUUSD (15m).
[2026-10-05 11:41:34] [INFO] [chart_generator:492] - Berhasil membuat chart visual TradingView: data\charts\chart_XAUUSD_15m_20261005_114133_61.png
[2026-10-05 11:41:38] [INFO] [fetcher:179] - Sukses mengambil 100 bar Spot Gold langsung dari terminal MT5 (XAUUSDc).
[2026-10-05 11:41:38] [INFO] [storage:329] - Berhasil menyimpan 100 baris data OHLCV untuk XAUUSD (15m).
[2026-10-05 11:41:53] [INFO] [fetcher:179] - Sukses mengambil 100 bar Spot Gold langsung dari terminal MT5 (XAUUSDc).
[2026-10-05 11:41:53] [INFO] [storage:329] - Berhasil menyimpan 100 baris data OHLCV untuk XAUUSD (15m).
[2026-10-05 11:42:08] [INFO] [fetcher:179] - Sukses mengambil 100 bar Spot Gold langsung dari terminal MT5 (XAUUSDc).
[2026-10-05 11:42:08] [INFO] [storage:329] - Berhasil menyimpan 100 baris data OHLCV untuk XAUUSD (15m).
[2026-10-05 11:42:08] [INFO] [fetcher:179] - Sukses mengambil 100 bar Spot Gold langsung dari terminal MT5 (XAUUSDc).
[2026-10-05 11:42:08] [INFO] [storage:329] - Berhasil menyimpan 100 baris data OHLCV untuk XAUUSD (15m).
[2026-10-05 11:42:23] [INFO] [fetcher:179] - Sukses mengambil 100 bar Spot Gold langsung dari terminal MT5 (XAUUSDc).
[2026-10-05 11:42:23] [INFO] [storage:329] - Berhasil menyimpan 100 baris data OHLCV untuk XAUUSD (15m).
[2026-10-05 11:42:38] [INFO] [fetcher:179] - Sukses mengambil 100 bar Spot Gold langsung dari terminal MT5 (XAUUSDc).
[2026-10-05 11:42:38] [INFO] [storage:329] - Berhasil menyimpan 100 baris data OHLCV untuk XAUUSD (15m).
[2026-10-05 11:42:53] [INFO] [fetcher:179] - Sukses mengambil 100 bar Spot Gold langsung dari terminal MT5 (XAUUSDc).
[2026-10-05 11:42:53] [INFO] [storage:329] - Berhasil menyimpan 100 baris data OHLCV untuk XAUUSD (15m).
[2026-10-05 11:43:08] [INFO] [fetcher:179] - Sukses mengambil 100 bar Spot Gold langsung dari terminal MT5 (XAUUSDc).
[2026-10-05 11:43:08] [INFO] [fetcher:179] - Sukses mengambil 100 bar Spot Gold langsung dari terminal MT5 (XAUUSDc).
[2026-10-05 11:43:08] [INFO] [storage:329] - Berhasil menyimpan 100 baris data OHLCV untuk XAUUSD (15m).
[2026-10-05 11:43:08] [INFO] [storage:329] - Berhasil menyimpan 100 baris data OHLCV untuk XAUUSD (15m).
[2026-10-05 11:43:24] [INFO] [fetcher:179] - Sukses mengambil 100 bar Spot Gold langsung dari terminal MT5 (XAUUSDc).
[2026-10-05 11:43:24] [INFO] [storage:329] - Berhasil menyimpan 100 baris data OHLCV untuk XAUUSD (15m).
[2026-10-05 11:43:38] [INFO] [fetcher:179] - Sukses mengambil 100 bar Spot Gold langsung dari terminal MT5 (XAUUSDc).
[2026-10-05 11:43:38] [INFO] [storage:329] - Berhasil menyimpan 100 baris data OHLCV untuk XAUUSD (15m).
[2026-10-05 11:43:53] [INFO] [fetcher:179] - Sukses mengambil 100 bar Spot Gold langsung dari terminal MT5 (XAUUSDc).
[2026-10-05 11:43:53] [INFO] [storage:329] - Berhasil menyimpan 100 baris data OHLCV untuk XAUUSD (15m).
[2026-10-05 11:44:08] [INFO] [fetcher:179] - Sukses mengambil 100 bar Spot Gold langsung dari terminal MT5 (XAUUSDc).
[2026-10-05 11:44:08] [INFO] [fetcher:179] - Sukses mengambil 100 bar Spot Gold langsung dari terminal MT5 (XAUUSDc).
[2026-10-05 11:44:08] [INFO] [storage:329] - Berhasil menyimpan 100 baris data OHLCV untuk XAUUSD (15m).
[2026-10-05 11:44:08] [INFO] [storage:329] - Berhasil menyimpan 100 baris data OHLCV untuk XAUUSD (15m).
[2026-10-05 11:44:23] [INFO] [fetcher:179] - Sukses mengambil 100 bar Spot Gold langsung dari terminal MT5 (XAUUSDc).
[2026-10-05 11:44:23] [INFO] [storage:329] - Berhasil menyimpan 100 baris data OHLCV untuk XAUUSD (15m).
[2026-10-05 11:44:38] [INFO] [fetcher:179] - Sukses mengambil 100 bar Spot Gold langsung dari terminal MT5 (XAUUSDc).
[2026-10-05 11:44:38] [INFO] [storage:329] - Berhasil menyimpan 100 baris data OHLCV untuk XAUUSD (15m).
[2026-10-05 11:44:53] [INFO] [fetcher:179] - Sukses mengambil 100 bar Spot Gold langsung dari terminal MT5 (XAUUSDc).
[2026-10-05 11:44:53] [INFO] [storage:329] - Berhasil menyimpan 100 baris data OHLCV untuk XAUUSD (15m).
[2026-10-05 11:45:08] [INFO] [fetcher:179] - Sukses mengambil 100 bar Spot Gold langsung dari terminal MT5 (XAUUSDc).
[2026-10-05 11:45:08] [INFO] [fetcher:179] - Sukses mengambil 100 bar Spot Gold langsung dari terminal MT5 (XAUUSDc).
[2026-10-05 11:45:08] [INFO] [storage:329] - Berhasil menyimpan 100 baris data OHLCV untuk XAUUSD (15m).
[2026-10-05 11:45:08] [INFO] [storage:329] - Berhasil menyimpan 100 baris data OHLCV untuk XAUUSD (15m).
[2026-10-05 11:45:23] [INFO] [fetcher:179] - Sukses mengambil 100 bar Spot Gold langsung dari terminal MT5 (XAUUSDc).
[2026-10-05 11:45:23] [INFO] [storage:329] - Berhasil menyimpan 100 baris data OHLCV untuk XAUUSD (15m).
[2026-10-05 11:45:38] [INFO] [fetcher:179] - Sukses mengambil 100 bar Spot Gold langsung dari terminal MT5 (XAUUSDc).
[2026-10-05 11:45:38] [INFO] [storage:329] - Berhasil menyimpan 100 baris data OHLCV untuk XAUUSD (15m).
[2026-10-05 11:45:44] [INFO] [mt5_bridge:91] - MT5Bridge diinisialisasi. Enabled: True, Hours: all, Platform: win32, Lib Available: True
[2026-10-05 11:45:44] [INFO] [mt5_bridge:239] - 🔄 [AUTO-RECONNECT] Koneksi IPC MT5 terputus. Menginisialisasi ulang...
[2026-10-05 11:45:44] [INFO] [mt5_bridge:106] - Ditemukan instalasi terminal MT5 di: C:\Program Files\MetaTrader 5\terminal64.exe
[2026-10-05 11:45:44] [INFO] [mt5_bridge:508] - Koneksi MT5 aktif! Akun #114202389 (HFMarketsGlobal-Live7 - Real | Cent (USC)) | Saldo: 101.72 USC (~ $1.02 USD)
